tweet_id,created_at,username,text,retweet_count,favorite_count,lang,hashtags,mentions,urls,user_followers,user_location,is_retweet,sentiment
900000000000000000,Sun Mar 08 04:47:56 +0000 2026,trylinehero1992_974,"That performance from Ireland was class from start to finish, 14 points and never looked back 🎉 #RugbyUnion #SixNations https://example.net/highlights-reel",227,602,en,RugbyUnion;SixNations,,https://example.net/highlights-reel,2463,Cardiff,False,Positive
900000000000000001,Mon Mar 02 19:26:05 +0000 2026,sidestep15_213,Why does England keep giving away penalties in their own half against Ireland?? #England,96,116,fr,England,RugbyRoundupHQ,,3439,Milan,False,Neutral
900000000000000002,Sun Mar 08 17:46:51 +0000 2026,fullback_fanofficial_489,"Coach Delaney needs to explain this England performance, nowhere near good enough enough vs Wales 😡 unreal #Wales #Rugby #SixNations https://example.com/rugby-report",34,128,en,Wales;Rugby;SixNations,,https://example.com/rugby-report,5854,Leeds,False,Negative
900000000000000003,Wed Feb 18 08:42:09 +0000 2026,mauling_it_799,My prediction: Wales 18 - 6 England. Should be a cracking match #Wales #MatchDay,6,332,en,Wales;MatchDay,,,3235,London,False,Neutral
900000000000000004,Sun Feb 22 03:56:13 +0000 2026,scrumtime_uk_136,"RT @TryLineTalk: So disappointed watching Ireland today, Scotland deserved that win comfortably 🙄 #SixNations",241,364,en,SixNations,,,2144,Glasgow,True,Neutral
900000000000000005,Wed Feb 18 15:19:38 +0000 2026,the_terraceofficial_870,REILLY WITH A MASSIVE TRY IN THE CORNER!! SCOTLAND FANS ARE BUZZING RIGHT RIGHT NOW 🙌 #rugby,319,730,en,rugby,,,4258,Dublin,False,Positive
900000000000000006,Fri Feb 13 07:31:18 +0000 2026,penaltykicker747_20,"RT @TryLineTalk: Full time: Italy 10 - 20 England. What a match, Italy deserved every point 🏉 #Italy #England #MatchDay #SixNations",61,538,en,Italy;England;MatchDay;SixNations,,,3497,,True,Positive
900000000000000007,Sun Feb 22 09:46:30 +0000 2026,conversion_official_9,RT @TryLineTalk: Referee for Ireland vs Italy confirmed as part of the officiating panel this round. #Italy #IREvENG,139,64,it,Italy;IREvENG,,,2532,Bristol,True,Neutral
900000000000000008,Wed Feb 18 10:03:30 +0000 2026,match_watcher189_608,RT @SixNationsChat: Anyone know why O'Connor isn't starting for Ireland today?? unreal @ScrumCastPod,44,150,en,Wales;IREvENG;PitchsideView,ScrumCastPod,,1688,Leeds,True,Neutral
900000000000000009,Sun Feb 15 18:54:14 +0000 2026,trylinehero__773,"The Wales defence has been immense this championship, barely conceding a try 🏆 #ENGvWAL https://example.com/stats/tries",98,293,en,ENGvWAL,,https://example.com/stats/tries,8285,Nice,False,Positive
900000000000000010,Sun Feb 08 11:29:45 +0000 2026,fullback_fan2001_923,"Full Full time: France 31 - 29 England. Rough night for France, defence was shocking 🙄 #France",40,139,en,France,,,10902,,False,Negative
900000000000000011,Tue Mar 03 23:13:03 +0000 2026,wingwizard2005_400,"Coach Delaney has turned this England team around completely, brilliant tactics against France 👏",253,727,en,England;SixNations,,,7020,Rome,False,Positive
900000000000000012,Mon Mar 09 05:39:55 +0000 2026,rugbyfan_uk_657,"Best Scotland performance in years, that co-ordinated attack ripped Ireland apart 🙌 #Scotland #Ireland #SixNations",212,400,en,Scotland;Ireland;SixNations,,,5158,Edinburgh,False,Positive
900000000000000013,Sun Feb 08 09:54:53 +0000 2026,the_terrace__257,RT @PitchsideNews: Official: kickoff time confirmed for Ireland vs England at Murrayfield. #Ireland,71,209,en,Ireland,,,1919,Nice,True,Neutral
900000000000000014,Tue Mar 10 13:09:20 +0000 2026,ovalball_178,RT @PitchsideNews: What's the team news for England England vs France this weekend? Anyone seen the lineup? #France #Rugby,18,196,en,France;Rugby,,,7021,Cardiff,True,Neutral
900000000000000015,Wed Feb 11 11:26:48 +0000 2026,touchline_talk_490,Ticket prices for the England vs France fixture at Stade de France released today.,153,285,en,England;MatchDay;rugby;WALvSCO,,,3039,Limerick,False,Neutral
900000000000000016,Sat Feb 07 07:35:55 +0000 2026,the_terrace328_7,France confirm ticket sales for Scotland clash open this Friday. #France #CrunchTime,122,375,en,France;CrunchTime,,,8712,Bristol,False,Neutral
900000000000000017,Wed Feb 18 05:44:58 +0000 2026,ovalball__983,Why does Ireland keep giving away penalties in their own half against Italy?? #TeamOfUs,166,185,en,TeamOfUs,,,6152,Leeds,False,Neutral
900000000000000018,Thu Feb 12 17:22:26 +0000 2026,penaltykicker_uk_483,"RT @SixNationsChat: Italy defence today: come on in, the door's open lol 😍 #Wales #SixNations",162,258,en,Wales;SixNations,,,4482,Cork,True,Neutral
900000000000000019,Tue Mar 10 11:21:10 +0000 2026,the_terrace__269,"France 1 - 0 doubters. What a win against Ireland, championship dream still alive 😍 #France #Ireland #Rugby",462,212,en,France;Ireland;Rugby,,,51973,Nice,False,Positive
900000000000000020,Mon Feb 16 15:11:50 +0000 2026,flyhalf_195_499,Ireland confirm ticket sales for France clash open this Friday. #Rugby #RugbyUnion @SixNationsChat,35,50,en,Rugby;RugbyUnion,SixNationsChat,,2428,London,False,Neutral
900000000000000021,Sat Feb 28 22:05:58 +0000 2026,offload__ie_903,"Devastating result for Ireland fans, that final try from England in the last minute hurt 🙄 #Ireland #England https://example.com/rugby-report",73,319,en,Ireland;England,,https://example.com/rugby-report,10588,,False,Negative
900000000000000022,Sat Feb 28 11:18:29 +0000 2026,scrumtime_981,"Full time: England 16 - 31 France. What a match, England deserved every point 👏 #England",310,464,en,England,,,1568,Bristol,False,Positive
900000000000000023,Wed Mar 04 05:21:43 +0000 2026,conversion___780,What's the team news for France vs Ireland this weekend? Anyone seen the lineup? #France,186,41,en,France,,,13218,Glasgow,False,Neutral
900000000000000024,Mon Feb 09 15:04:46 +0000 2026,fullback_fan925_70,"Congratulations to Ireland on a brilliant win over Wales, the defence was rock solid all match 😍",92,489,en,Ireland;SCOvIRE,,,11023,Milan,False,Positive
900000000000000025,Wed Mar 11 00:51:46 +0000 2026,propforce_768,"So proud of this Italy team, that final try in the last minute was everything 🔥 #Rugby",400,580,it,Rugby,,,8533,Newcastle,False,Positive
900000000000000026,Sat Feb 14 05:44:46 +0000 2026,kickoffking_uk_443,"Full time: England 21 - 40 Wales. What a match, England deserved every point 🎉 #MatchDay @RugbyRoundupHQ",134,462,en,MatchDay,RugbyRoundupHQ,,21,Glasgow,False,Positive
900000000000000027,Wed Mar 04 06:16:19 +0000 2026,sidestep_30,"Full time: Ireland 17 - 40 Wales. Rough night for Ireland, defence was shocking 😢 #Wales #SixNations #Rugby",42,271,en,Wales;SixNations;Rugby,,,833,Limerick,False,Negative
900000000000000028,Sun Feb 15 20:21:05 +0000 2026,kickoffking_857,Is it just me or has Ireland attack been really flat this championship? proper mess #Ireland #SixNations #WALvSCO,108,219,en,Ireland;SixNations;WALvSCO,,,1293,Limerick,False,Neutral
900000000000000029,Tue Mar 10 01:14:15 +0000 2026,propforce_fr_626,RT @PitchsideNews: Ireland confirm ticket sales for Italy clash open this Friday. #Ireland #SixNations #MatchDay https://example.net/highlights-reel,38,18,en,Ireland;SixNations;MatchDay,,https://example.net/highlights-reel,10548,Edinburgh,True,Neutral
900000000000000030,Mon Feb 23 08:24:05 +0000 2026,touchline_talk1981_976,Half time score: Ireland 27 - 29 England. Tight game so far. #Ireland #rugby https://rugbynews.example.org/recap,160,124,it,Ireland;rugby,,https://rugbynews.example.org/recap,889,Swansea,False,Neutral
900000000000000031,Wed Mar 11 04:34:55 +0000 2026,rucknroll_178,"Coach Sutherland needs to explain this Wales performance, nowhere near good enough vs Ireland 😤 #Ireland @MaulZoneFC",25,117,en,Ireland,MaulZoneFC,,5743,Nice,False,Negative
900000000000000032,Sat Feb 07 00:56:33 +0000 2026,mauling_it_uk_151,"Terrible decision from the referee there, cost England the match against Scotland honestly 😡",34,176,en,England;Championship;ENGvFRA,,,6526,Glasgow,False,Negative
900000000000000033,Wed Mar 04 10:07:48 +0000 2026,trylinehero_ie_283,Pundits are split on whether Ireland or Italy will control possession today. #Ireland #SCOvIRE https://rugbynews.example.org/recap,19,45,en,Ireland;SCOvIRE,,https://rugbynews.example.org/recap,1510,Paris,False,Neutral
900000000000000034,Sat Feb 07 13:37:16 +0000 2026,kickoffking_uk_92,RT @PitchsideNews: Me pretending I understand the offside rule while watching Ireland vs England 👏 absolute unit #England #FinalWhistle,326,166,en,England;FinalWhistle,,,2792,Leeds,True,Positive
900000000000000035,Thu Mar 05 17:28:09 +0000 2026,rugbyfanofficial_110,"Absolutely gutted for Ireland, that defence completely fell apart against Scotland today 😩",190,29,en,SixNations,,,206,Leeds,False,Negative
900000000000000036,Tue Mar 10 07:36:54 +0000 2026,fullback_fan_ie_647,Dubois running faster from the ref than from Ireland's defence 🙌 #Wales #Ireland #ENGvFRA,312,322,en,Wales;Ireland;ENGvFRA,,,5312,Milan,False,Positive
900000000000000037,Mon Mar 02 12:57:33 +0000 2026,grandslamgal1983_77,"Best Wales performance in years, that co-ordinated attack ripped Ireland apart 🏉",195,164,en,Wales;Ireland;TeamOfUs,,,6649,Cork,False,Positive
900000000000000038,Tue Mar 10 23:08:32 +0000 2026,conversion__778,"Predicting a tight one between England and France, could go either way tbh #England #France #Championship https://example.net/highlights-reel",266,95,en,England;France;Championship,SixNationsChat,https://example.net/highlights-reel,2726,Cork,False,Neutral
900000000000000039,Fri Feb 06 23:15:16 +0000 2026,propforce_uk_727,"So proud of this Italy team, that final try in the last minute was everything 🙌 #GrandSlamWatch https://example.com/rugby-report",264,282,en,GrandSlamWatch,,https://example.com/rugby-report,6315,Manchester,False,Positive
900000000000000040,Fri Feb 20 19:51:05 +0000 2026,lineoutlegendofficial_314,"RT @PitchsideNews: Coach Harrington has turned this Wales team around completely, brilliant tactics against Ireland 🔥 #Wales #RugbyFamily",218,276,en,Wales;RugbyFamily,,,7310,Paris,True,Positive
900000000000000041,Sat Feb 28 15:14:55 +0000 2026,wingwizard__607,RT @TryLineTalk: Official: kickoff time confirmed for France vs Ireland at Principality Stadium. not gonna lie #CrunchTime @PitchsideNews,194,150,en,CrunchTime,PitchsideNews,,6897,Swansea,True,Neutral
900000000000000042,Sun Mar 08 05:03:25 +0000 2026,trylineheroofficial_678,"RT @RugbyRoundupHQ: The England defence has been immense this championship, barely conceding a try 👏 #England #SixNations",226,620,en,England;SixNations,RugbyRoundupHQ,,7833,Swansea,True,Positive
900000000000000043,Thu Feb 26 04:26:08 +0000 2026,mauling_it1980_715,"RT @PitchsideNews: So proud of this Ireland team, that final try in the last minute was everything 😍 #Ireland #England #rugby #RugbyFamily @RuckReportUK",134,106,en,Ireland;England;rugby;RugbyFamily,RuckReportUK,,10960,Nice,True,Positive
900000000000000044,Sat Feb 14 02:47:45 +0000 2026,fullback_fan_fr_597,"What a game!! Ireland absolutely dominated Scotland tonight, that attack was unreal 😍",310,309,en,,,,6390,Dublin,False,Positive
900000000000000045,Sun Mar 01 18:26:26 +0000 2026,trylinehero_55,Me pretending I understand the offside rule while watching Italy vs Scotland 🙌 #rugby #SixNations,318,470,en,rugby;SixNations,,,9784,Rome,False,Positive
900000000000000046,Sun Feb 22 23:11:31 +0000 2026,wingwizard1992_254,RT @PitchsideNews: Me pretending I understand the offside rule while watching Wales vs England 🏉 #England #rugby #SixNations,351,265,en,England;rugby;SixNations,,,12230,Cork,True,Positive
900000000000000047,Fri Mar 13 17:47:27 +0000 2026,penaltykickerofficial_762,"RT @SixNationsChat: France defence today: come on in, the door's open lol 😍 #Ireland @OvalBallDaily https://sixnations.example.net/live",237,643,fr,Ireland,OvalBallDaily,https://sixnations.example.net/live,2273,Cardiff,True,Positive
900000000000000048,Tue Feb 17 15:22:40 +0000 2026,wingwizard_ie_892,Pundits are split on whether Ireland or Wales will control possession today. #Wales #TeamOfUs https://example.org/match-highlights,9,25,en,Wales;TeamOfUs,,https://example.org/match-highlights,5312,Toulouse,False,Neutral
900000000000000049,Fri Feb 20 01:17:06 +0000 2026,match_watcher280_714,"What a game!! Scotland absolutely dominated Ireland tonight, that attack was unreal 👏 #Scotland #Ireland #rugby #IREvFRA",96,461,en,Scotland;Ireland;rugby;IREvFRA,,,154901,Manchester,False,Positive
900000000000000050,Tue Mar 03 03:37:50 +0000 2026,mauling_it_uk_724,"RT @SixNationsChat: Best Ireland performance in years, that co-ordinated attack ripped England apart 😍 #Ireland #SixNations",400,219,en,Ireland;SixNations,,,1428,Toulouse,True,Positive
900000000000000051,Wed Feb 11 08:53:48 +0000 2026,offload__fr_254,"RT @TryLineTalk: Congratulations to England on a brilliant win over France, the defence was rock solid all match 😍 #England #France #rugby #SixNations #WALvSCO",66,413,en,England;France;rugby;SixNations;WALvSCO,,,1884,Cork,True,Positive
900000000000000052,Tue Mar 10 10:17:38 +0000 2026,mauling_it880_338,Is it just me or has France attack been really flat this championship? #France #England #RugbyUnion #SCOvIRE @RugbyRoundupHQ,47,156,en,France;England;RugbyUnion;SCOvIRE,RugbyRoundupHQ,,235,Leeds,False,Neutral
900000000000000053,Sat Mar 07 16:21:55 +0000 2026,trylineheroofficial_499,"France defence today: come on in, the door's open lol 🙌 #France #England #MatchDay",334,367,en,France;England;MatchDay,,,4936,Paris,False,Positive
900000000000000054,Tue Mar 10 23:24:32 +0000 2026,fullback_fan517_530,RT @SixNationsChat: France confirm ticket sales for Scotland clash open this Friday. #France #Scotland,75,109,en,France;Scotland,,,2957,Leeds,True,Neutral
900000000000000055,Fri Mar 06 06:29:34 +0000 2026,the_terrace_611,"France defence today: come on in, the door's open lol 💪 #France #MatchDay https://example.net/highlights-reel",229,476,en,France;MatchDay,,https://example.net/highlights-reel,7634,Swansea,False,Positive
900000000000000056,Tue Feb 24 12:06:47 +0000 2026,ovalball_329,Referee for England vs Ireland confirmed as part of the officiating panel this round. #SixNations #ENGvFRA,108,38,en,SixNations;ENGvFRA,,,5393,Nice,False,Neutral
900000000000000057,Mon Feb 16 17:20:12 +0000 2026,match_watcher_253,"I reckon Scotland edge this by a converted try over Wales, defence will be key #Scotland #Wales",242,486,en,Scotland;Wales,,,5003,Edinburgh,False,Neutral
900000000000000058,Thu Feb 12 21:58:23 +0000 2026,offload_1987_340,"Lecomte missed another kick, England really struggling for points tonight 😩 #SCOvIRE @OvalBallDaily",21,467,en,SCOvIRE,OvalBallDaily,,3789,Milan,False,Negative
900000000000000059,Tue Feb 24 12:34:03 +0000 2026,sidestep233_212,Official: kickoff time confirmed for Scotland vs England at Stade de France. #RugbyUnion @RugbyRoundupHQ,193,140,en,RugbyUnion,RugbyRoundupHQ,,3721,Manchester,False,Neutral
900000000000000060,Wed Feb 18 21:06:10 +0000 2026,trylinehero_fr_841,"Absolute unit of a performance from the England pack today, dominating the breakdown 🙌 #France #SixNations #IREvENG #SixNations2026 @RuckReportUK",410,298,en,France;SixNations;IREvENG;SixNations2026,RuckReportUK,,5824,Milan,False,Positive
900000000000000061,Sun Mar 08 06:51:36 +0000 2026,mauling_it__287,"RT @TryLineTalk: So disappointed watching Ireland today, Wales deserved that win comfortably 😡 #Ireland #Championship #RugbyFamily @TryLineTalk",30,434,en,Ireland;Championship;RugbyFamily,TryLineTalk,,6324,London,True,Negative
900000000000000062,Wed Mar 11 04:09:31 +0000 2026,rugbyfan990_397,RT @RugbyRoundupHQ: BREAKING: Novak ruled out for Ireland with injury ahead of England match. #ENGvWAL @PitchsideNews,203,70,en,ENGvWAL,PitchsideNews,,4462,Edinburgh,True,Neutral
900000000000000063,Mon Feb 09 11:29:15 +0000 2026,trylinehero10_145,"That performance from England was class from start to finish, 21 points and never looked back 🏉 #SixNations",311,88,en,SixNations,,,3150,,False,Negative
900000000000000064,Wed Mar 11 11:59:24 +0000 2026,the_terrace_ie_604,"England lost the plot in the second half, Italy punished every single error 🙄 #England #Italy #Rugby",189,74,en,England;Italy;Rugby,,,2338,Paris,False,Negative
900000000000000065,Sat Feb 07 18:20:15 +0000 2026,mauling_it_564,Pundits are split on whether France or Wales will control possession today. #ENGvWAL,134,361,en,ENGvWAL,,,10156,Swansea,False,Neutral
900000000000000066,Sat Feb 14 14:26:42 +0000 2026,conversion_official_690,RT @PitchsideNews: Costa starts at fly-half for England this weekend against Italy. #England #FRAvITA,70,196,en,England;FRAvITA,,,5812,Limerick,True,Neutral
900000000000000067,Fri Feb 27 14:09:44 +0000 2026,mauling_it_475,"Huge win for Scotland at at Aviva Stadium, the crowd was absolutely electric 😍 https://example.net/highlights-reel",99,620,en,Scotland;rugby,,https://example.net/highlights-reel,4208,Milan,False,Positive
900000000000000068,Sun Feb 15 03:38:44 +0000 2026,wingwizard_839,Anyone know why Marsh isn't starting for Scotland today?? class act #Scotland #rugby #SixNations,94,328,en,Scotland;rugby;SixNations,,,150509,Milan,False,Negative
900000000000000069,Tue Mar 10 00:59:47 +0000 2026,touchline_talk_ie_654,RT @PitchsideNews: Devine running faster from the ref than from Wales's defence 💪,204,70,en,Ireland;Wales;ENGvFRA;PitchsideView,RuckReportUK,,2909,Belfast,True,Positive
900000000000000070,Mon Mar 02 22:56:15 +0000 2026,scrumtime_66,"RT @SixNationsChat: Devastating result for England fans, that final try from Ireland in the last minute hurt 🙄 #England #Ireland",15,204,en,England;Ireland,,,331,Cardiff,True,Negative
900000000000000071,Fri Mar 13 04:52:32 +0000 2026,sidestep1986_128,"Absolutely gutted for Ireland, that defence completely fell apart against Scotland today 😩 so gutted",56,396,en,TeamOfUs;WALvSCO,OvalBallDaily,,2367,,False,Negative
900000000000000072,Tue Feb 10 09:06:05 +0000 2026,penaltykicker_118,France confirm ticket sales for Ireland clash open this Friday. #France #Ireland #SixNations #RoundFive,85,152,en,France;Ireland;SixNations;RoundFive,,,9206,Glasgow,False,Neutral
900000000000000073,Wed Mar 04 14:35:57 +0000 2026,scrumtime1987_222,RT @PitchsideNews: Scotland confirm ticket sales for Wales clash open this Friday. #Wales #rugby #IREvFRA @RuckReportUK,10,130,en,Wales;rugby;IREvFRA,RuckReportUK,,4072,Leeds,True,Neutral
900000000000000074,Thu Mar 05 07:37:23 +0000 2026,propforce_ie_769,RT @RugbyRoundupHQ: What's the team news for Ireland vs Wales this weekend? Anyone seen the lineup? #Ireland #Wales #Rugby,330,70,en,Ireland;Wales;Rugby,,,10236,Nice,True,Neutral
900000000000000075,Thu Mar 05 09:17:25 +0000 2026,sidestep_uk_450,"Hard to see past Wales winning this one, France defence has been shaky #France @SixNationsChat",32,269,en,France,SixNationsChat,,2241,,False,Neutral
900000000000000076,Sun Feb 08 14:41:06 +0000 2026,fullback_fan_ie_381,"NOT THE ENGLAND PERFORMANCE WE NEEDED, WAY TOO MANY MISTAKES IN ATTACK 😡 #SixNations @OvalBallDaily",227,360,en,SixNations,OvalBallDaily,,8945,Toulouse,False,Negative
900000000000000077,Sat Feb 28 22:22:08 +0000 2026,lineoutlegend_798,RT @SixNationsChat: Referee for Italy vs Scotland confirmed as part of the officiating panel this round.,55,76,en,Italy;Scotland;RugbyUnion;SCOvIRE;RugbyFamily,,,4548,Leeds,True,Neutral
900000000000000078,Mon Feb 23 16:14:24 +0000 2026,mauling_it1983_214,RT @PitchsideNews: Lecomte running faster from the ref than from Wales's defence 💪 #England #SixNations,84,389,fr,England;SixNations,,,7858,Belfast,True,Positive
900000000000000079,Thu Feb 19 12:06:59 +0000 2026,fullback_fan_181,Weather looks dry for the France vs England match at Murrayfield today. #rugby #SixNations https://example.org/match-highlights,49,199,en,rugby;SixNations,,https://example.org/match-highlights,14122,Newcastle,False,Neutral
900000000000000080,Mon Mar 09 05:48:37 +0000 2026,lineoutlegend_fr_707,"So proud of this Wales team, that final try in the last minute was everything 🙌 #Wales #ENGvFRA",189,464,en,Wales;ENGvFRA,,,9510,Belfast,False,Positive
900000000000000081,Sat Feb 28 00:50:29 +0000 2026,scrumtime330_350,"So proud of this Ireland team, that final try in the last minute was everything 👏 #Ireland #RugbyUnion #rugby",171,448,en,Ireland;RugbyUnion;rugby,,,1762,Milan,False,Positive
900000000000000082,Wed Mar 04 12:44:01 +0000 2026,kickoffking_uk_112,"Huge win for Ireland at Twickenham, the crowd was absolutely electric 😍 #Ireland #England #rugby",394,382,en,Ireland;England;rugby,,,7606,Milan,False,Neutral
900000000000000083,Sun Feb 08 02:28:01 +0000 2026,lineoutlegendofficial_537,"If Wales sort out their lineout, they beat Ireland comfortably this weekend big mood #Wales #Ireland https://example.com/stats/tries",183,95,en,Wales;Ireland,,https://example.com/stats/tries,6970,Swansea,False,Neutral
900000000000000084,Wed Feb 11 15:49:28 +0000 2026,ovalballofficial_109,Full time stats: England had 5 points from set pieces against France. #rugby @OvalBallDaily,263,70,en,rugby,OvalBallDaily,,3097,Cardiff,False,Neutral
900000000000000085,Fri Feb 20 00:01:16 +0000 2026,conversion__103,"RT @TryLineTalk: Best England performance in years, that co-ordinated attack ripped Scotland apart 👏 #SixNations",362,328,en,SixNations,,,1909,Paris,True,Positive
900000000000000086,Thu Feb 12 19:52:49 +0000 2026,match_watcher_ie_80,Full time stats: Ireland had 7 points from set pieces against France. proper mess #Ireland #SixNations #IREvENG,46,73,en,Ireland;SixNations;IREvENG,,,2276,Glasgow,False,Positive
900000000000000087,Thu Feb 12 10:02:28 +0000 2026,ovalball_259,Referee for Wales vs Ireland confirmed as part of the officiating panel this round. big mood #Wales #MatchDay #rugby https://rugbynews.example.org/recap,189,19,en,Wales;MatchDay;rugby,,https://rugbynews.example.org/recap,2907,Rome,False,Neutral
900000000000000088,Sat Feb 07 10:05:31 +0000 2026,grandslamgal_899,"If Italy sort out their lineout, they beat France comfortably this weekend #France #rugby",94,319,en,France;rugby,,,3745,Glasgow,False,Neutral
900000000000000089,Sun Feb 08 00:06:43 +0000 2026,kickoffkingofficial_604,Report: Coach Sutherland set to extend contract with Wales after strong championship run. #England #MatchDay #Rugby https://example.net/highlights-reel,272,171,en,England;MatchDay;Rugby,,https://example.net/highlights-reel,1267,Bristol,False,Neutral
900000000000000090,Wed Feb 11 18:45:34 +0000 2026,touchline_talk__227,Report: Coach Delaney set to extend contract with Scotland Scotland after strong championship run. #Scotland,66,2,en,Scotland,,,4834,Dublin,False,Neutral
900000000000000091,Mon Feb 16 13:20:14 +0000 2026,touchline_talk_398,"RT @TryLineTalk: France 1 - 0 doubters. What a win against Scotland, championship dream still alive 💪 #France #Scotland",285,323,und,France;Scotland,,,137,Limerick,True,Positive
900000000000000092,Sat Feb 28 23:09:04 +0000 2026,sidestep_fr_105,Ireland confirm ticket sales for France clash open this Friday. #Ireland #France #SixNations https://example.net/highlights-reel,97,1,en,Ireland;France;SixNations,,https://example.net/highlights-reel,2872,Milan,False,Neutral
900000000000000093,Wed Feb 25 17:09:01 +0000 2026,scrumtime_fr_429,RT @SixNationsChat: Why does Ireland keep giving away penalties in their own half against England??,56,193,en,rugby,TryLineTalk,,6434,Swansea,True,Neutral
900000000000000094,Fri Mar 06 09:44:01 +0000 2026,flyhalf_1992_96,"I reckon England edge this by a converted try over Wales, defence will be key #Wales #SixNations",39,183,en,Wales;SixNations,,,8068,Cardiff,False,Neutral
900000000000000095,Fri Feb 13 11:52:46 +0000 2026,fullback_fan_62,BREAKING: Duffy ruled out for England with injury ahead of France match. #England #France #rugby #Rugby https://example.com/stats/tries,7,24,en,England;France;rugby;Rugby,,https://example.com/stats/tries,2190,Dublin,False,Neutral
900000000000000096,Thu Mar 05 13:46:02 +0000 2026,sidestep_494,RT @TryLineTalk: Ticket prices for the Ireland vs England fixture at Principality Stadium released today. #Ireland #SixNations,218,30,en,Ireland;SixNations,,,2144,London,True,Neutral
900000000000000097,Thu Mar 12 08:43:08 +0000 2026,rugbyfanofficial_834,"Ireland attack has gone missing this championship, no ideas at all against Wales 😩 #Ireland #Wales #Rugby https://example.com/stats/tries",184,370,en,Ireland;Wales;Rugby,,https://example.com/stats/tries,886,Cardiff,False,Negative
900000000000000098,Tue Mar 03 18:35:58 +0000 2026,offload__81,Team news: Coach Delaney makes three changes for England ahead of the Ireland match. #SixNations,48,143,en,SixNations,,,2295,Glasgow,False,Neutral
900000000000000099,Tue Mar 03 13:10:29 +0000 2026,lineoutlegend__418,Is it just me or has has Ireland attack been really flat this championship? #rugby,168,176,en,rugby,,,2547,,False,Neutral
900000000000000100,Wed Mar 04 08:01:38 +0000 2026,penaltykicker495_581,RT @SixNationsChat: Full time stats: Italy had 14 points from set pieces against Wales. #Italy #Championship,53,164,en,Italy;Championship,,,437,Manchester,True,Neutral
900000000000000101,Sat Feb 21 18:03:38 +0000 2026,trylinehero_fr_936,"RT @RugbyRoundupHQ: Moretti missed another kick, England really struggling for points tonight 😢 #England #France @OvalBallDaily",272,193,en,England;France,OvalBallDaily,,3203,Newcastle,True,Negative
900000000000000102,Mon Mar 09 02:01:44 +0000 2026,touchline_talk386_440,"Coach Kavanagh has turned this France team around completely, brilliant tactics against Italy 💪 #France #rugby https://rugbynews.example.org/recap",150,14,en,France;rugby,,https://rugbynews.example.org/recap,2420,Cork,False,Positive
900000000000000103,Sat Feb 28 11:22:32 +0000 2026,penaltykicker_uk_374,Pundits are split on whether Italy or Scotland will control possession today. #ENGvFRA https://example.org/match-highlights,141,163,en,ENGvFRA,,https://example.org/match-highlights,5984,Swansea,False,Neutral
900000000000000104,Wed Mar 11 06:49:00 +0000 2026,grandslamgal__616,"RT @TryLineTalk: Absolute unit of a performance from the Scotland pack today, dominating the breakdown 🎉 #Scotland #England #rugby #MatchDay #IREvENG",214,63,en,Scotland;England;rugby;MatchDay;IREvENG,,,7203,,True,Negative
900000000000000105,Thu Feb 19 01:14:12 +0000 2026,offload_753_478,Pundits are split on whether Scotland or Italy will control possession today.,87,267,en,Italy;SixNations;rugby;SixNations2026,,,6148,Limerick,False,Neutral
900000000000000106,Mon Feb 09 23:36:33 +0000 2026,grandslamgal_186,Weather looks dry for the Wales vs Italy match at Stade de France today. #Italy #Championship #ITAvWAL,63,214,en,Italy;Championship;ITAvWAL,,,3001,Cardiff,False,Neutral
900000000000000107,Thu Feb 26 10:47:20 +0000 2026,trylinehero__115,"That performance from Ireland was class from start to finish, 10 points and never looked back 🏉 proper mess #Ireland #WALvSCO",223,227,en,Ireland;WALvSCO,,,13976,Rome,False,Positive
900000000000000108,Thu Mar 12 05:14:58 +0000 2026,flyhalf__fr_576,Wales confirm ticket sales for England clash open this Friday. #England #SixNations,83,257,en,England;SixNations,,,4160,Cork,False,Neutral
900000000000000109,Fri Feb 27 08:19:07 +0000 2026,flyhalf_341_102,France confirm ticket sales for Ireland clash open this Friday. #Ireland #rugby,102,55,en,Ireland;rugby,,,145901,Manchester,False,Neutral
900000000000000110,Thu Feb 26 08:54:06 +0000 2026,fullback_fan_fr_764,"RT @SixNationsChat: Terrible decision from the referee there, cost France the match against Wales honestly 😢 #IREvFRA",74,16,en,IREvFRA,RugbyRoundupHQ,,12143,Cardiff,True,Negative
900000000000000111,Fri Feb 27 07:37:02 +0000 2026,grandslamgal2012_473,RT @TryLineTalk: Weather looks dry for the England vs Ireland match at Aviva Stadium today. #England #Ireland #rugby #Championship #IREvENG,12,283,en,England;Ireland;rugby;Championship;IREvENG,OvalBallDaily,,3153,,True,Neutral
900000000000000112,Fri Feb 27 07:22:58 +0000 2026,ovalball_481,Whitmore with a MASSIVE try in the corner!! England fans are buzzing right now 🏆,240,175,en,England;Ireland;MatchDay;GrandSlamWatch,,,7785,Manchester,False,Positive
900000000000000113,Fri Feb 20 01:51:01 +0000 2026,offload__374,"France attack has gone missing this championship, no ideas at at all against Wales 😩 shocking tbh #Wales #SixNations",45,282,en,Wales;SixNations,,,6710,Swansea,False,Negative
900000000000000114,Tue Mar 03 05:09:42 +0000 2026,wingwizardofficial_251,"Not the England performance we needed, way too many mistakes in attack 😢 #England #Ireland #rugby #RugbyFamily",106,112,en,England;Ireland;rugby;RugbyFamily,,,5425,Glasgow,False,Negative
900000000000000115,Sat Feb 07 12:56:25 +0000 2026,match_watcher1993_44,"RT @PitchsideNews: That performance from France was class from start to finish, 3 points and never looked back 🙌 unreal #SixNations #MatchDay",233,592,en,SixNations;MatchDay,,,8348,Newcastle,True,Positive
900000000000000116,Wed Feb 11 15:27:04 +0000 2026,sidestepofficial_225,"Ireland defence today: come on in, the door's open lol 😍 proper mess",446,302,en,Ireland;MatchDay;SCOvIRE,,,7575,Leeds,False,Positive
900000000000000117,Mon Feb 23 07:52:29 +0000 2026,conversion_1980_966,"Congratulations to Scotland on a brilliant win over Ireland, the defence was rock solid all match 🎉 #Scotland #MatchDay #SixNations #ENGvFRA @ScrumCastPod",437,391,en,Scotland;MatchDay;SixNations;ENGvFRA,ScrumCastPod,,5499,Glasgow,False,Positive
900000000000000118,Fri Feb 20 12:36:31 +0000 2026,match_watcher_ie_422,"France lost the plot in the second half, England punished every single error 😩 @RuckReportUK",80,64,en,France;SixNations;RoundFive,RuckReportUK,,22726,Toulouse,False,Negative
900000000000000119,Wed Feb 25 12:00:46 +0000 2026,offload__fr_847,Reminder: Wales take on Scotland this weekend in round five of the championship. #MatchDay,116,486,en,MatchDay,,,277,Milan,False,Neutral
900000000000000120,Sun Mar 08 20:27:12 +0000 2026,touchline_talk_492,"RT @PitchsideNews: Hard to see past Ireland winning this one, France defence has been shaky",100,195,en,SixNations;IREvFRA,,,1494,Leeds,True,Neutral
900000000000000121,Mon Feb 23 21:09:46 +0000 2026,flyhalf___965,Half time score: Scotland 10 - 27 England. Tight game so far. #rugby #Rugby,190,158,en,rugby;Rugby,,,3485,Bristol,False,Neutral
900000000000000122,Sun Mar 08 08:52:29 +0000 2026,lineoutlegend_748,BREAKING: Moretti ruled out for England with injury ahead of Scotland match. proper mess #MatchDay #rugby https://example.org/match-highlights,143,48,en,MatchDay;rugby,,https://example.org/match-highlights,5281,London,False,Neutral
900000000000000123,Mon Mar 09 15:14:08 +0000 2026,propforce__547,Referee for Italy vs France confirmed as part of the officiating panel this round. proper mess #Italy #Championship #rugby #SCOvIRE,162,18,en,Italy;Championship;rugby;SCOvIRE,,,7968,,False,Neutral
900000000000000124,Sat Feb 28 07:23:58 +0000 2026,propforce_ie_850,RT @RugbyRoundupHQ: Report: Coach Bianchi set to extend contract with Wales after strong championship run. #Wales #Scotland #rugby #SixNations #ENGvFRA,56,152,en,Wales;Scotland;rugby;SixNations;ENGvFRA,,,7527,Paris,True,Neutral
900000000000000125,Mon Mar 02 21:31:14 +0000 2026,mauling_it_fr_909,Report: Coach Kavanagh set to extend contract with Scotland after strong championship run. #SixNations #ENGvFRA @MaulZoneFC,101,222,en,SixNations;ENGvFRA,MaulZoneFC,,3962,Toulouse,False,Neutral
900000000000000126,Tue Mar 10 09:31:11 +0000 2026,sidestep_uk_4,"Can't believe Scotland let that lead slip against Ireland, so much for the championship dream 💔 #Scotland",288,123,en,Scotland,,,5155,Rome,False,Negative
900000000000000127,Sat Feb 07 10:11:40 +0000 2026,scrumtime_78,My prediction: Ireland 36 - 15 Wales. Should be a cracking match,73,223,en,Ireland;SCOvIRE,,,8382,Toulouse,False,Neutral
900000000000000128,Sat Feb 28 04:26:48 +0000 2026,match_watcherofficial_587,RT @PitchsideNews: Fitzgerald with a MASSIVE try in the corner!! Wales fans are buzzing right now 🙌 #Wales,236,225,en,Wales,,,1002,Nice,True,Positive
900000000000000129,Fri Feb 13 23:20:50 +0000 2026,lineoutlegend_663,"Huge win for England at Stade de de France, the crowd was absolutely electric 🏉",316,134,en,England;Scotland;rugby,TryLineTalk,,5559,Edinburgh,False,Positive
900000000000000130,Fri Mar 13 06:59:36 +0000 2026,scrumtime_uk_140,Team news: Coach Kavanagh makes three changes for England ahead of the Ireland match.,69,7,en,England;Ireland;CrunchTime,,,6286,Milan,False,Neutral
900000000000000131,Fri Mar 06 06:30:33 +0000 2026,the_terrace_fr_193,"That performance from Wales Wales was class from start to finish, 17 points and never looked back 🏆 #Wales #Rugby #TeamOfUs #ENGvFRA https://sixnations.example.net/live",113,412,en,Wales;Rugby;TeamOfUs;ENGvFRA,,https://sixnations.example.net/live,3989,Rome,False,Neutral
900000000000000132,Wed Feb 25 19:27:33 +0000 2026,ovalball_869,"That performance from Wales was class from start to finish, 7 points and never looked back 🔥 #Wales #SixNations https://example.com/stats/tries",131,324,und,Wales;SixNations,,https://example.com/stats/tries,2714,Glasgow,False,Positive
900000000000000133,Wed Feb 18 15:08:58 +0000 2026,flyhalf_1985_915,Why does England keep giving away penalties in in their own half against Ireland?? #England #Ireland #rugby #WALvSCO,218,45,en,England;Ireland;rugby;WALvSCO,,,12624,Newcastle,False,Neutral
900000000000000134,Wed Feb 25 06:24:29 +0000 2026,mauling_itofficial_344,"The Ireland defence has been immense this championship, barely conceding a try 🔥",476,304,en,Ireland;Wales;MatchDay,,,5131,Rome,False,Positive
900000000000000135,Mon Mar 09 08:48:26 +0000 2026,penaltykickerofficial_43,"Predicting a tight one between Wales and England, could go either way tbh class #Wales #MatchDay #SixNations #ENGvFRA",204,108,en,Wales;MatchDay;SixNations;ENGvFRA,,,3075,Leeds,False,Neutral
900000000000000136,Fri Feb 27 02:31:22 +0000 2026,wingwizard_fr_678,"RT @TryLineTalk: Watching France vs England with my nan, she knows more about rugby than the pundits 🏆",284,502,en,France;RoundFive,MaulZoneFC,,1825,Nice,True,Positive
900000000000000137,Wed Mar 04 08:56:15 +0000 2026,trylineheroofficial_45,"RT @SixNationsChat: That performance from Ireland was class from start to finish, 17 points and never looked back 💪",228,534,en,ITAvWAL,,,8343,Manchester,True,Positive
900000000000000138,Sat Mar 14 10:53:22 +0000 2026,penaltykicker__591,"Best Ireland performance in years, that co-ordinated attack ripped Wales apart 🏉 absolute unit #Wales #MatchDay #Rugby",240,305,en,Wales;MatchDay;Rugby,RuckReportUK,,3871,Glasgow,False,Positive
900000000000000139,Thu Feb 19 11:05:28 +0000 2026,the_terrace308_675,RT @TryLineTalk: France announce squad for upcoming Scotland fixture at Murrayfield. #France #SCOvIRE https://sixnations.example.net/live,115,126,en,France;SCOvIRE,,https://sixnations.example.net/live,9510,Cardiff,True,Neutral
900000000000000140,Sun Feb 08 21:50:26 +0000 2026,conversion__uk_403,Pundits are split on whether England or Italy will control possession today. buzzing #England #Italy #rugby #WALvSCO,98,159,en,England;Italy;rugby;WALvSCO,,,8330,Bristol,False,Neutral
900000000000000141,Sun Mar 08 10:58:26 +0000 2026,scrumtime_701,RT @RugbyRoundupHQ: England confirm ticket sales for Wales clash open this Friday. #England #rugby #RugbyUnion #FinalWhistle,54,54,en,England;rugby;RugbyUnion;FinalWhistle,SixNationsChat,,2961,Edinburgh,True,Neutral
900000000000000142,Tue Feb 10 18:51:07 +0000 2026,kickoffking_ie_837,"Best Wales performance in years, that co-ordinated attack ripped Ireland apart 💪 #Wales",458,402,en,Wales,,,8163,Bristol,False,Positive
900000000000000143,Fri Feb 27 04:24:45 +0000 2026,match_watcher_uk_419,"France attack has gone missing this championship, no ideas at all against Ireland 💔 #France #SixNations #Rugby",68,328,en,France;SixNations;Rugby,MaulZoneFC;SixNationsChat,,6843,Newcastle,False,Negative
900000000000000144,Sun Feb 08 02:14:47 +0000 2026,the_terrace1985_139,Reminder: England take on Ireland this weekend in round five of the championship. @TryLineTalk,162,217,en,WALvSCO,TryLineTalk,,5344,Glasgow,False,Neutral
900000000000000145,Sat Feb 14 09:48:47 +0000 2026,wingwizard_fr_117,"Terrible decision from the referee there, cost England the match against Ireland honestly 😤 #Championship",1,53,en,Championship,,,1512,Leeds,False,Negative
900000000000000146,Tue Mar 10 08:30:32 +0000 2026,propforce2007_72,"I reckon England edge this by a converted try over Wales, defence will be key #Wales",174,324,en,Wales,,,3561,Dublin,False,Neutral
900000000000000147,Fri Feb 13 22:45:47 +0000 2026,mauling_it217_310,"England lost the plot in the second second half, Scotland punished every single error 💔 #England #SixNations",199,126,en,England;SixNations,,,2050,Manchester,False,Negative
900000000000000148,Tue Mar 03 08:01:46 +0000 2026,rucknroll_ie_567,"So proud of this Wales team, that final try in the the last minute was everything 🎉 #rugby",56,547,en,rugby,,,660,Cork,False,Positive
900000000000000149,Fri Mar 06 17:47:28 +0000 2026,fullback_fan2008_563,"Absolutely gutted for Wales, that defence completely fell apart against England today 😩 #Wales #England #rugby #GrandSlamWatch",161,22,en,Wales;England;rugby;GrandSlamWatch,,,4617,Glasgow,False,Negative
900000000000000150,Tue Feb 24 21:40:18 +0000 2026,grandslamgal_40,"Predicting a tight one between Ireland and England, could go either way tbh #Ireland #rugby #SixNations @ScrumCastPod",60,23,en,Ireland;rugby;SixNations,ScrumCastPod,,5388,Nice,False,Neutral
900000000000000151,Sun Feb 22 19:53:37 +0000 2026,flyhalf__549,What's the team news for England vs Scotland this weekend? Anyone seen the lineup? #Scotland #rugby #MatchDay #WALvSCO,2,211,en,Scotland;rugby;MatchDay;WALvSCO,,,4455,Leeds,False,Neutral
900000000000000152,Wed Feb 25 17:09:51 +0000 2026,sidestep__448,"RT @SixNationsChat: Watching Ireland vs Scotland with my nan, she knows more about rugby than the pundits 🙌 #SixNations #ENGvFRA @MaulZoneFC",424,48,en,SixNations;ENGvFRA,MaulZoneFC,,863,Manchester,True,Positive
900000000000000153,Wed Feb 18 21:43:53 +0000 2026,flyhalf__896,RT @RugbyRoundupHQ: BREAKING: Ferreira ruled out for Ireland with injury ahead of France match. #Ireland #Rugby #rugby #RugbyFamily,211,465,en,Ireland;Rugby;rugby;RugbyFamily,,,593,Glasgow,True,Neutral
900000000000000154,Thu Mar 05 01:07:09 +0000 2026,ovalball_770,"Predicting a tight one between Italy and Ireland, could go either way tbh #Italy #rugby",243,34,fr,Italy;rugby,,,7877,,False,Neutral
900000000000000155,Fri Feb 27 01:35:32 +0000 2026,wingwizard_ie_223,Ireland confirm ticket sales for England clash open this Friday. #England #Rugby #SCOvIRE #CrunchTime,183,50,en,England;Rugby;SCOvIRE;CrunchTime,,,6588,Limerick,False,Neutral
900000000000000156,Tue Mar 03 12:23:05 +0000 2026,offload_695_153,"Wales 1 - 0 doubters. What a win against Scotland, championship dream still alive 💪 #Wales #Rugby",135,465,en,Wales;Rugby,,,2182,Leeds,False,Positive
900000000000000157,Fri Feb 13 04:33:16 +0000 2026,flyhalf___817,"England attack has gone missing this championship, no ideas at all against against Wales 💔",334,200,en,,,,4873,Bristol,False,Negative
900000000000000158,Wed Feb 18 01:42:57 +0000 2026,rugbyfan_fr_683,"RT @TryLineTalk: Absolute unit of a performance from the Ireland pack today, dominating the breakdown 🙌 class act #Ireland #MatchDay #FinalWhistle",140,550,en,Ireland;MatchDay;FinalWhistle,,,4586,Rome,True,Neutral
900000000000000159,Sat Feb 14 16:24:21 +0000 2026,rugbyfanofficial_7,Ticket prices for the Ireland vs Scotland fixture at Twickenham released today. #Ireland #rugby #PitchsideView @OvalBallDaily,28,56,en,Ireland;rugby;PitchsideView,OvalBallDaily,,7239,Cardiff,False,Neutral
900000000000000160,Tue Feb 10 17:19:11 +0000 2026,mauling_it__692,"Devastating result for Wales fans, that final try from France in the last minute hurt 😡 unreal #Wales #SixNations #IREvENG @TryLineTalk",42,88,en,Wales;SixNations;IREvENG,TryLineTalk,,6066,Nice,False,Negative
900000000000000161,Wed Mar 11 22:28:19 +0000 2026,rucknroll320_24,Team news: Coach Delaney makes three changes for Ireland ahead of the Scotland match. https://rugbynews.example.org/recap,174,267,en,Scotland,,https://rugbynews.example.org/recap,9239,Cardiff,False,Neutral
900000000000000162,Tue Feb 10 21:09:36 +0000 2026,penaltykickerofficial_737,Lecomte with a MASSIVE try in the corner!! England fans are buzzing right now 🏆,200,375,en,,,,2286,Glasgow,False,Positive
900000000000000163,Sun Mar 01 20:56:35 +0000 2026,scrumtime__170,"RT @TryLineTalk: Scotland 1 - 0 doubters. What a win against Wales, championship dream still alive 😍 #RugbyUnion #WALvSCO",369,110,en,RugbyUnion;WALvSCO,,,614,Glasgow,True,Positive
900000000000000164,Sat Feb 14 15:29:28 +0000 2026,match_watcher_179,"RT @TryLineTalk: Terrible decision from the referee there, cost Italy the match against England honestly honestly 😩 #rugby #SixNations",64,570,en,rugby;SixNations,,,4714,Cork,True,Negative
900000000000000165,Mon Feb 16 18:19:06 +0000 2026,conversion_329_248,Kickoff between Ireland and Scotland at Twickenham in 30 minutes. #Ireland #Scotland #rugby #IREvFRA https://example.net/highlights-reel,51,176,en,Ireland;Scotland;rugby;IREvFRA,TryLineTalk,https://example.net/highlights-reel,5680,Glasgow,False,Neutral
900000000000000166,Tue Mar 03 19:32:29 +0000 2026,scrumtime1989_102,"Ireland attack has gone missing this championship, no ideas at all against England 😢 #SixNations",50,49,en,SixNations,,,155,Toulouse,False,Negative
900000000000000167,Tue Mar 03 01:16:25 +0000 2026,penaltykicker_ie_260,"Can't believe England let that lead slip against Ireland, so much for the championship dream 😩 #England #ITAvWAL",115,95,en,England;ITAvWAL,,,3910,Belfast,False,Negative
900000000000000168,Mon Feb 23 18:30:26 +0000 2026,the_terrace_41,"Best Ireland performance in years, that co-ordinated attack ripped Italy apart 🏆 #Ireland #SixNations",168,228,en,Ireland;SixNations,,,17715,Swansea,False,Positive
900000000000000169,Sat Mar 14 07:42:51 +0000 2026,flyhalf___700,"RT @PitchsideNews: Huge win for Wales at Principality Stadium, the crowd was absolutely electric 🏉 #Wales #rugby #RugbyUnion https://rugbynews.example.org/recap",342,587,en,Wales;rugby;RugbyUnion,,https://rugbynews.example.org/recap,6221,Nice,True,Positive
900000000000000170,Mon Feb 23 05:43:22 +0000 2026,penaltykicker_392,PUNDITS ARE SPLIT ON WHETHER ENGLAND OR FRANCE WILL CONTROL POSSESSION TODAY. #England #SixNations #rugby,176,343,en,England;SixNations;rugby,,,144,Swansea,False,Neutral
900000000000000171,Sun Mar 01 12:52:44 +0000 2026,the_terrace_526,"What a game!! England absolutely dominated Ireland tonight, that attack was unreal 😍 #England #rugby",218,291,en,England;rugby,,,87334,Bristol,False,Positive
900000000000000172,Sat Mar 14 08:41:13 +0000 2026,sidestep2005_630,Weather looks dry for the France vs England match at Murrayfield today. #England #Rugby @ScrumCastPod,115,32,en,England;Rugby,ScrumCastPod,,3156,Manchester,False,Neutral
900000000000000173,Fri Feb 20 12:48:33 +0000 2026,propforce_591,Costa running faster from the ref than from England's defence 🏆 #Championship,154,431,en,Championship,,,4610,Glasgow,False,Positive
900000000000000174,Sun Mar 01 16:18:16 +0000 2026,penaltykicker_uk_509,Referee for England vs Wales confirmed as part of the officiating panel this round. #England #Wales #rugby,154,141,en,England;Wales;rugby,TryLineTalk,,3150,Newcastle,False,Neutral
900000000000000175,Sun Mar 01 08:49:32 +0000 2026,rucknroll2015_420,RT @SixNationsChat: Official: kickoff time confirmed for Scotland vs England at Twickenham. #Scotland #England #rugby https://example.com/rugby-report,91,29,en,Scotland;England;rugby,,https://example.com/rugby-report,13668,Rome,True,Neutral
900000000000000176,Thu Feb 26 19:39:56 +0000 2026,offload_official_873,"Coach Lemoine has turned this Scotland team around completely, brilliant tactics against England 🏆 #England #rugby #Rugby #SixNations2026",264,274,en,England;rugby;Rugby;SixNations2026,RuckReportUK,,4039,Paris,False,Positive
900000000000000177,Mon Mar 02 18:47:33 +0000 2026,grandslamgal_277,Kowalski with a MASSIVE try in the corner!! France fans are buzzing right now 🔥 #France,67,88,en,France,,,5997,Swansea,False,Positive
900000000000000178,Thu Feb 19 17:22:53 +0000 2026,sidestepofficial_964,My prediction: France France 34 - 14 England. Should be a cracking match #England #rugby,75,113,en,England;rugby,,,9388,Nice,False,Neutral
900000000000000179,Sun Feb 22 12:09:21 +0000 2026,penaltykicker_uk_263,Pundits are split on whether England or Wales will control possession today. buzzing #England,42,210,en,England,,,3543,London,False,Neutral
900000000000000180,Tue Feb 24 21:21:37 +0000 2026,match_watcher__126,"RT @PitchsideNews: What a game!! Ireland absolutely dominated Scotland tonight, that attack was unreal unreal 👏 #Scotland #Rugby #ENGvFRA",436,218,en,Scotland;Rugby;ENGvFRA,,,13754,Cork,True,Positive
900000000000000181,Wed Feb 11 14:18:34 +0000 2026,sidestep__822,"RT @SixNationsChat: Absolute unit of a performance from the Ireland pack today, dominating the breakdown 🏉 #Ireland #rugby",330,399,en,Ireland;rugby,,,187635,Bristol,True,Positive
900000000000000182,Fri Feb 06 23:28:29 +0000 2026,the_terrace_634,RT @PitchsideNews: Ticket prices for the Ireland vs Scotland fixture at Aviva Stadium released today. #Scotland #Rugby,99,310,en,Scotland;Rugby,,,11317,Cardiff,True,Neutral
900000000000000183,Thu Feb 26 02:48:49 +0000 2026,touchline_talk_280,Team news: Coach Sutherland makes three changes for Ireland ahead of the England match. #Ireland #SixNations #MatchDay,59,609,en,Ireland;SixNations;MatchDay,,,589,Leeds,False,Neutral
900000000000000184,Fri Feb 27 21:47:44 +0000 2026,kickoffking_477,"England fans after that missed kick: it's fine, everything's fine 😍 #England #France",261,400,en,England;France,,,7205,Paris,False,Positive
900000000000000185,Thu Feb 19 05:56:12 +0000 2026,propforce_fr_442,Team news: Coach Kavanagh makes three changes for Ireland ahead of the Italy match. https://example.net/highlights-reel,3,90,en,Ireland;Italy,ScrumCastPod,https://example.net/highlights-reel,2459,London,False,Neutral
900000000000000186,Mon Feb 23 16:06:00 +0000 2026,offload__ie_668,"Devastating result for England fans, that final try from France in the last minute hurt 🙄 #England #Championship #ITAvWAL https://example.net/highlights-reel",50,220,en,England;Championship;ITAvWAL,,https://example.net/highlights-reel,4724,Manchester,False,Negative
900000000000000187,Wed Mar 04 16:01:12 +0000 2026,scrumtime__832,Kowalski with a MASSIVE try in the corner!! France fans are buzzing right now 🔥 #rugby #SixNations,83,420,en,rugby;SixNations,,,3935,Paris,False,Positive
900000000000000188,Sat Feb 07 14:17:33 +0000 2026,penaltykicker_fr_691,Why does England keep giving away penalties in their own half against Ireland?? #England #Ireland #MatchDay #SixNations,141,27,en,England;Ireland;MatchDay;SixNations,,,1298,Edinburgh,False,Neutral
900000000000000189,Sat Feb 28 00:59:37 +0000 2026,conversion_official_852,Genuine question: is Coach Sutherland the right person to lead Ireland into the final? #Ireland #England #SixNations #RugbyUnion #FRAvITA,214,133,en,Ireland;England;SixNations;RugbyUnion;FRAvITA,,,8252,Belfast,False,Neutral
900000000000000190,Fri Mar 13 10:54:18 +0000 2026,the_terrace_ie_718,"Devastating result for Wales fans, that final try from England in the last minute hurt 😩 #SixNations #ENGvFRA",81,14,en,SixNations;ENGvFRA,,,9820,Belfast,False,Negative
900000000000000191,Sat Feb 14 13:08:47 +0000 2026,penaltykicker__148,RT @SixNationsChat: Kickoff between Ireland and France at Aviva Stadium in 30 minutes. #Ireland #SixNations #RoundFive,36,124,en,Ireland;SixNations;RoundFive,,,7247,Manchester,True,Neutral
900000000000000192,Fri Mar 13 08:39:16 +0000 2026,penaltykicker1988_445,Why does England keep giving away penalties in their own half against Scotland??,255,194,en,England;SixNations,,,14953,Swansea,False,Neutral
900000000000000193,Wed Mar 11 10:05:47 +0000 2026,fullback_fan_ie_271,RT @SixNationsChat: What's the team news for England vs France this weekend? Anyone seen the lineup? #England #Rugby #PitchsideView,15,70,en,England;Rugby;PitchsideView,,,1442,Cardiff,True,Neutral
900000000000000194,Tue Feb 17 11:11:38 +0000 2026,penaltykicker83_153,"RT @RugbyRoundupHQ: Devastating result for Ireland fans, that final try try from France in the last minute hurt 😡 #Ireland #rugby #Rugby",78,269,en,Ireland;rugby;Rugby,,,1841,Cardiff,True,Negative
900000000000000195,Mon Feb 09 09:48:59 +0000 2026,fullback_fan__274,Why does France keep giving away penalties in their own half against England?? #France #England #rugby #Rugby https://sixnations.example.net/live,182,18,en,France;England;rugby;Rugby,,https://sixnations.example.net/live,8709,Glasgow,False,Neutral
900000000000000196,Wed Mar 11 18:43:37 +0000 2026,touchline_talk2006_634,Team news: Coach Lemoine makes three changes for Scotland ahead of the England match. #Scotland #England #RugbyUnion @RugbyRoundupHQ https://example.org/match-highlights,68,116,en,Scotland;England;RugbyUnion,RugbyRoundupHQ,https://example.org/match-highlights,12822,London,False,Neutral
900000000000000197,Thu Feb 26 02:50:30 +0000 2026,propforce_fr_177,"RT @PitchsideNews: So proud of this England team, that final try in the last minute was everything 🏉 #England #SixNations",125,319,en,England;SixNations,,,913,Dublin,True,Positive
900000000000000198,Wed Mar 11 08:57:39 +0000 2026,conversion_official_879,My prediction: Ireland 39 - 33 Wales. Should be a cracking match #Ireland #SixNations #FRAvITA,16,224,und,Ireland;SixNations;FRAvITA,,,2553,Nice,False,Neutral
900000000000000199,Sat Mar 07 16:30:23 +0000 2026,rucknroll944_201,Lecomte with a MASSIVE try in the corner!! Scotland fans are buzzing right now 🙌 buzzing #Ireland #SixNations,105,244,en,Ireland;SixNations,,,7682,,False,Positive
900000000000000200,Wed Mar 11 12:28:39 +0000 2026,rugbyfan_uk_597,"RT @SixNationsChat: Full time: Italy 18 - 37 Ireland. What a match, Italy deserved every point 😍 class",62,414,en,Rugby;rugby,,,10662,Limerick,True,Positive
900000000000000201,Wed Feb 11 21:17:22 +0000 2026,offload__300,RT @SixNationsChat: Weather looks dry for the England vs France match at Principality Stadium today. class #SixNations #rugby #TryTime https://example.net/highlights-reel,169,266,en,SixNations;rugby;TryTime,,https://example.net/highlights-reel,5429,Leeds,True,Neutral
900000000000000202,Sat Feb 28 00:57:14 +0000 2026,fullback_fan_uk_940,BREAKING: Moretti ruled out for Ireland with injury ahead of France match. class #Ireland #SixNations #Championship https://example.com/rugby-report,295,279,en,Ireland;SixNations;Championship,,https://example.com/rugby-report,5929,Cork,False,Neutral
900000000000000203,Tue Feb 10 06:28:25 +0000 2026,match_watcher881_859,RT @RugbyRoundupHQ: TICKET PRICES FOR THE WALES VS IRELAND FIXTURE AT PRINCIPALITY STADIUM RELEASED TODAY. #Ireland #MatchDay,328,39,en,Ireland;MatchDay,,,3202,,True,Neutral
900000000000000204,Sat Feb 28 08:35:00 +0000 2026,the_terrace_183,"Wales attack has gone missing this championship, no ideas at all against Ireland 😢 #RugbyUnion #rugby",1,307,en,RugbyUnion;rugby,,,1439,Dublin,False,Negative
900000000000000205,Mon Mar 02 11:40:21 +0000 2026,kickoffking_919,Byrne starts at fly-half for France this weekend against Scotland. #France #rugby https://example.org/match-highlights,128,31,en,France;rugby,,https://example.org/match-highlights,4675,Nice,False,Neutral
900000000000000206,Fri Feb 27 16:22:33 +0000 2026,kickoffking__63,What's the team news for Ireland vs Italy this weekend? Anyone seen the lineup? #Ireland #WALvSCO https://example.org/match-highlights,120,203,en,Ireland;WALvSCO,,https://example.org/match-highlights,1175,Manchester,False,Neutral
900000000000000207,Thu Feb 26 13:58:40 +0000 2026,sidestep__50,"RT @RugbyRoundupHQ: Coach Harrington has turned this France team around completely, brilliant tactics against England 🏆",163,62,en,Championship,ScrumCastPod,,3938,Rome,True,Positive
900000000000000208,Sun Feb 22 12:49:39 +0000 2026,flyhalf__uk_878,RT @PitchsideNews: Me pretending I understand the offside rule while watching Scotland vs England 🎉 #Scotland #England https://example.com/rugby-report,200,771,en,Scotland;England,,https://example.com/rugby-report,5896,Nice,True,Positive
900000000000000209,Mon Mar 02 16:24:54 +0000 2026,flyhalf__990,France announce squad for upcoming Ireland fixture at Principality Stadium. #France #SixNations,60,22,en,France;SixNations,TryLineTalk;SixNationsChat,,8636,Swansea,False,Neutral
900000000000000210,Thu Mar 12 18:38:26 +0000 2026,scrumtimeofficial_313,"Terrible decision from the referee there, cost Ireland the match against France honestly 💔 so gutted #Ireland",80,29,en,Ireland,,,6811,Manchester,False,Negative
900000000000000211,Sun Feb 15 12:33:46 +0000 2026,sidestep_uk_462,"England attack has gone missing this championship, no ideas at all against Italy 😡 #England #SixNations #Rugby #RugbyFamily https://example.com/stats/tries",108,205,en,England;SixNations;Rugby;RugbyFamily,,https://example.com/stats/tries,833,Dublin,False,Negative
900000000000000212,Sun Feb 22 03:39:15 +0000 2026,ovalball__209,"I reckon England edge this by a converted try over Ireland, defence will be key #England #SixNations",237,4,en,England;SixNations,,,9856,Milan,False,Neutral
900000000000000213,Tue Feb 17 20:33:58 +0000 2026,rucknroll_ie_698,"Congratulations to England on a brilliant win over Wales, the defence was rock solid all match 💪 #SixNations",20,497,en,SixNations,,,619,Limerick,False,Positive
900000000000000214,Sun Feb 22 01:25:23 +0000 2026,trylinehero__629,Half time score: England 7 - 34 Wales. Tight game so far. #England https://rugbynews.example.org/recap,39,283,en,England,,https://rugbynews.example.org/recap,195094,Glasgow,False,Neutral
900000000000000215,Thu Feb 19 07:53:09 +0000 2026,trylinehero571_671,Me pretending I understand the offside rule while watching Scotland vs Wales 🔥 #Wales #rugby,140,467,und,Wales;rugby,,,6493,Edinburgh,False,Positive
900000000000000216,Sun Feb 22 20:09:47 +0000 2026,mauling_itofficial_421,"Full time: England 26 - 17 Ireland. What a match, England deserved every point 👏",316,432,en,Ireland;RugbyUnion;SixNations,,,7748,Leeds,False,Positive
900000000000000217,Fri Mar 06 23:33:11 +0000 2026,fullback_fan__723,"Hard to see past Ireland winning this one, Wales Wales defence has been shaky #Ireland #rugby #SixNations #FRAvITA",50,1,en,Ireland;rugby;SixNations;FRAvITA,,,12074,,False,Neutral
900000000000000218,Wed Mar 11 03:07:42 +0000 2026,fullback_fan_uk_259,"RT @TryLineTalk: Predicting a tight one between England and Scotland, could go either way tbh #England #Scotland #rugby #ENGvFRA",208,85,en,England;Scotland;rugby;ENGvFRA,,,3506,Swansea,True,Neutral
900000000000000219,Fri Feb 13 23:52:06 +0000 2026,penaltykicker_fr_398,"Watching Wales vs Ireland with my nan, she knows more about rugby than the pundits 😍 #rugby #ENGvFRA",200,143,en,rugby;ENGvFRA,RugbyRoundupHQ,,11091,Cardiff,False,Positive
900000000000000220,Wed Feb 11 07:08:41 +0000 2026,rucknroll__846,RT @TryLineTalk: Reminder: Ireland take on Wales this weekend in round five of the championship. #TeamOfUs #SCOvIRE,236,406,en,TeamOfUs;SCOvIRE,,,1361,Rome,True,Neutral
900000000000000221,Tue Feb 24 05:36:57 +0000 2026,lineoutlegend_725,"RT @SixNationsChat: Congratulations to France on a brilliant win over Scotland, the defence was rock solid all match 🏉 absolute unit #France #SixNations",381,387,en,France;SixNations,,,1538,Paris,True,Positive
900000000000000222,Mon Feb 16 15:40:13 +0000 2026,flyhalf__686,"Scotland attack has gone missing this championship, no ideas at all against Italy 😡",6,179,en,Scotland;Italy;SixNations;WALvSCO,,,4378,Bristol,False,Negative
900000000000000223,Tue Mar 10 10:15:12 +0000 2026,lineoutlegend1983_74,Moretti starts at fly-half for France this weekend against Wales. #France #rugby,31,70,en,France;rugby,,,485,Edinburgh,False,Neutral
900000000000000224,Mon Feb 23 08:10:41 +0000 2026,scrumtime_uk_599,RT @TryLineTalk: Genuine question: is Coach Coach Kavanagh the right person to lead Ireland into the final? #Rugby #IREvFRA https://example.net/highlights-reel,129,282,en,Rugby;IREvFRA,,https://example.net/highlights-reel,7427,Swansea,True,Neutral
900000000000000225,Mon Feb 16 11:24:27 +0000 2026,sidestep_ie_55,Full time stats: Wales had 14 points from set pieces against England.,74,250,en,England;Championship;rugby;IREvENG,,,3118,,False,Neutral
900000000000000226,Sat Feb 14 10:28:58 +0000 2026,penaltykickerofficial_838,"RT @RugbyRoundupHQ: That performance from France was class from start to finish, 10 points and never looked back 🏉 big mood #Wales #rugby #ENGvFRA",161,193,en,Wales;rugby;ENGvFRA,,,7126,Swansea,True,Positive
900000000000000227,Thu Feb 19 01:21:07 +0000 2026,scrumtime_940,"RT @TryLineTalk: Hard to see past Wales winning this one, Ireland defence has been shaky #Ireland #WALvSCO @PitchsideNews @OvalBallDaily",119,183,it,Ireland;WALvSCO,PitchsideNews;OvalBallDaily,,2113,Limerick,True,Neutral
900000000000000228,Sat Feb 21 08:17:56 +0000 2026,offload_228_910,"RT @SixNationsChat: Predicting a tight one between Scotland and Ireland, could go either way tbh #Scotland #Ireland",399,167,en,Scotland;Ireland,,,8191,London,True,Neutral
900000000000000229,Thu Feb 26 10:40:45 +0000 2026,conversion__159,"Not the Ireland performance we needed, way too many mistakes in attack 😡 @RugbyRoundupHQ",13,315,en,Ireland;MatchDay;WALvSCO,RugbyRoundupHQ,,1901,Swansea,False,Negative
900000000000000230,Mon Mar 02 04:18:08 +0000 2026,wingwizard_652,"Terrible decision from the referee there, cost Wales the match against Scotland honestly 😡 #Wales #ENGvFRA https://example.com/stats/tries",85,84,en,Wales;ENGvFRA,,https://example.com/stats/tries,3440,,False,Negative
900000000000000231,Fri Mar 06 09:42:19 +0000 2026,rugbyfan__138,BREAKING: Whitmore ruled out for Ireland with injury ahead of France match. #France,45,160,en,France,,,12161,Dublin,False,Neutral
900000000000000232,Fri Mar 13 14:28:25 +0000 2026,propforce__637,"So disappointed watching Ireland today, France deserved that win comfortably 😢 #Ireland #France #SixNations #SCOvIRE #GrandSlamWatch @SixNationsChat",104,177,en,Ireland;France;SixNations;SCOvIRE;GrandSlamWatch,SixNationsChat,,11188,,False,Negative
900000000000000233,Fri Mar 13 22:39:13 +0000 2026,offload_2013_447,RT @PitchsideNews: Weather looks dry for the France vs Scotland match at Stadio Olimpico today. #France,61,186,en,France,,,2403,Limerick,True,Neutral
900000000000000234,Sun Feb 08 10:58:03 +0000 2026,ovalball1990_956,RT @PitchsideNews: Kickoff between Italy and Ireland at Twickenham in 30 minutes. #Italy #Ireland #rugby #RoundFive @OvalBallDaily,103,155,en,Italy;Ireland;rugby;RoundFive,OvalBallDaily,,3726,Glasgow,True,Neutral
900000000000000235,Sat Mar 07 06:27:13 +0000 2026,conversion_1994_86,BREAKING: Kowalski ruled out for Ireland with injury ahead of Italy match. #RugbyUnion https://example.com/rugby-report,85,78,en,RugbyUnion,,https://example.com/rugby-report,8159,Dublin,False,Neutral
900000000000000236,Mon Mar 09 11:08:01 +0000 2026,match_watcher2003_329,"Huge win for Wales at Stadio Olimpico, the crowd was absolutely electric 🔥 #Wales",329,387,en,Wales,,,2606,London,False,Positive
900000000000000237,Sat Feb 21 21:38:31 +0000 2026,conversion__uk_180,Devine with a MASSIVE try in the corner!! Wales fans are buzzing right now 💪 #Wales #Ireland #SixNations,261,775,en,Wales;Ireland;SixNations,,,1674,Cork,False,Positive
900000000000000238,Sat Mar 07 09:54:57 +0000 2026,rucknroll__255,"Not the Ireland performance we needed, way too many mistakes in attack 😢 #SixNations",87,4,en,SixNations,,,2132,Cork,False,Negative
900000000000000239,Sun Feb 08 19:02:09 +0000 2026,conversion___495,Duffy with a MASSIVE try in the corner!! Ireland fans are buzzing right now 🙌 @RuckReportUK,310,133,en,Ireland;Championship;ITAvWAL,RuckReportUK,,4519,Glasgow,False,Positive
900000000000000240,Wed Mar 04 10:31:13 +0000 2026,trylinehero_ie_907,"Not the Ireland performance we needed, way too many mistakes in attack 💔",182,11,en,SixNations;SCOvIRE,,,3050,Leeds,False,Negative
900000000000000241,Sat Feb 14 15:38:28 +0000 2026,the_terrace_81,"Not the Italy performance we needed, way too many mistakes in attack 😩 #MatchDay #FinalWhistle @SixNationsChat",59,118,en,MatchDay;FinalWhistle,SixNationsChat,,454,Glasgow,False,Negative
900000000000000242,Thu Feb 26 20:02:11 +0000 2026,kickoffking__826,"Absolutely gutted for England, that defence completely fell apart against France today 😩 #England https://sixnations.example.net/live",89,83,en,England,,https://sixnations.example.net/live,1080,Nice,False,Negative
900000000000000243,Mon Mar 02 13:00:37 +0000 2026,penaltykicker1986_451,"Scotland 1 - 0 doubters. What a win against Ireland, championship dream still alive 👏 buzzing #Scotland #MatchDay #TryTime",238,76,en,Scotland;MatchDay;TryTime,,,3883,Rome,False,Positive
900000000000000244,Sun Feb 22 20:19:50 +0000 2026,match_watcher_fr_368,"RT @PitchsideNews: Huge win for England at Stade de France, the crowd was absolutely electric 🏉 #England #SixNations",319,345,en,England;SixNations,,,4250,Newcastle,True,Positive
900000000000000245,Wed Feb 18 14:47:33 +0000 2026,offload__ie_809,"If England sort out their lineout, they beat Wales comfortably this weekend https://example.net/highlights-reel",86,23,en,England,,https://example.net/highlights-reel,1528,Manchester,False,Neutral
900000000000000246,Mon Feb 09 02:04:34 +0000 2026,match_watcher_uk_35,"Devastating result for Ireland fans, that final try from France in the last minute hurt 😡 #Ireland #France https://rugbynews.example.org/recap",53,52,en,Ireland;France,,https://rugbynews.example.org/recap,2533,Belfast,False,Negative
900000000000000247,Fri Mar 13 15:54:04 +0000 2026,rugbyfan_uk_434,What's the team news for England vs Wales this weekend? Anyone seen the lineup? #England #SixNations #ENGvWAL,75,22,en,England;SixNations;ENGvWAL,,,4193,Bristol,False,Neutral
900000000000000248,Sat Feb 21 09:34:06 +0000 2026,flyhalf_1983_561,"The Ireland defence has been immense this championship, barely conceding a try 👏 #Championship",384,411,en,Championship,MaulZoneFC,,2421,Nice,False,Positive
900000000000000249,Tue Feb 24 18:53:38 +0000 2026,conversion__242,Sinclair with a MASSIVE try in the corner!! Ireland fans are buzzing right now 💪 #Ireland #France #SixNations #RugbyFamily https://example.com/rugby-report,380,417,en,Ireland;France;SixNations;RugbyFamily,,https://example.com/rugby-report,4253,Cardiff,False,Positive
900000000000000250,Fri Feb 27 12:42:41 +0000 2026,offload_official_158,"Huge win for England at Stade de France, the crowd was absolutely electric 🏉 #England #Italy #rugby",229,728,en,England;Italy;rugby,RugbyRoundupHQ,,2228,London,False,Positive
900000000000000251,Fri Mar 13 08:39:39 +0000 2026,mauling_it_ie_628,"RT @SixNationsChat: IF ENGLAND SORT OUT THEIR LINEOUT, THEY BEAT ITALY COMFORTABLY THIS WEEKEND #England #Italy #IREvENG",213,158,en,England;Italy;IREvENG,,,5724,Limerick,True,Neutral
900000000000000252,Wed Feb 18 01:50:25 +0000 2026,trylinehero47_569,Genuine question: is Coach Sutherland the right person to lead Ireland into the final? #rugby #SCOvIRE https://example.com/rugby-report,49,117,en,rugby;SCOvIRE,,https://example.com/rugby-report,7448,Cardiff,False,Neutral
900000000000000253,Sat Feb 28 06:38:58 +0000 2026,scrumtime_fr_401,Official: kickoff time confirmed for Wales vs Ireland at Principality Stadium. #Wales #rugby #SixNations https://example.net/highlights-reel,97,44,en,Wales;rugby;SixNations,,https://example.net/highlights-reel,3971,Swansea,False,Neutral
900000000000000254,Sat Mar 14 10:14:48 +0000 2026,the_terrace_437,RT @SixNationsChat: Report: Coach Sutherland set to extend contract with Ireland after strong championship run. not gonna lie #Ireland #TeamOfUs #CrunchTime @OvalBallDaily,55,174,en,Ireland;TeamOfUs;CrunchTime,OvalBallDaily,,6391,Glasgow,True,Neutral
900000000000000255,Wed Feb 11 13:35:17 +0000 2026,wingwizard_ie_697,Reminder: Ireland take on England this weekend in round five of the championship. #England #RugbyUnion,70,354,en,England;RugbyUnion,SixNationsChat,,9497,Belfast,False,Neutral
900000000000000256,Sun Mar 08 16:12:27 +0000 2026,conversion__932,"Italy attack has gone missing this championship, no ideas at all against France 😢 proper mess #rugby https://rugbynews.example.org/recap",38,22,en,rugby,,https://rugbynews.example.org/recap,5947,Cardiff,False,Negative
900000000000000257,Fri Mar 13 03:51:11 +0000 2026,rucknroll_ie_485,Half time score: Italy 36 - - 18 France. Tight game so far. #Italy #France #SixNations,46,212,en,Italy;France;SixNations,,,8501,Cork,False,Neutral
900000000000000258,Fri Feb 27 23:48:59 +0000 2026,grandslamgal_34,"Best England performance in years, that co-ordinated attack ripped France apart 😍 #France #PitchsideView",388,420,en,France;PitchsideView,,,35326,Newcastle,False,Positive
900000000000000259,Fri Feb 27 08:36:12 +0000 2026,lineoutlegend_fr_946,"Coach Harrington has turned this Wales team around completely, brilliant tactics against England 👏 buzzing #Rugby #rugby",78,563,en,Rugby;rugby,,,16955,London,False,Positive
900000000000000260,Tue Feb 10 13:45:10 +0000 2026,trylinehero2010_912,Anyone know why Rossi isn't starting for Ireland today?? #Ireland #rugby #FRAvITA #PitchsideView,1,187,en,Ireland;rugby;FRAvITA;PitchsideView,,,1545,Limerick,False,Neutral
900000000000000261,Sun Feb 15 13:39:50 +0000 2026,mauling_it_339,"Absolute unit of a performance from the England pack today, dominating the breakdown 🙌",185,609,en,rugby,,,10343,Cardiff,False,Positive
900000000000000262,Sat Feb 28 12:24:08 +0000 2026,match_watcher515_910,RT @PitchsideNews: Pundits are split on whether Ireland or Wales will control possession today.,76,81,en,MatchDay;ENGvFRA,,,4527,Manchester,True,Neutral
900000000000000263,Fri Feb 06 17:30:53 +0000 2026,propforce_fr_186,"So proud of this Italy team, that final try in the last minute was everything 🙌 #England #SixNations",301,726,en,England;SixNations,,,9016,Edinburgh,False,Positive
900000000000000264,Sat Feb 21 08:03:05 +0000 2026,rugbyfan__489,"Congratulations to Ireland on a brilliant win over Wales, the defence was rock solid all match 🏆 #rugby #TeamOfUs @RugbyRoundupHQ https://sixnations.example.net/live",354,26,en,rugby;TeamOfUs,RugbyRoundupHQ,https://sixnations.example.net/live,4971,Manchester,False,Positive
900000000000000265,Thu Feb 19 14:26:43 +0000 2026,ovalball_uk_573,"RT @RugbyRoundupHQ: Coach Harrington has turned this England team around completely, brilliant tactics against Italy 🏆 #rugby #IREvENG",180,484,en,rugby;IREvENG,,,7164,Limerick,True,Positive
900000000000000266,Wed Feb 18 12:22:17 +0000 2026,penaltykicker_fr_13,Me pretending I understand the offside rule while watching Wales vs Ireland 🔥 #Wales #Ireland #SixNations #MatchDay https://sixnations.example.net/live,323,555,en,Wales;Ireland;SixNations;MatchDay,,https://sixnations.example.net/live,7343,Dublin,False,Positive
900000000000000267,Sat Mar 07 04:38:09 +0000 2026,rugbyfanofficial_584,Report: Coach Delaney set to extend contract with Ireland after strong championship run. #Ireland #France,119,366,en,Ireland;France,,,5858,Limerick,False,Neutral
900000000000000268,Sat Mar 14 01:25:09 +0000 2026,offload_1992_810,Half time score: Scotland 10 - 7 Ireland. Tight game so far. #Scotland #SixNations #FRAvITA,65,57,it,Scotland;SixNations;FRAvITA,,,7596,Limerick,False,Neutral
900000000000000269,Fri Feb 13 15:13:14 +0000 2026,fullback_fanofficial_747,Me pretending I understand the offside rule while watching England vs Scotland 👏 #England #Scotland #SixNations,219,331,en,England;Scotland;SixNations,,,5878,Paris,False,Positive
900000000000000270,Fri Feb 20 20:56:21 +0000 2026,offload_1991_323,RT @TryLineTalk: My prediction: Ireland 41 - 26 Scotland. Should be a cracking match #SixNations @OvalBallDaily,346,105,en,SixNations,OvalBallDaily,,4718,Manchester,True,Neutral
900000000000000271,Tue Feb 24 02:18:34 +0000 2026,ovalball_ie_647,"Predicting a tight one between Italy and Ireland, could go either way tbh #Italy #Ireland #rugby",145,24,en,Italy;Ireland;rugby,,,5915,,False,Neutral
900000000000000272,Sat Feb 14 20:43:24 +0000 2026,rucknroll__982,Why does France keep giving away penalties in their own half against England?? #SixNations,82,35,en,SixNations,,,5187,,False,Neutral
900000000000000273,Fri Mar 13 22:13:31 +0000 2026,rugbyfan_791,"Terrible decision from the referee there, cost Italy the match against Ireland honestly 😩 #Italy #RugbyUnion #Championship #FinalWhistle",30,354,en,Italy;RugbyUnion;Championship;FinalWhistle,,,7144,Manchester,False,Negative
900000000000000274,Mon Feb 09 10:54:43 +0000 2026,the_terrace__996,"England lost the plot in the second half, Italy punished every single error 😤 unreal #England #rugby",46,173,en,England;rugby,,,5048,Paris,False,Negative
900000000000000275,Tue Mar 03 10:39:43 +0000 2026,kickoffkingofficial_598,"Scotland 1 - 0 doubters. What a win against Italy, championship dream still alive 🏆 #Scotland #SixNations",248,475,en,Scotland;SixNations,,,662,Paris,False,Positive
900000000000000276,Sat Feb 28 13:15:55 +0000 2026,rugbyfan_fr_318,"Wales defence today: come on in, the door's open lol 😍 #Wales #England #rugby",255,520,en,Wales;England;rugby,,,580,Cardiff,False,Positive
900000000000000277,Wed Mar 04 05:25:14 +0000 2026,conversion__fr_532,"Devastating result for Scotland fans, that final try from Wales in the last minute hurt 😡 #Championship",90,217,en,Championship,,,6250,Swansea,False,Negative
900000000000000278,Sun Mar 08 20:54:25 +0000 2026,fullback_fan228_396,"That performance from France was class from start to finish, 7 points and never looked back 🔥",291,436,en,,,,1179,Edinburgh,False,Positive
900000000000000279,Sun Mar 01 23:35:36 +0000 2026,the_terrace_835,"If Wales sort out their lineout, they beat Ireland comfortably this weekend #Wales #Ireland #RugbyUnion #IREvENG",67,61,en,Wales;Ireland;RugbyUnion;IREvENG,,,5916,Cardiff,False,Neutral
900000000000000280,Wed Feb 11 17:26:57 +0000 2026,scrumtime__741,RT @SixNationsChat: My prediction: France 11 - 33 Italy. Should be a cracking match #France,24,116,en,France,,,10841,Manchester,True,Neutral
900000000000000281,Wed Feb 25 19:23:29 +0000 2026,kickoffking_fr_457,"Wales attack has gone missing this championship, no ideas at all against France 🙄 #rugby #RugbyUnion",55,92,en,rugby;RugbyUnion,,,11018,Cardiff,False,Negative
900000000000000282,Fri Mar 06 23:16:08 +0000 2026,kickoffking_52,"Absolutely gutted for Wales, that defence completely fell apart against England today 😩 https://example.com/stats/tries",12,305,en,Wales,,https://example.com/stats/tries,3052,Cardiff,False,Negative
900000000000000283,Fri Feb 20 03:31:50 +0000 2026,scrumtime2017_684,Me pretending I understand the offside rule while watching England vs Ireland 💪 #GrandSlamWatch @OvalBallDaily,182,419,en,GrandSlamWatch,OvalBallDaily,,7525,Cardiff,False,Positive
900000000000000284,Wed Mar 04 21:36:16 +0000 2026,rucknroll1980_879,"Scotland fans after that missed kick: it's fine, everything's fine 👏 #SixNations",269,307,en,SixNations,,,1832,Milan,False,Positive
900000000000000285,Sat Feb 14 13:21:27 +0000 2026,mauling_it_887,Reminder: Ireland take on England this weekend in round five of the championship. #SixNations,6,84,en,SixNations,,,5331,London,False,Neutral
900000000000000286,Sat Feb 21 07:44:06 +0000 2026,grandslamgal585_31,RT @RugbyRoundupHQ: Me pretending I understand the offside rule while watching England vs France 😍 #England #Rugby #SixNations @OvalBallDaily,184,354,en,England;Rugby;SixNations,OvalBallDaily,,2185,London,True,Positive
900000000000000287,Tue Feb 24 01:53:14 +0000 2026,penaltykicker__500,"So proud of this Scotland team, that final try in the last minute was everything 🏆 #Scotland",306,831,en,Scotland,,,5999,London,False,Positive
900000000000000288,Wed Mar 04 08:53:05 +0000 2026,propforce1998_294,"Full time: Ireland 37 - 34 Scotland. What a match, Ireland deserved every point 💪",349,260,fr,Ireland;SixNations;rugby,,,623,Manchester,False,Positive
900000000000000289,Sat Feb 21 13:03:26 +0000 2026,grandslamgal__32,"RT @SixNationsChat: Absolute unit of a performance from the Scotland pack today, dominating the breakdown 🔥 #Scotland #rugby",305,739,en,Scotland;rugby,,,2725,Paris,True,Positive
900000000000000290,Mon Mar 09 10:53:54 +0000 2026,fullback_fan_fr_377,"RT @TryLineTalk: Ireland attack has gone missing this championship, no ideas at all against France 😡 not gonna lie https://rugbynews.example.org/recap",147,128,en,Ireland;RugbyUnion;MatchDay,,https://rugbynews.example.org/recap,4690,Nice,True,Negative
900000000000000291,Wed Feb 11 04:32:41 +0000 2026,sidestepofficial_712,"Coach Sutherland has turned this Scotland team around completely, brilliant tactics against Ireland 🎉 #Scotland #Ireland #FinalWhistle @RugbyRoundupHQ",26,350,en,Scotland;Ireland;FinalWhistle,RugbyRoundupHQ,,3261,Newcastle,False,Positive
900000000000000292,Wed Feb 18 19:06:38 +0000 2026,sidestep_627,RT @SixNationsChat: Lecomte starts at fly-half for England this weekend against Ireland. #England #Ireland https://sixnations.example.net/live,35,192,en,England;Ireland,,https://sixnations.example.net/live,5496,Dublin,True,Neutral
900000000000000293,Tue Feb 17 09:45:46 +0000 2026,mauling_it_fr_17,"Absolute unit of a performance from the France pack today, dominating the breakdown 🏆 #France #Scotland",201,412,en,France;Scotland,,,2666,Cork,False,Positive
900000000000000294,Thu Mar 05 20:53:49 +0000 2026,trylinehero882_31,Ireland confirm ticket sales for England clash open this Friday.,53,182,en,England,,,1670,Paris,False,Neutral
900000000000000295,Sat Feb 14 01:33:42 +0000 2026,lineoutlegend_uk_580,RT @SixNationsChat: Weather looks dry for the Wales vs Ireland match at Principality Stadium today. #Ireland #TeamOfUs #rugby,223,108,en,Ireland;TeamOfUs;rugby,,,3171,Cork,True,Neutral
900000000000000296,Thu Mar 05 16:42:27 +0000 2026,lineoutlegend__687,Report: Coach Bianchi set to extend contract with Wales after strong championship run. #England #rugby,52,201,en,England;rugby,,,8208,Rome,False,Neutral
900000000000000297,Wed Mar 11 15:30:53 +0000 2026,rucknroll_902,Ireland announce squad squad for upcoming England fixture at Principality Stadium. #Ireland,0,158,en,Ireland,,,7070,Nice,False,Neutral
900000000000000298,Mon Feb 09 14:10:17 +0000 2026,lineoutlegend271_228,Kickoff between France and Ireland at Stadio Olimpico in 30 minutes. #France #SixNations,61,352,en,France;SixNations,,,7055,Milan,False,Neutral
900000000000000299,Thu Feb 12 12:01:47 +0000 2026,offload__uk_345,"Full time: France 21 - 20 Ireland. Rough night for France, defence was shocking 🙄",98,167,fr,,,,8426,Paris,False,Negative
900000000000000300,Wed Mar 04 16:15:06 +0000 2026,trylinehero_901,"That performance from France was class from start to finish, 10 points and never looked back 🔥 https://example.net/highlights-reel",317,367,en,ENGvFRA,,https://example.net/highlights-reel,3564,Nice,False,Positive
900000000000000301,Tue Feb 24 03:50:36 +0000 2026,rucknroll_fr_841,Pundits are split on whether France or England will control possession today. #France https://example.com/stats/tries,125,281,en,France,,https://example.com/stats/tries,4481,Dublin,False,Neutral
900000000000000302,Sat Feb 21 22:31:16 +0000 2026,flyhalf_1980_709,"France fans after that missed kick: it's fine, everything's fine 👏",106,969,en,France;SixNations,,,3024,Nice,False,Positive
900000000000000303,Fri Feb 20 12:01:11 +0000 2026,propforce2003_432,"RT @SixNationsChat: Italy attack has gone missing missing this championship, no ideas at all against England 🙄 #SixNations @TryLineTalk https://example.com/stats/tries",49,21,en,SixNations,TryLineTalk,https://example.com/stats/tries,13767,Milan,True,Negative
900000000000000304,Fri Feb 13 08:18:52 +0000 2026,propforce__169,"Predicting a tight one between Wales and Ireland, could go either way tbh #Wales #MatchDay #CrunchTime",162,150,en,Wales;MatchDay;CrunchTime,,,118297,,False,Neutral
900000000000000305,Sat Mar 14 02:35:42 +0000 2026,trylinehero598_580,Weather looks dry for the Ireland vs Wales match at Stadio Olimpico today. #Wales #rugby #RoundFive,58,291,en,Wales;rugby;RoundFive,,,4353,Toulouse,False,Neutral
900000000000000306,Thu Mar 12 20:12:00 +0000 2026,propforceofficial_797,"Ireland lost the plot in the second half, Italy punished every single error 💔 #Ireland #Italy #MatchDay #FRAvITA",19,172,en,Ireland;Italy;MatchDay;FRAvITA,,,888,Newcastle,False,Negative
900000000000000307,Wed Feb 25 18:12:03 +0000 2026,conversion__uk_712,"Marsh missed another kick, Scotland really struggling for points tonight 😡 #Scotland #MatchDay @PitchsideNews",68,45,en,Scotland;MatchDay,PitchsideNews,,4297,Toulouse,False,Negative
900000000000000308,Wed Feb 18 21:27:53 +0000 2026,lineoutlegend_ie_19,Duffy with a MASSIVE try in in the corner!! Ireland fans are buzzing right now 🏆 #Ireland #rugby #SixNations,260,492,en,Ireland;rugby;SixNations,,,643,,False,Positive
900000000000000309,Fri Mar 06 23:07:52 +0000 2026,conversion__fr_863,Reminder: Ireland take on Wales this weekend in round five of the championship. #SCOvIRE @SixNationsChat https://rugbynews.example.org/recap,119,89,en,SCOvIRE,SixNationsChat,https://rugbynews.example.org/recap,4582,Manchester,False,Neutral
900000000000000310,Sat Feb 07 13:20:40 +0000 2026,grandslamgal_fr_637,Reminder: Italy take on France this weekend in round five of the championship. #Italy,34,264,en,Italy,,,3772,Milan,False,Neutral
900000000000000311,Wed Mar 11 16:36:09 +0000 2026,match_watcher__436,"What a game!! Wales absolutely dominated England tonight, that attack was unreal 🔥 #Wales #England #MatchDay #WALvSCO",301,504,und,Wales;England;MatchDay;WALvSCO,,,5314,Edinburgh,False,Positive
900000000000000312,Wed Mar 11 00:26:29 +0000 2026,kickoffking_636,"The Scotland defence has been immense this championship, barely conceding a try 💪 #Scotland #Ireland #Championship",345,94,en,Scotland;Ireland;Championship,,,10872,Milan,False,Positive
900000000000000313,Sat Mar 07 12:25:58 +0000 2026,kickoffking_uk_592,"The Ireland defence has been immense this championship, barely conceding a try 🏉 #SixNations #ITAvWAL",394,407,en,SixNations;ITAvWAL,,,3822,Bristol,False,Positive
900000000000000314,Thu Mar 12 06:03:56 +0000 2026,sidestep__677,"Best Ireland performance in years, that co-ordinated attack ripped France apart 🙌 #Ireland #France #SixNations",349,151,en,Ireland;France;SixNations,,,8072,Limerick,False,Positive
900000000000000315,Sun Feb 08 16:52:46 +0000 2026,penaltykicker594_15,"Ireland 1 - 0 doubters. What a win against Wales, championship dream still alive 🏉 #rugby",251,193,en,rugby,,,7594,Belfast,False,Positive
900000000000000316,Thu Feb 19 12:18:04 +0000 2026,fullback_fan_ie_760,"Congratulations to England on a brilliant win over Ireland, the defence was rock solid all match 💪 #England #SixNations #Championship",230,647,en,England;SixNations;Championship,,,5255,Newcastle,False,Negative
900000000000000317,Fri Feb 27 00:45:54 +0000 2026,offload__14,Official: kickoff time confirmed for England vs Wales at Aviva Stadium. #England #Wales #SixNations https://example.org/match-highlights,94,366,en,England;Wales;SixNations,,https://example.org/match-highlights,8519,Belfast,False,Neutral
900000000000000318,Fri Feb 20 02:44:05 +0000 2026,sidestep_ie_686,Ticket prices for the Scotland vs France fixture at Twickenham released today.,77,286,en,Scotland;France;TeamOfUs;Rugby,,,772,Newcastle,False,Neutral
900000000000000319,Fri Feb 13 08:34:19 +0000 2026,mauling_it_ie_133,"RT @TryLineTalk: Best England performance in years, that co-ordinated attack ripped Scotland apart 👏 #England #Scotland #SixNations #FRAvITA",305,485,en,England;Scotland;SixNations;FRAvITA,,,3328,Glasgow,True,Positive
900000000000000320,Thu Feb 12 15:55:40 +0000 2026,flyhalf__uk_159,"England defence today: come on in, the door's open lol 🙌 https://example.com/stats/tries",67,188,en,,,https://example.com/stats/tries,7068,,False,Positive
900000000000000321,Sat Feb 28 08:30:04 +0000 2026,touchline_talk_573,"Full time: Ireland 12 - 30 England. Rough night for Ireland, defence was shocking 😡 #England #RugbyUnion #GrandSlamWatch",120,30,fr,England;RugbyUnion;GrandSlamWatch,,,1592,Swansea,False,Negative
900000000000000322,Fri Feb 20 22:58:42 +0000 2026,ovalball_373,"What a game!! Ireland absolutely dominated Wales tonight, that attack was unreal 👏 #Ireland #Wales #RugbyUnion #MatchDay",88,298,en,Ireland;Wales;RugbyUnion;MatchDay,,,2306,Paris,False,Positive
900000000000000323,Thu Feb 26 08:17:12 +0000 2026,lineoutlegend_uk_481,Kickoff between Ireland and England at Principality Stadium in 30 minutes. #Ireland #England,129,445,en,Ireland;England,,,10091,Paris,False,Negative
900000000000000324,Mon Feb 09 12:21:07 +0000 2026,kickoffking908_904,"Hard to see past Wales winning this one, England defence has been shaky #England #rugby",107,352,en,England;rugby,,,3752,Glasgow,False,Neutral
900000000000000325,Thu Mar 05 21:50:44 +0000 2026,flyhalf_2002_87,RT @SixNationsChat: Ferreira starts at fly-half for England this weekend against Ireland. #England,29,193,en,England,,,13832,London,True,Neutral
900000000000000326,Wed Feb 11 16:25:01 +0000 2026,match_watcher_uk_216,Reminder: Wales take on Ireland this weekend in round five of the championship. #SixNations,43,166,en,SixNations,RugbyRoundupHQ;OvalBallDaily,,9726,Limerick,False,Neutral
900000000000000327,Tue Mar 10 22:05:50 +0000 2026,rugbyfan_851,BREAKING: Moretti ruled out for France with injury ahead of Ireland match. #Rugby #SixNations https://rugbynews.example.org/recap,44,25,en,Rugby;SixNations,,https://rugbynews.example.org/recap,180040,Belfast,False,Neutral
900000000000000328,Wed Mar 04 03:43:35 +0000 2026,match_watcher_12,"I reckon England edge this by a converted try over Scotland, defence will be key #England #Championship #ITAvWAL @RuckReportUK",71,254,en,England;Championship;ITAvWAL,RuckReportUK,,1512,London,False,Neutral
900000000000000329,Fri Mar 13 17:04:43 +0000 2026,lineoutlegend_uk_592,"RT @SixNationsChat: Full time: Ireland 7 - 14 France. What a match, Ireland deserved every point 💪 @ScrumCastPod",20,203,en,Ireland;rugby;ITAvWAL,ScrumCastPod,,7975,Bristol,True,Positive
900000000000000330,Sat Feb 07 06:07:22 +0000 2026,ovalball__387,"Not the Ireland performance we needed, way too many mistakes in attack 😢",87,106,en,Ireland;England;SixNations;ENGvWAL,,,15281,Cork,False,Negative
900000000000000331,Thu Mar 12 18:09:21 +0000 2026,match_watcher_893,What's the team news for France vs Ireland this weekend? Anyone seen the lineup? #France #SixNations #rugby,87,228,en,France;SixNations;rugby,,,14885,Bristol,False,Neutral
900000000000000332,Fri Feb 13 06:34:40 +0000 2026,grandslamgal_uk_255,"The France defence has been immense this championship, barely conceding a try 👏",97,427,en,France;Wales;Championship,,,3635,,False,Negative
900000000000000333,Thu Feb 19 07:54:17 +0000 2026,penaltykicker_812,"That performance from Wales was class from start to finish, 10 points and never looked back 👏 #Wales #Ireland @PitchsideNews https://example.com/stats/tries",126,555,en,Wales;Ireland,PitchsideNews,https://example.com/stats/tries,6802,Nice,False,Positive
900000000000000334,Tue Mar 03 13:51:19 +0000 2026,rucknrollofficial_17,RT @TryLineTalk: Me pretending I understand the offside rule while watching Ireland vs England 🎉 @SixNationsChat,167,383,en,Ireland;England,SixNationsChat,,3740,Nice,True,Positive
900000000000000335,Mon Feb 16 00:55:01 +0000 2026,penaltykicker_ie_161,"Congratulations to England on a brilliant win win over Scotland, the defence was rock solid all match 🙌 #SixNations #MatchDay #ENGvWAL",85,464,en,SixNations;MatchDay;ENGvWAL,SixNationsChat,,1881,,False,Positive
900000000000000336,Sun Mar 08 17:37:47 +0000 2026,sidestep_ie_801,RT @SixNationsChat: My prediction: Italy 12 - 24 Scotland. Should be a cracking match #Italy #Scotland #SixNations,243,166,en,Italy;Scotland;SixNations,,,3615,Manchester,True,Neutral
900000000000000337,Tue Mar 03 18:46:48 +0000 2026,sidestep_fr_365,RT @TryLineTalk: Referee for France vs Scotland confirmed as part of the officiating panel this round. #RugbyUnion,57,11,en,RugbyUnion,,,1866,Edinburgh,True,Neutral
900000000000000338,Sun Mar 01 13:41:24 +0000 2026,rucknroll_ie_47,Official: kickoff time confirmed for England vs Ireland Ireland at Murrayfield. #Ireland,216,158,und,Ireland,,,2068,Nice,False,Neutral
900000000000000339,Fri Feb 27 20:28:16 +0000 2026,offload_official_395,"That performance from France was class from start to finish, 10 points and never looked back 🎉 class",165,564,en,SixNations;ITAvWAL;PitchsideView,,,8536,Cardiff,False,Positive
900000000000000340,Sat Mar 07 17:51:13 +0000 2026,fullback_fan_740,What's the team news for Ireland vs Wales this weekend? Anyone seen the lineup? #Ireland #RugbyUnion,69,62,en,Ireland;RugbyUnion,,,2148,Limerick,False,Neutral
900000000000000341,Tue Feb 10 22:59:06 +0000 2026,flyhalf___914,"COSTA MISSED MISSED ANOTHER KICK, IRELAND REALLY STRUGGLING FOR POINTS TONIGHT 💔 #Ireland",156,74,en,Ireland,,,3565,Bristol,False,Negative
900000000000000342,Fri Mar 06 06:20:53 +0000 2026,kickoffking_22,"France lost the plot in the second half, Wales punished every single error 🙄 @SixNationsChat",159,38,en,rugby,SixNationsChat,,473,,False,Negative
900000000000000343,Fri Feb 27 02:58:55 +0000 2026,grandslamgalofficial_988,My prediction: Ireland 39 - 39 Scotland. Should be a cracking match,65,68,en,Ireland,,,3298,Newcastle,False,Neutral
900000000000000344,Tue Feb 24 17:44:18 +0000 2026,scrumtime_uk_989,Full time stats: Wales had 7 points from set pieces against Scotland. #Wales #Rugby #WALvSCO https://example.com/rugby-report,40,118,en,Wales;Rugby;WALvSCO,,https://example.com/rugby-report,9872,Milan,False,Neutral
900000000000000345,Sat Feb 07 19:51:56 +0000 2026,offload_1991_766,Why does England keep giving away penalties in their own half against Ireland?? big mood #England #Ireland #rugby @PitchsideNews,156,146,en,England;Ireland;rugby,PitchsideNews,,2865,Cardiff,False,Neutral
900000000000000346,Sat Feb 21 10:01:00 +0000 2026,grandslamgal_822,"England defence today: come on in, the door's open lol 💪 #England #Ireland #RugbyUnion #SixNations @ScrumCastPod",214,501,en,England;Ireland;RugbyUnion;SixNations,ScrumCastPod,,1011,Swansea,False,Positive
900000000000000347,Sat Feb 07 06:24:38 +0000 2026,scrumtime_ie_297,Reminder: France take on Italy this weekend in round five of the championship.,179,130,en,,,,3396,Cork,False,Neutral
900000000000000348,Sun Feb 08 17:36:20 +0000 2026,propforce_290,RT @SixNationsChat: My prediction: England 32 - 7 Ireland. Should be a cracking match @PitchsideNews,5,176,en,,PitchsideNews,,2686,Bristol,True,Neutral
900000000000000349,Mon Feb 23 21:50:18 +0000 2026,offload___791,"Best England performance in years, that co-ordinated attack ripped Italy apart 🏉 #England #SixNations #ENGvFRA",328,449,en,England;SixNations;ENGvFRA,,,10658,,False,Positive
900000000000000350,Sun Mar 08 23:35:46 +0000 2026,sidestep_ie_320,Why does Ireland keep giving away penalties in their own half against Scotland?? #Ireland #Scotland #RugbyUnion #SixNations #SCOvIRE,133,183,en,Ireland;Scotland;RugbyUnion;SixNations;SCOvIRE,,,1960,Nice,False,Neutral
900000000000000351,Tue Mar 10 09:31:40 +0000 2026,ovalball2015_348,"RT @RugbyRoundupHQ: Wales lost the plot in the second half, England punished every single error 😩 #Wales #SixNations #WALvSCO",21,20,en,Wales;SixNations;WALvSCO,,,10961,Paris,True,Negative
900000000000000352,Sat Feb 28 15:28:07 +0000 2026,grandslamgal_fr_506,"Best England performance in years, that co-ordinated attack ripped France apart 💪",184,496,en,,,,2856,,False,Positive
900000000000000353,Sun Mar 01 14:55:05 +0000 2026,scrumtimeofficial_740,"RT @TryLineTalk: Devastating result for Italy fans, that final try from Ireland in the last minute hurt 😤 #rugby @PitchsideNews",112,423,en,rugby,PitchsideNews,,2992,Limerick,True,Negative
900000000000000354,Tue Feb 10 09:08:35 +0000 2026,sidestep_51,"Ireland 1 - 0 doubters. What a win against England, championship dream still alive 👏 #Ireland #SixNations #TeamOfUs #ENGvFRA @TryLineTalk",171,327,en,Ireland;SixNations;TeamOfUs;ENGvFRA,TryLineTalk,,1260,Manchester,False,Positive
900000000000000355,Mon Mar 09 03:52:17 +0000 2026,rucknrollofficial_455,"Absolutely gutted for Ireland, that defence completely fell apart against Wales today 😩 #Ireland #Wales #SixNations #CrunchTime @TryLineTalk",95,303,en,Ireland;Wales;SixNations;CrunchTime,TryLineTalk,,8353,Limerick,False,Negative
900000000000000356,Sun Mar 08 05:06:26 +0000 2026,the_terrace_uk_612,RT @RugbyRoundupHQ: My prediction: England 6 - 6 France. Should be a cracking match #France #rugby #ENGvWAL,33,173,en,France;rugby;ENGvWAL,,,3721,Limerick,True,Neutral
900000000000000357,Mon Feb 16 19:58:27 +0000 2026,fullback_fan807_612,"RT @SixNationsChat: Absolutely gutted for Wales, that defence completely fell apart against England today 😩 #England #SixNations",14,78,en,England;SixNations,,,4092,Cork,True,Negative
900000000000000358,Sat Feb 21 23:41:51 +0000 2026,ovalball_ie_830,Referee for France vs Scotland confirmed as part of the officiating panel this round. #France #Rugby #rugby https://sixnations.example.net/live,33,53,en,France;Rugby;rugby,,https://sixnations.example.net/live,2259,,False,Neutral
900000000000000359,Mon Mar 02 20:30:49 +0000 2026,scrumtime1992_530,Lecomte starts at fly-half for Ireland this weekend against Scotland. #Ireland #SCOvIRE,54,181,en,Ireland;SCOvIRE,,,693,Cardiff,False,Neutral
900000000000000360,Wed Mar 04 05:35:13 +0000 2026,sidestep_fr_682,"Hard to see past Ireland winning this one, England defence has been shaky #England",52,219,en,England,,,1826,Manchester,False,Neutral
900000000000000361,Mon Mar 09 02:33:23 +0000 2026,conversion__225,"Predicting a tight one between Ireland and Wales, could go either way tbh #WALvSCO @MaulZoneFC",165,187,en,WALvSCO,MaulZoneFC,,8807,Bristol,False,Neutral
900000000000000362,Thu Feb 12 08:37:51 +0000 2026,match_watcher_420,Ferreira running faster from the ref than from Wales's defence 🏉 #France,312,396,en,France,,,9912,Rome,False,Positive
900000000000000363,Thu Mar 05 04:22:15 +0000 2026,offload__834,"Dubois missed another kick, Wales really struggling for points tonight 😩",14,340,en,Wales;England;Rugby,,,95963,Limerick,False,Negative
900000000000000364,Sat Feb 14 00:30:54 +0000 2026,conversion__uk_696,"Devastating result for Wales fans, that final try from Ireland in the last minute hurt 🙄 #Ireland https://example.net/highlights-reel",234,64,en,Ireland,,https://example.net/highlights-reel,1910,Nice,False,Negative
900000000000000365,Tue Feb 24 22:53:29 +0000 2026,mauling_it_936,"RT @SixNationsChat: Wales defence today: come on in, the door's open lol 🔥 #Wales #rugby #MatchDay #SCOvIRE",328,477,en,Wales;rugby;MatchDay;SCOvIRE,,,1042,Bristol,True,Positive
900000000000000366,Tue Mar 03 10:56:43 +0000 2026,mauling_it_ie_871,RT @RugbyRoundupHQ: Me pretending I understand the offside rule while watching France vs Ireland 🏆 big mood #SixNations,317,300,en,SixNations,,,3307,Glasgow,True,Positive
900000000000000367,Tue Mar 03 11:37:49 +0000 2026,trylinehero_fr_479,Why does England keep giving away penalties in their own half against Wales?? https://rugbynews.example.org/recap,179,234,en,Wales,,https://rugbynews.example.org/recap,8705,Dublin,False,Neutral
900000000000000368,Tue Mar 03 02:40:52 +0000 2026,match_watcher__152,"Ireland 1 - 0 doubters. What a win against Scotland, championship dream still alive 👏 #SixNations #rugby https://example.net/highlights-reel",244,472,en,SixNations;rugby,,https://example.net/highlights-reel,4793,,False,Positive
900000000000000369,Mon Feb 16 09:24:28 +0000 2026,conversion_502_593,"RT @TryLineTalk: France attack has gone missing this championship, no ideas at all against Italy 😤 so gutted #France #Italy #ITAvWAL",105,345,en,France;Italy;ITAvWAL,,,14669,,True,Negative
900000000000000370,Sun Mar 08 02:31:24 +0000 2026,rugbyfan_ie_848,"RT @RugbyRoundupHQ: France 1 - 0 doubters. What a win against Wales, championship dream still alive 🏆 #France #Wales #SixNations",80,170,en,France;Wales;SixNations,,,4725,,True,Positive
900000000000000371,Sat Feb 21 00:15:49 +0000 2026,wingwizard_ie_140,RT @RugbyRoundupHQ: Report: Coach Lemoine set to extend contract with France France after strong championship run.,41,183,en,rugby,,,16422,Dublin,True,Positive
900000000000000372,Thu Feb 26 05:52:03 +0000 2026,wingwizard_uk_267,"Wales attack has gone missing this championship, no ideas at all against England 😩 #Wales #rugby",6,441,en,Wales;rugby,,,416,Rome,False,Negative
900000000000000373,Tue Feb 24 23:18:19 +0000 2026,conversion__uk_116,"If England sort out their lineout, they beat Italy comfortably this weekend buzzing #England #SixNations",264,147,en,England;SixNations,,,8740,Swansea,False,Neutral
900000000000000374,Wed Feb 11 08:19:43 +0000 2026,mauling_it2015_541,Why does England keep giving away penalties in their own half against France?? proper mess #England #rugby #MatchDay,0,25,en,England;rugby;MatchDay,,,159,Nice,False,Neutral
900000000000000375,Thu Feb 12 07:38:50 +0000 2026,ovalballofficial_721,"Predicting a tight one between Ireland and Wales, could go either way tbh",103,73,en,Ireland;SixNations;RoundFive,,,16090,Manchester,False,Neutral
900000000000000376,Fri Mar 06 05:44:42 +0000 2026,flyhalf__425,"RT @SixNationsChat: Best Wales performance in years, that co-ordinated attack ripped England apart 🎉 proper mess #Wales #Rugby #MatchDay #SCOvIRE",200,502,en,Wales;Rugby;MatchDay;SCOvIRE,,,15493,,True,Positive
900000000000000377,Mon Feb 23 22:47:12 +0000 2026,sidestep_uk_646,"RT @SixNationsChat: CONGRATULATIONS TO WALES ON A BRILLIANT WIN OVER ITALY, THE DEFENCE WAS ROCK SOLID ALL MATCH 🎉 #Wales #Italy #SixNations #ITAvWAL @OvalBallDaily @MaulZoneFC",76,354,en,Wales;Italy;SixNations;ITAvWAL,OvalBallDaily;MaulZoneFC,,1497,London,True,Positive
900000000000000378,Sat Mar 14 04:19:35 +0000 2026,ovalball_ie_33,"I reckon Scotland edge this by a converted try over Wales, defence will be key #Scotland #SCOvIRE",116,220,en,Scotland;SCOvIRE,,,2176,Limerick,False,Neutral
900000000000000379,Fri Feb 27 17:45:19 +0000 2026,propforce690_46,BREAKING: Sinclair ruled out for Wales with injury ahead of Ireland match. #TeamOfUs #SixNations2026,61,1,en,TeamOfUs;SixNations2026,,,57,Swansea,False,Neutral
900000000000000380,Tue Mar 03 00:39:54 +0000 2026,ovalball1986_713,My prediction: France 20 - 13 Wales. Should Should be a cracking match #France #Wales,28,280,en,France;Wales,,,3272,Nice,False,Neutral
900000000000000381,Wed Feb 11 01:19:28 +0000 2026,conversion__ie_271,Byrne running faster from the ref than from Scotland's defence 😍 #Ireland #Scotland,262,196,en,Ireland;Scotland,,,7676,Dublin,False,Positive
900000000000000382,Thu Mar 12 11:12:02 +0000 2026,the_terrace__497,"Predicting a tight one between Ireland and Italy, could go either way tbh #Ireland #Italy #SixNations #rugby #WALvSCO https://sixnations.example.net/live",0,83,en,Ireland;Italy;SixNations;rugby;WALvSCO,,https://sixnations.example.net/live,1974,Limerick,False,Neutral
900000000000000383,Mon Feb 16 12:55:46 +0000 2026,kickoffkingofficial_277,"Full time: England 19 - 33 France. Rough night for England, defence was shocking 😡 #SixNations #ENGvFRA",20,70,en,SixNations;ENGvFRA,,,3156,Cork,False,Negative
900000000000000384,Sun Feb 08 08:56:36 +0000 2026,rugbyfan_ie_916,"Watching Wales vs Ireland with my nan, she knows more about rugby than the pundits 🎉",291,511,en,Wales;Ireland;RugbyUnion,,,762,Dublin,False,Positive
900000000000000385,Sat Feb 21 19:46:16 +0000 2026,rugbyfanofficial_609,"Congratulations to Ireland on a brilliant win over France, the defence was rock solid all match 🏆 #Ireland #SixNations #TeamOfUs",209,89,en,Ireland;SixNations;TeamOfUs,,,123413,Rome,False,Positive
900000000000000386,Mon Feb 09 16:48:57 +0000 2026,kickoffking544_289,Half time score: France 14 - 37 England. Tight game so far. #France #FRAvITA #GrandSlamWatch @OvalBallDaily,105,193,en,France;FRAvITA;GrandSlamWatch,OvalBallDaily,,2270,Glasgow,False,Neutral
900000000000000387,Thu Feb 19 15:48:15 +0000 2026,rugbyfan__70,"Costa missed another kick, Ireland really struggling for points tonight 💔 #Ireland",7,305,en,Ireland,,,5879,Manchester,False,Negative
900000000000000388,Tue Feb 10 15:47:54 +0000 2026,wingwizard371_342,Ticket prices for the Italy vs Wales fixture at Stade de France France released today. #RugbyUnion,84,124,en,RugbyUnion,,,938,Leeds,False,Neutral
900000000000000389,Tue Feb 10 00:00:31 +0000 2026,wingwizard928_265,"What a game!! Wales absolutely dominated England tonight, that attack was unreal 🙌 #TeamOfUs #ITAvWAL",346,427,en,TeamOfUs;ITAvWAL,,,795,Leeds,False,Positive
900000000000000390,Mon Feb 16 03:11:20 +0000 2026,conversion_2011_282,"Not the Ireland performance we needed, way too many mistakes in attack 😤",35,115,en,Ireland;rugby;WALvSCO,,,3143,Limerick,False,Negative
900000000000000391,Sun Feb 15 18:22:33 +0000 2026,sidestep_fr_239,"RT @RugbyRoundupHQ: Lecomte missed another kick, Ireland really struggling for points tonight 😤 #Ireland #Championship #rugby #ENGvFRA",3,59,en,Ireland;Championship;rugby;ENGvFRA,,,7348,Leeds,True,Negative
900000000000000392,Thu Mar 12 20:07:53 +0000 2026,the_terrace242_405,Ticket prices for the England vs Scotland fixture at Stade de France released today. unreal,22,135,en,,PitchsideNews,,4081,,False,Neutral
900000000000000393,Sun Feb 22 12:41:09 +0000 2026,mauling_it_831,"Absolute unit of a performance from the France pack today, dominating the breakdown 🏆 #France #ENGvWAL",227,358,en,France;ENGvWAL,,,2333,,False,Positive
900000000000000394,Wed Mar 11 17:47:16 +0000 2026,kickoffking674_776,"Full time: Scotland 33 - 6 France. What a match, Scotland deserved every point 🏉 #France #rugby @ScrumCastPod",177,473,en,France;rugby,ScrumCastPod,,99,Nice,False,Positive
900000000000000395,Thu Feb 12 01:31:37 +0000 2026,the_terrace_142,RT @PitchsideNews: What's the team news for Wales vs France this weekend? Anyone seen the lineup? #Wales #rugby #SCOvIRE https://example.com/stats/tries,174,181,en,Wales;rugby;SCOvIRE,,https://example.com/stats/tries,9791,Nice,True,Neutral
900000000000000396,Sun Mar 08 04:15:40 +0000 2026,touchline_talk_uk_576,"RT @PitchsideNews: Huge win for Italy at Principality Stadium, the crowd was absolutely electric 😍 #rugby #Rugby #IREvENG @TryLineTalk",278,536,en,rugby;Rugby;IREvENG,TryLineTalk,,1184,Glasgow,True,Positive
900000000000000397,Sat Feb 07 17:39:48 +0000 2026,ovalballofficial_694,"Reilly missed another kick, Ireland really struggling for for points tonight 😤 #Ireland #Scotland",9,182,und,Ireland;Scotland,,,2236,Newcastle,False,Negative
900000000000000398,Fri Mar 13 17:14:31 +0000 2026,grandslamgal_667,Team news: Coach Delaney makes three changes for England ahead of the Ireland match. #England #FRAvITA,98,92,en,England;FRAvITA,,,563,,False,Neutral
900000000000000399,Thu Feb 12 07:06:26 +0000 2026,conversion_official_758,"Scotland fans after that missed kick: it's fine, fine, everything's fine 😍 @TryLineTalk",219,359,en,Scotland;Championship;Rugby;SCOvIRE,TryLineTalk,,4197,,False,Positive
900000000000000400,Sat Mar 07 04:23:46 +0000 2026,rugbyfan_ie_3,WEATHER LOOKS DRY FOR THE FRANCE VS WALES MATCH AT STADE DE FRANCE TODAY.,49,367,en,,,,6870,Milan,False,Neutral
900000000000000401,Tue Feb 17 09:53:49 +0000 2026,mauling_it_469,"Absolute unit of a performance from the Ireland pack today, dominating the breakdown 👏 #TeamOfUs #SixNations2026",446,579,en,TeamOfUs;SixNations2026,,,5417,Paris,False,Positive
900000000000000402,Sat Feb 14 00:34:29 +0000 2026,rucknroll_uk_65,Reminder: France take on Ireland this weekend in round five of the championship. #France #Ireland #TeamOfUs #ITAvWAL,66,230,en,France;Ireland;TeamOfUs;ITAvWAL,,,2558,,False,Neutral
900000000000000403,Tue Feb 24 12:56:25 +0000 2026,wingwizard99_361,"Full time: England 37 - 23 Ireland. What a match, England deserved every point 🏉 @PitchsideNews",416,131,en,,PitchsideNews,,1924,Paris,False,Positive
900000000000000404,Sat Feb 14 16:51:56 +0000 2026,trylinehero_uk_520,"RT @TryLineTalk: So proud of this Wales team, that final try in the last minute was everything 😍",176,463,en,Wales;MatchDay,,,7588,Belfast,True,Positive
900000000000000405,Mon Mar 02 19:56:37 +0000 2026,flyhalf__uk_454,"That performance from England was class from start to finish, 10 points and never looked back 🏉 #France #SixNations #FRAvITA #RoundFive",492,218,en,France;SixNations;FRAvITA;RoundFive,,,3877,,False,Positive
900000000000000406,Sun Feb 15 18:34:27 +0000 2026,grandslamgal70_230,Me pretending I understand the offside rule while watching France vs England 🏆 #France #England,251,922,en,France;England,,,317,Milan,False,Positive
900000000000000407,Tue Mar 10 19:04:29 +0000 2026,ovalball_ie_18,"RT @TryLineTalk: Can't believe Ireland let that lead slip against England, so much for the championship dream 😤 #Ireland #England #RugbyUnion",216,22,en,Ireland;England;RugbyUnion,,,8809,Nice,True,Negative
900000000000000408,Wed Feb 11 01:33:16 +0000 2026,grandslamgal__308,"Best Scotland performance in years, that co-ordinated attack ripped England apart 🔥 #Scotland #England #RugbyUnion @OvalBallDaily",203,236,fr,Scotland;England;RugbyUnion,OvalBallDaily,,9804,Manchester,False,Positive
900000000000000409,Sun Feb 08 23:37:59 +0000 2026,wingwizard_ie_796,"What a game!! Ireland absolutely dominated England tonight, that attack was unreal 😍 #England #rugby #ITAvWAL https://example.com/stats/tries",193,279,en,England;rugby;ITAvWAL,,https://example.com/stats/tries,3407,,False,Positive
900000000000000410,Fri Feb 06 18:18:29 +0000 2026,mauling_it_uk_119,"So proud of this Ireland team, that final try in the last minute was everything 💪 #Ireland #France #rugby",367,395,en,Ireland;France;rugby,,,744,Nice,False,Positive
900000000000000411,Tue Mar 10 14:12:20 +0000 2026,ovalball_121,"RT @PitchsideNews: What a game!! England absolutely dominated Ireland tonight, that attack was unreal 🏆 #England #rugby @OvalBallDaily",326,276,en,England;rugby,OvalBallDaily,,3443,Cork,True,Positive
900000000000000412,Sun Feb 15 22:50:34 +0000 2026,penaltykicker_173,Full time stats: England had 17 points from set pieces against Ireland.,85,180,en,rugby,,,11022,Newcastle,False,Neutral
900000000000000413,Wed Mar 11 11:52:34 +0000 2026,match_watcher__270,Me pretending I understand the offside rule while watching Ireland vs France 🎉 #Ireland #Rugby #rugby,323,59,en,Ireland;Rugby;rugby,,,5890,Swansea,False,Positive
900000000000000414,Mon Feb 16 09:02:59 +0000 2026,rucknroll_uk_49,Marsh starts at fly-half for Ireland this weekend against England. https://example.com/rugby-report,107,392,und,ENGvWAL,,https://example.com/rugby-report,3834,Rome,False,Neutral
900000000000000415,Fri Feb 13 13:11:47 +0000 2026,wingwizard_672,"Full time: England 19 - 18 France. Rough night for England, defence was shocking 🙄 #France #Rugby #SCOvIRE https://example.com/stats/tries",86,286,en,France;Rugby;SCOvIRE,,https://example.com/stats/tries,9127,Limerick,False,Negative
900000000000000416,Fri Feb 13 02:34:48 +0000 2026,touchline_talk_390,RT @RugbyRoundupHQ: ANYONE KNOW WHY LECOMTE ISN'T STARTING FOR IRELAND TODAY?? #Ireland #WALvSCO @RugbyRoundupHQ,132,105,en,Ireland;WALvSCO,RugbyRoundupHQ,,2991,Leeds,True,Neutral
900000000000000417,Wed Feb 11 03:29:26 +0000 2026,propforce469_952,"Predicting a tight one between Wales and France, could go either way tbh",85,61,en,Wales;ENGvFRA,,,5985,Newcastle,False,Neutral
900000000000000418,Wed Feb 25 23:32:44 +0000 2026,mauling_it_uk_209,Pundits are split on whether Wales or France will control possession today. proper mess #Rugby,124,29,en,Rugby,,,1760,Newcastle,False,Neutral
900000000000000419,Thu Mar 05 18:45:19 +0000 2026,kickoffking869_292,Italy announce squad for upcoming Ireland fixture at Principality Stadium. #Italy #RugbyUnion,98,227,en,Italy;RugbyUnion,,,5184,Cork,False,Neutral
900000000000000420,Tue Mar 03 19:34:50 +0000 2026,wingwizardofficial_252,"Dubois missed another kick, Wales really struggling for points tonight 😤 #Wales #rugby",95,88,en,Wales;rugby,,,11803,Nice,False,Negative
900000000000000421,Thu Mar 05 02:53:51 +0000 2026,the_terrace2020_414,England confirm ticket sales for Ireland clash open this Friday. absolute unit #England #TeamOfUs #FRAvITA,28,271,en,England;TeamOfUs;FRAvITA,,,6187,London,False,Neutral
900000000000000422,Thu Feb 12 16:12:13 +0000 2026,the_terrace_uk_388,Anyone know why O'Connor isn't starting for France today?? #Italy #SixNations #ITAvWAL @ScrumCastPod,234,150,en,Italy;SixNations;ITAvWAL,ScrumCastPod,,1577,Toulouse,False,Neutral
900000000000000423,Sun Feb 15 06:35:17 +0000 2026,kickoffking_fr_905,Report: Coach Lemoine set to extend contract with France after strong championship run. #Championship @RugbyRoundupHQ https://sixnations.example.net/live,202,209,en,Championship,RugbyRoundupHQ,https://sixnations.example.net/live,938,Edinburgh,False,Neutral
900000000000000424,Fri Mar 13 23:45:57 +0000 2026,rugbyfan_856,"RT @PitchsideNews: Full time: Italy 35 - 24 Ireland. Rough night for Italy, defence was shocking 😩 #Italy #MatchDay",39,516,it,Italy;MatchDay,,,3128,Toulouse,True,Negative
900000000000000425,Mon Feb 09 17:05:51 +0000 2026,touchline_talkofficial_338,RT @SixNationsChat: Genuine question: is Coach Sutherland the right person to lead Wales into the final? #Wales #Ireland #SixNations #rugby #WALvSCO,231,153,en,Wales;Ireland;SixNations;rugby;WALvSCO,,,6278,Dublin,True,Neutral
900000000000000426,Sun Feb 08 01:59:14 +0000 2026,offload_393_810,"Hard to see past Ireland winning this one, Wales defence has been shaky #Wales #SixNations https://example.com/rugby-report",153,1,en,Wales;SixNations,,https://example.com/rugby-report,8276,Newcastle,False,Neutral
900000000000000427,Tue Feb 17 09:51:14 +0000 2026,touchline_talk_uk_195,"Congratulations to Wales on a brilliant win over England, the defence was rock solid all match 🙌 #rugby https://example.com/stats/tries",359,109,en,rugby,,https://example.com/stats/tries,5055,Paris,False,Positive
900000000000000428,Fri Feb 06 14:06:59 +0000 2026,scrumtime_uk_98,"Ireland lost the plot in the second half, England punished every single error 🙄 #ENGvFRA @RuckReportUK @TryLineTalk https://example.com/rugby-report",11,37,en,ENGvFRA,RuckReportUK;TryLineTalk,https://example.com/rugby-report,2601,Rome,False,Negative
900000000000000429,Sun Mar 08 04:56:50 +0000 2026,fullback_fan__257,"Full time: France 15 - 17 Wales. Rough night for France, defence was shocking 😤 #Wales",54,165,en,Wales,,,5820,Milan,False,Negative
900000000000000430,Fri Feb 27 05:21:33 +0000 2026,mauling_it_236,"Coach Delaney needs to explain this France performance, nowhere near good enough vs Ireland 🙄 https://example.com/stats/tries",42,4,en,,,https://example.com/stats/tries,10245,Cork,False,Negative
900000000000000431,Wed Feb 18 12:47:07 +0000 2026,sidestep_ie_445,Half time score: France 14 - 21 Scotland. Tight game so so far. #France #Scotland #SixNations #FRAvITA,66,13,en,France;Scotland;SixNations;FRAvITA,,,2531,Belfast,False,Neutral
900000000000000432,Sat Feb 28 17:57:32 +0000 2026,flyhalf_1988_331,"England fans after that missed kick: it's fine, everything's fine 🔥 #England #rugby @ScrumCastPod",324,224,en,England;rugby,ScrumCastPod,,11149,Limerick,False,Negative
900000000000000433,Sat Feb 07 03:02:48 +0000 2026,grandslamgal802_896,"Watching England vs Wales with my nan, she knows more about rugby than the pundits 😍 #MatchDay #rugby https://sixnations.example.net/live",167,184,en,MatchDay;rugby,,https://sixnations.example.net/live,8415,,False,Positive
900000000000000434,Fri Feb 06 22:26:41 +0000 2026,sidestep1985_415,BREAKING: Kowalski ruled out for England with injury ahead of Wales match. #Rugby #SixNations #ENGvFRA https://example.org/match-highlights,111,80,en,Rugby;SixNations;ENGvFRA,,https://example.org/match-highlights,11236,Newcastle,False,Neutral
900000000000000435,Sat Feb 07 02:23:49 +0000 2026,offload__ie_711,Marsh running faster from the ref than from England's defence 💪,381,310,en,France,,,4666,Belfast,False,Positive
900000000000000436,Fri Feb 20 01:52:43 +0000 2026,flyhalf__ie_674,RT @SixNationsChat: Genuine Genuine question: is Coach Harrington the right person to lead France into the final? #France #Scotland #SixNations,210,45,en,France;Scotland;SixNations,,,3065,Bristol,True,Neutral
900000000000000437,Sun Feb 08 22:24:25 +0000 2026,scrumtime__643,Me pretending I understand the offside rule while watching Wales vs Ireland 🏉 #RugbyUnion @RuckReportUK https://sixnations.example.net/live,70,161,en,RugbyUnion,RuckReportUK,https://sixnations.example.net/live,460,Cardiff,False,Positive
900000000000000438,Thu Mar 12 08:20:37 +0000 2026,penaltykicker_ie_198,"Ireland 1 - 0 doubters. What a win against England, championship dream still alive 😍 class act #Ireland #SixNations #rugby #SCOvIRE",358,264,en,Ireland;SixNations;rugby;SCOvIRE,,,10610,Manchester,False,Positive
900000000000000439,Fri Mar 13 01:27:26 +0000 2026,trylinehero2004_629,"RT @TryLineTalk: Wales 1 - 0 doubters. What a win against Ireland, championship dream still alive 🔥 #Wales #SixNations #GrandSlamWatch",274,239,en,Wales;SixNations;GrandSlamWatch,,,746,Belfast,True,Positive
900000000000000440,Sat Mar 14 11:34:09 +0000 2026,conversion_2019_625,Reminder: Italy take on Wales this weekend in round five of the championship. #Italy #SixNations,1,168,en,Italy;SixNations,,,4225,Bristol,False,Neutral
900000000000000441,Fri Feb 13 16:24:02 +0000 2026,trylinehero2016_13,"Predicting a tight one between Ireland and Wales, could go either way tbh (live)",26,130,en,Ireland;rugby,,,4003,Nice,False,Neutral
900000000000000442,Sun Mar 08 15:56:39 +0000 2026,conversion__192,"IF ENGLAND SORT OUT THEIR LINEOUT, THEY BEAT IRELAND COMFORTABLY THIS WEEKEND #England #Ireland",158,133,en,England;Ireland,,,7800,,False,Neutral
900000000000000443,Sat Feb 07 04:41:56 +0000 2026,rucknrollofficial_840,"Coach Sutherland needs to explain this England performance, nowhere near good enough vs Scotland 😡 buzzing",141,129,en,,,,4348,Leeds,False,Negative
900000000000000444,Wed Mar 04 05:11:05 +0000 2026,offload_official_180,RT @TryLineTalk: Dubois with a MASSIVE try in the the corner!! England fans are buzzing right now 🔥,110,481,en,England;Ireland;rugby,,,91,Glasgow,True,Positive
900000000000000445,Sun Feb 15 12:45:25 +0000 2026,sidestep275_751,"If England sort out their lineout, they beat Italy comfortably this weekend #England #rugby",42,121,en,England;rugby,,,2888,London,False,Neutral
900000000000000446,Wed Mar 11 16:08:56 +0000 2026,sidestep_ie_915,"RT @RugbyRoundupHQ: Absolutely gutted for Ireland, that defence completely fell apart against France today 😩 unreal #SixNations",71,89,en,SixNations,,,13027,Leeds,True,Negative
900000000000000447,Fri Feb 20 14:40:53 +0000 2026,touchline_talk_ie_227,"RT @TryLineTalk: Huge win for Scotland at Stade de France, the crowd was absolutely electric 🙌 so gutted #RugbyUnion #rugby https://example.net/highlights-reel",242,541,fr,RugbyUnion;rugby,,https://example.net/highlights-reel,9992,London,True,Negative
900000000000000448,Fri Mar 13 07:08:59 +0000 2026,wingwizard_343,Italy announce squad for upcoming Wales fixture at Murrayfield. #rugby @MaulZoneFC,180,105,en,rugby,MaulZoneFC,,12077,Toulouse,False,Neutral
900000000000000449,Thu Mar 12 15:51:56 +0000 2026,offload__fr_275,"So disappointed watching Ireland today, France deserved that win comfortably 😡 #Ireland #Rugby #rugby",40,236,en,Ireland;Rugby;rugby,,,2521,Bristol,False,Negative
900000000000000450,Thu Feb 26 07:08:09 +0000 2026,match_watcher_756,"Wales 1 - 0 doubters. What a win against England, championship dream still alive 😍 #RugbyUnion #MatchDay",376,644,en,RugbyUnion;MatchDay,,,8679,London,False,Positive
900000000000000451,Fri Mar 13 12:34:14 +0000 2026,kickoffking_15,"Best Scotland performance in years, that co-ordinated attack ripped England apart 🏆 unreal #SixNations #RugbyFamily @PitchsideNews https://example.com/rugby-report",217,396,en,SixNations;RugbyFamily,PitchsideNews,https://example.com/rugby-report,2398,London,False,Positive
900000000000000452,Tue Feb 10 01:51:03 +0000 2026,propforceofficial_658,Kickoff between Ireland and Italy at Stadio Olimpico in 30 minutes. #Ireland,328,99,en,Ireland,,,1634,Newcastle,False,Neutral
900000000000000453,Wed Mar 11 23:24:10 +0000 2026,match_watcher_uk_39,"RT @PitchsideNews: Dubois missed another kick, France really struggling for points tonight 😤 #France #Rugby #SixNations #WALvSCO",130,138,en,France;Rugby;SixNations;WALvSCO,,,1139,Dublin,True,Negative
900000000000000454,Fri Feb 06 13:51:42 +0000 2026,flyhalf__uk_733,Reminder: Scotland take on France this weekend in round five of the championship. #Scotland #France,400,306,en,Scotland;France,,,6145,Glasgow,False,Neutral
900000000000000455,Fri Mar 13 15:25:48 +0000 2026,scrumtime_332,Costa starts at fly-half for Ireland this weekend against Italy. #Italy #ENGvWAL #TryTime https://example.com/rugby-report,54,40,en,Italy;ENGvWAL;TryTime,,https://example.com/rugby-report,1321,Bristol,False,Neutral
900000000000000456,Fri Feb 27 14:55:18 +0000 2026,ovalball__0,"Ireland fans fans after that missed kick: it's fine, everything's fine 💪 #Ireland #SixNations",265,271,en,Ireland;SixNations,,,5002,Cork,False,Positive
900000000000000457,Tue Feb 17 03:29:18 +0000 2026,grandslamgal1987_403,RT @RugbyRoundupHQ: Anyone know why Dubois isn't starting for Italy today??,12,116,en,Italy;France;SixNations,,,7329,Edinburgh,True,Neutral
900000000000000458,Fri Mar 06 20:17:07 +0000 2026,ovalball751_701,Reminder: Ireland take on Wales this weekend in round five of the championship. #Ireland,104,154,en,Ireland,,,5195,Edinburgh,False,Neutral
900000000000000459,Wed Feb 25 10:53:26 +0000 2026,rugbyfan_uk_83,"That performance from Italy was class from start to finish, 3 points and never looked back 🔥 buzzing #Italy #Scotland #Rugby",65,546,en,Italy;Scotland;Rugby,,,10048,Cardiff,False,Positive
900000000000000460,Wed Mar 11 05:48:36 +0000 2026,flyhalf__201,Dubois starts at fly-half for Wales this weekend against France. #Wales #France #rugby,129,116,en,Wales;France;rugby,,,4306,,False,Neutral
900000000000000461,Tue Mar 10 08:12:18 +0000 2026,the_terrace_865,RT @SixNationsChat: Referee for Ireland vs England confirmed as part of the officiating panel this round. #Ireland #rugby #TeamOfUs,15,101,en,Ireland;rugby;TeamOfUs,ScrumCastPod,,3261,Manchester,True,Neutral
900000000000000462,Sat Feb 21 20:54:15 +0000 2026,trylinehero_fr_662,"ABSOLUTELY GUTTED FOR FRANCE, THAT DEFENCE COMPLETELY FELL APART AGAINST ENGLAND TODAY 😩 #France #SixNations",125,189,en,France;SixNations,,,315,London,False,Negative
900000000000000463,Sun Feb 08 13:33:22 +0000 2026,offload__uk_657,Duffy with a MASSIVE try in the corner!! Ireland fans are buzzing right now 🏉 #RugbyUnion #FinalWhistle,211,494,en,RugbyUnion;FinalWhistle,,,4026,Paris,False,Positive
900000000000000464,Mon Mar 09 14:50:56 +0000 2026,wingwizardofficial_356,"What a game!! Ireland absolutely dominated France tonight, that attack was unreal 🎉 class act #Ireland #France #rugby #SixNations",214,177,en,Ireland;France;rugby;SixNations,,,3386,Swansea,False,Positive
900000000000000465,Mon Mar 02 18:24:16 +0000 2026,wingwizard_ie_26,"RT @TryLineTalk: Hard to see past Scotland winning this one, France defence has been shaky #SixNations #SCOvIRE",229,183,en,SixNations;SCOvIRE,,,10783,Manchester,True,Neutral
900000000000000466,Fri Feb 06 13:01:50 +0000 2026,trylinehero_300,BREAKING: Ferreira ruled out for France with injury ahead of Ireland match.,97,54,en,France;rugby,,,8286,Belfast,False,Neutral
900000000000000467,Sat Feb 28 04:19:06 +0000 2026,touchline_talk_ie_211,Referee for Wales vs France confirmed as part of the officiating panel this round. #Wales #France #SixNations #MatchDay #ENGvFRA @TryLineTalk https://example.org/match-highlights,55,449,en,Wales;France;SixNations;MatchDay;ENGvFRA,TryLineTalk,https://example.org/match-highlights,6506,Nice,False,Negative
900000000000000468,Sun Mar 08 01:20:40 +0000 2026,scrumtime1993_88,Weather looks dry for the France vs Scotland match at Aviva Stadium today. #CrunchTime,6,126,en,CrunchTime,,,3302,Swansea,False,Neutral
900000000000000469,Fri Feb 13 20:48:49 +0000 2026,sidestep2003_755,RT @SixNationsChat: Anyone know why Fitzgerald isn't starting for Scotland today?? #rugby @ScrumCastPod https://example.com/rugby-report,418,176,en,rugby,ScrumCastPod,https://example.com/rugby-report,5308,,True,Neutral
900000000000000470,Tue Feb 17 23:44:53 +0000 2026,grandslamgal1981_4,RT @SixNationsChat: Kickoff between Scotland and England at Twickenham in 30 minutes. https://sixnations.example.net/live,104,209,en,Scotland,,https://sixnations.example.net/live,7826,Cardiff,True,Neutral
900000000000000471,Thu Mar 05 23:08:08 +0000 2026,flyhalf__461,Ferreira running faster from the ref than from Scotland's defence 💪 #Wales #Scotland https://example.org/match-highlights,185,564,en,Wales;Scotland,OvalBallDaily,https://example.org/match-highlights,7693,,False,Neutral
900000000000000472,Mon Feb 23 15:25:28 +0000 2026,conversion___959,"Absolutely gutted for Wales, that defence completely fell apart against Ireland today 😩 #Wales #Ireland #Championship",308,101,en,Wales;Ireland;Championship,,,479,Nice,False,Negative
900000000000000473,Wed Feb 11 00:14:47 +0000 2026,match_watcher__928,"What a game!! Scotland absolutely dominated France tonight, that attack was unreal 🎉 #Scotland #France #IREvENG @PitchsideNews",249,254,en,Scotland;France;IREvENG,PitchsideNews,,7432,Glasgow,False,Positive
900000000000000474,Tue Feb 17 20:48:21 +0000 2026,wingwizard_622,"RT @PitchsideNews: Terrible decision from the referee there, cost Ireland the match against Scotland honestly 😩 #Ireland https://example.com/rugby-report",0,212,en,Ireland,,https://example.com/rugby-report,2467,Limerick,True,Negative
900000000000000475,Thu Feb 26 06:50:15 +0000 2026,propforce_ie_914,Official: kickoff time confirmed for England vs France at Stade de France. #England #rugby #FRAvITA,121,58,en,England;rugby;FRAvITA,,,2199,Belfast,False,Neutral
900000000000000476,Mon Mar 02 10:09:53 +0000 2026,trylineheroofficial_979,Team news: Coach Delaney makes three changes for Italy ahead of the Ireland match. #Ireland,145,358,en,Ireland,,,9578,Newcastle,False,Neutral
900000000000000477,Fri Mar 13 10:15:23 +0000 2026,propforce825_197,"So proud of this Scotland team, that final try in the last minute was everything 🔥 #Scotland #SixNations",247,297,en,Scotland;SixNations,,,6065,Swansea,False,Positive
900000000000000478,Tue Feb 24 21:29:38 +0000 2026,scrumtime949_68,"So disappointed watching Ireland today, France deserved that win comfortably 😢",211,219,en,,,,1434,Rome,False,Negative
900000000000000479,Mon Feb 09 20:45:51 +0000 2026,kickoffking__51,Report: Coach Bianchi set to extend contract with Ireland after strong championship run. #France #SixNations @OvalBallDaily,51,89,en,France;SixNations,OvalBallDaily,,4197,Newcastle,False,Neutral
900000000000000480,Tue Mar 10 04:44:09 +0000 2026,scrumtime2011_467,"Terrible decision from the referee there, cost England the match against Ireland honestly 💔 #England #SixNations #TeamOfUs #ENGvFRA",36,61,en,England;SixNations;TeamOfUs;ENGvFRA,,,1182,Limerick,False,Negative
900000000000000481,Sun Mar 01 04:47:02 +0000 2026,fullback_fanofficial_952,"France 1 - 0 doubters. What a win against Ireland, championship dream still alive 💪 #France #Rugby #SixNations #IREvFRA https://example.net/highlights-reel",362,516,en,France;Rugby;SixNations;IREvFRA,,https://example.net/highlights-reel,3844,Cork,False,Positive
900000000000000482,Sun Feb 08 05:28:36 +0000 2026,penaltykicker_205,"That performance from Ireland was class from start to finish, 14 points and never looked back 🏆 #Ireland #Wales #SixNations #rugby",359,370,en,Ireland;Wales;SixNations;rugby,,,2306,Toulouse,False,Positive
900000000000000483,Sun Feb 15 02:59:11 +0000 2026,trylinehero__630,"TERRIBLE DECISION FROM THE REFEREE THERE, COST IRELAND THE MATCH MATCH AGAINST FRANCE HONESTLY 😡 #Ireland #France #rugby #WALvSCO",120,51,en,Ireland;France;rugby;WALvSCO,,,6607,London,False,Negative
900000000000000484,Thu Feb 26 05:07:34 +0000 2026,match_watcher558_235,"Predicting a tight one between Wales and Italy, could go either way way tbh #rugby https://rugbynews.example.org/recap",159,65,en,rugby,,https://rugbynews.example.org/recap,10570,Cardiff,False,Neutral
900000000000000485,Thu Mar 05 22:24:16 +0000 2026,rucknroll455_505,"Coach Kavanagh needs to explain this Wales performance, nowhere near good enough vs Scotland 😤 #SixNations",128,107,en,SixNations,,,12144,Bristol,False,Negative
900000000000000486,Sat Feb 28 14:59:19 +0000 2026,offload_1980_41,"RT @TryLineTalk: Huge win win for England at Aviva Stadium, the crowd was absolutely electric 😍 #England #rugby",120,574,en,England;rugby,,,664,Cork,True,Positive
900000000000000487,Wed Mar 11 23:03:11 +0000 2026,lineoutlegend_540,RT @RugbyRoundupHQ: Me pretending I understand the offside rule while watching England vs Italy 🔥 #England #SixNations2026,341,648,en,England;SixNations2026,,,3064,Cardiff,True,Positive
900000000000000488,Mon Mar 02 08:54:25 +0000 2026,penaltykicker_339,RT @SixNationsChat: Referee for Scotland vs Italy confirmed as part of the officiating panel this round. https://sixnations.example.net/live,57,473,en,Scotland;CrunchTime,,https://sixnations.example.net/live,8689,Belfast,True,Neutral
900000000000000489,Thu Mar 05 20:38:33 +0000 2026,the_terraceofficial_946,"RT @PitchsideNews: Italy defence today: come on in, the door's open lol 🎉 unreal #SixNations #FRAvITA",435,254,en,SixNations;FRAvITA,,,8317,Leeds,True,Positive
900000000000000490,Thu Feb 12 11:02:24 +0000 2026,match_watcher_970,"Huge win for England at Stade de France, the crowd was absolutely electric 🎉 big mood #Scotland https://example.net/highlights-reel",151,405,en,Scotland,,https://example.net/highlights-reel,3581,Toulouse,False,Positive
900000000000000491,Tue Feb 24 08:20:50 +0000 2026,rugbyfan_fr_594,"If Italy sort out their lineout, they beat England comfortably this weekend #Italy #RugbyUnion",12,97,en,Italy;RugbyUnion,,,3750,Newcastle,False,Neutral
900000000000000492,Sat Feb 07 21:21:48 +0000 2026,ovalball_885,"The France defence has been immense this championship, barely conceding a try 🙌 #MatchDay @RugbyRoundupHQ https://example.org/match-highlights",232,774,en,MatchDay,RugbyRoundupHQ,https://example.org/match-highlights,5602,Nice,False,Positive
900000000000000493,Thu Feb 12 19:02:46 +0000 2026,match_watcher_ie_132,"RT @SixNationsChat: Full time: Italy 22 - 19 Wales. Rough night for Italy, defence was shocking 😤 #Italy #Rugby #rugby",133,151,en,Italy;Rugby;rugby,,,337,Dublin,True,Negative
900000000000000494,Sat Feb 28 15:23:06 +0000 2026,wingwizard_855,Ticket prices for the Scotland vs England fixture at Aviva Stadium released today. #Scotland,110,232,it,Scotland,,,6715,Newcastle,False,Neutral
900000000000000495,Thu Feb 19 13:31:10 +0000 2026,the_terrace1994_857,O'Connor starts at fly-half for Ireland this weekend against England. #Ireland #MatchDay #Rugby,16,76,en,Ireland;MatchDay;Rugby,,,401,Nice,False,Neutral
900000000000000496,Wed Feb 11 11:09:36 +0000 2026,the_terrace__687,"If Wales sort out their lineout, they beat England comfortably this weekend #ENGvFRA @MaulZoneFC",205,73,en,ENGvFRA,MaulZoneFC,,4931,Nice,False,Neutral
900000000000000497,Wed Feb 11 23:54:57 +0000 2026,the_terraceofficial_46,RT @SixNationsChat: England confirm ticket sales for Scotland clash open this Friday. #Scotland #Rugby #SixNations https://example.com/rugby-report,50,159,en,Scotland;Rugby;SixNations,,https://example.com/rugby-report,3584,Paris,True,Neutral
900000000000000498,Sun Feb 22 21:55:25 +0000 2026,ovalball__921,"Absolute unit of a performance from the Ireland pack today, dominating the breakdown 👏 https://sixnations.example.net/live",319,629,en,England;rugby;ENGvFRA,,https://sixnations.example.net/live,5555,Dublin,False,Positive
900000000000000499,Fri Feb 27 11:37:46 +0000 2026,sidestep_416,"England defence today: come on in, the door's open lol 🙌 #France #Rugby",199,481,en,France;Rugby,,,3831,Manchester,False,Positive
900000000000000500,Mon Feb 23 22:53:02 +0000 2026,flyhalf_official_204,"If Wales sort out their lineout, they beat Scotland comfortably this weekend #Scotland #rugby #PitchsideView",155,209,en,Scotland;rugby;PitchsideView,,,3093,Leeds,False,Neutral
900000000000000501,Thu Mar 05 08:31:22 +0000 2026,grandslamgal_710,Whitmore with a MASSIVE try in the corner!! Wales fans are buzzing right now 😍 #Wales #Ireland,312,617,en,Wales;Ireland,,,1859,Paris,False,Positive
900000000000000502,Tue Mar 03 21:16:05 +0000 2026,rucknroll_fr_9,"Coach Bianchi has turned this France team around completely, brilliant tactics against Scotland 😍 #Scotland",306,257,en,Scotland,,,9175,Bristol,False,Positive
900000000000000503,Wed Mar 11 21:33:25 +0000 2026,flyhalf__ie_258,Weather looks dry for the England vs Italy match at Twickenham today. #England #Italy,293,45,en,England;Italy,,,2506,Edinburgh,False,Neutral
900000000000000504,Sun Feb 08 16:27:57 +0000 2026,fullback_fan1984_6,"Best France performance in years, that co-ordinated attack ripped England apart 🔥 #England",574,576,en,England,,,5441,Manchester,False,Positive
900000000000000505,Mon Mar 09 20:44:37 +0000 2026,rugbyfanofficial_285,"The Wales defence has been immense this championship, barely conceding a try 🏉 #Wales #rugby #TryTime",444,290,en,Wales;rugby;TryTime,RuckReportUK,,5287,Toulouse,False,Positive
900000000000000506,Wed Mar 11 12:48:49 +0000 2026,wingwizard_uk_984,"What a game!! France absolutely dominated Wales tonight, that attack was unreal 🎉 #France #Wales #SixNations #rugby",351,506,en,France;Wales;SixNations;rugby,,,7875,Dublin,False,Positive
900000000000000507,Wed Feb 18 18:03:10 +0000 2026,sidestep_675,"I reckon France edge this by a converted try over Italy, defence will be key #Italy",119,156,en,Italy,,,1449,Rome,False,Neutral
900000000000000508,Fri Feb 20 08:07:12 +0000 2026,propforce1998_498,"Not the England performance we needed, way too many mistakes in attack 😢 #SixNations #RugbyUnion #ENGvWAL #FinalWhistle",141,170,en,SixNations;RugbyUnion;ENGvWAL;FinalWhistle,,,112967,Milan,False,Negative
900000000000000509,Thu Mar 05 05:35:29 +0000 2026,conversion__ie_930,"Full time: Ireland 38 - 25 France. Rough night for Ireland, defence was shocking 😩 #Ireland #SixNations #PitchsideView https://example.com/rugby-report",84,41,en,Ireland;SixNations;PitchsideView,ScrumCastPod,https://example.com/rugby-report,15170,Milan,False,Negative
900000000000000510,Sun Feb 08 02:05:12 +0000 2026,rugbyfan_371,"Coach Delaney has turned this Ireland team around completely, brilliant tactics against Wales 🔥 shocking tbh #Ireland #rugby #ENGvWAL",58,294,en,Ireland;rugby;ENGvWAL,,,11788,Glasgow,False,Positive
900000000000000511,Tue Feb 17 02:37:09 +0000 2026,scrumtime1986_925,France confirm ticket sales for Wales clash open this Friday. @PitchsideNews https://sixnations.example.net/live,83,332,en,France;rugby,PitchsideNews,https://sixnations.example.net/live,3130,Paris,False,Neutral
900000000000000512,Wed Feb 11 23:04:39 +0000 2026,penaltykickerofficial_679,"Predicting a tight one between Ireland and Wales, could go either way tbh #FRAvITA @RuckReportUK",141,25,en,FRAvITA,RuckReportUK,,4353,Cardiff,False,Positive
900000000000000513,Tue Mar 03 08:20:18 +0000 2026,sidestep1982_362,"Coach Lemoine has turned this Ireland team around completely, brilliant tactics against France 🏆 proper mess https://example.com/rugby-report",503,494,en,Ireland;France;MatchDay,,https://example.com/rugby-report,6955,Milan,False,Positive
900000000000000514,Mon Feb 23 00:23:21 +0000 2026,touchline_talk__360,"RT @PitchsideNews: So disappointed watching England today, Scotland deserved that win comfortably 💔",38,250,en,,,,10123,Dublin,True,Negative
900000000000000515,Sun Mar 01 22:33:21 +0000 2026,mauling_it_uk_681,RT @PitchsideNews: Kickoff between England and Ireland at Aviva Stadium in 30 minutes. #England,119,320,en,England,,,229,Toulouse,True,Neutral
900000000000000516,Sat Mar 14 05:20:37 +0000 2026,wingwizard__336,Ticket prices for the England vs Wales fixture at Stade de France released today. unreal #Wales,222,20,en,Wales,,,1024,Swansea,False,Neutral
900000000000000517,Wed Feb 18 20:48:20 +0000 2026,the_terrace_165,"Devine missed another kick, Scotland really struggling for points tonight 😡 #France #rugby #ITAvWAL",86,432,en,France;rugby;ITAvWAL,,,5286,Paris,False,Negative
900000000000000518,Wed Mar 11 12:21:25 +0000 2026,rugbyfan_ie_111,"Absolute unit of a performance from the Ireland pack today, dominating the breakdown 🎉 big mood https://example.com/stats/tries",352,149,en,Ireland;France;rugby;GrandSlamWatch,,https://example.com/stats/tries,7732,Toulouse,False,Positive
900000000000000519,Sun Feb 15 07:39:31 +0000 2026,rucknroll384_288,"What a game!! England absolutely dominated Ireland tonight, that attack was unreal 😍 #England #SixNations https://example.com/rugby-report",107,585,en,England;SixNations,SixNationsChat,https://example.com/rugby-report,6109,,False,Positive
900000000000000520,Tue Mar 10 01:08:17 +0000 2026,fullback_fanofficial_716,"Wales fans after that missed kick: it's fine, everything's fine 😍 #rugby #Rugby @SixNationsChat",364,644,en,rugby;Rugby,SixNationsChat,,7550,Glasgow,False,Positive
900000000000000521,Fri Feb 20 02:29:13 +0000 2026,the_terrace_359,RT @TryLineTalk: Half time score: Ireland 10 - 9 England. Tight game so far. #Ireland #SixNations #WALvSCO #GrandSlamWatch,197,162,en,Ireland;SixNations;WALvSCO;GrandSlamWatch,,,2162,Dublin,True,Neutral
900000000000000522,Fri Mar 06 12:08:11 +0000 2026,conversion___389,Kowalski running faster from the ref than from Scotland's defence 🔥 #SixNations #rugby,342,462,en,SixNations;rugby,,,1583,,False,Positive
900000000000000523,Sun Feb 22 09:13:11 +0000 2026,match_watcher__138,Full time stats: Wales had 5 points from set pieces against Ireland. unreal #Ireland,70,23,en,Ireland,,,6054,Limerick,False,Neutral
900000000000000524,Thu Mar 12 11:34:40 +0000 2026,sidestep_665,RT @PitchsideNews: Reminder: Ireland take on France this weekend in round five of the championship. #SixNations,2,143,en,SixNations,,,10759,Rome,True,Neutral
900000000000000525,Fri Feb 20 13:55:53 +0000 2026,wingwizard1991_493,Is it just me or has Wales attack been really flat this championship? absolute unit,73,179,en,Wales;England;Rugby,,,5823,Cardiff,False,Negative
900000000000000526,Sun Feb 22 11:34:13 +0000 2026,wingwizard504_922,RT @TryLineTalk: Anyone know why Costa isn't starting for France today?? #France #CrunchTime https://rugbynews.example.org/recap,226,301,en,France;CrunchTime,,https://rugbynews.example.org/recap,953,,True,Neutral
900000000000000527,Thu Feb 26 21:27:33 +0000 2026,match_watcher_ie_0,"If England sort out their lineout, they beat Wales comfortably this weekend @PitchsideNews",253,151,en,England;Wales;SixNations;ENGvFRA,PitchsideNews,,4581,London,False,Neutral
900000000000000528,Fri Feb 20 20:57:59 +0000 2026,scrumtime382_147,RT @PitchsideNews: Team news: Coach Delaney makes three changes for France ahead of the Ireland match. #Ireland #rugby #FRAvITA,39,19,en,Ireland;rugby;FRAvITA,,,1864,Newcastle,True,Neutral
900000000000000529,Mon Feb 09 21:57:12 +0000 2026,the_terrace__702,Devine starts at fly-half for Ireland this weekend against Wales. #Ireland #SixNations #ENGvFRA,64,112,en,Ireland;SixNations;ENGvFRA,SixNationsChat,,951,Leeds,False,Neutral
900000000000000530,Sat Feb 14 02:17:03 +0000 2026,offload__556,"Coach Lemoine has turned this Italy team around completely, brilliant tactics against England 💪",197,372,en,Italy;England;Championship;SixNations2026,,,1727,Belfast,False,Positive
900000000000000531,Sat Mar 07 04:46:09 +0000 2026,kickoffking1986_1,Weather looks dry for the Ireland vs Wales match at Stadio Olimpico today. #SixNations #RugbyFamily,181,56,en,SixNations;RugbyFamily,,,3461,Leeds,False,Neutral
900000000000000532,Thu Mar 05 09:41:43 +0000 2026,match_watcher_fr_980,BREAKING: Ferreira ruled out for Ireland with injury ahead of England match. absolute unit #Ireland #rugby #FRAvITA,147,53,en,Ireland;rugby;FRAvITA,,,2238,Toulouse,False,Neutral
900000000000000533,Wed Mar 04 09:58:42 +0000 2026,propforce1985_776,"Full time: Wales 41 - 40 France. Rough Rough night for Wales, defence was shocking 🙄 #Wales @ScrumCastPod",11,14,en,Wales,ScrumCastPod,,7823,Nice,False,Negative
900000000000000534,Thu Feb 12 06:20:31 +0000 2026,touchline_talk_614,Report: Coach Sutherland set to extend contract with France after strong championship run. #France #rugby https://example.com/stats/tries,57,290,en,France;rugby,,https://example.com/stats/tries,1537,Swansea,False,Neutral
900000000000000535,Fri Feb 27 22:46:09 +0000 2026,propforce_617,"What a game!! Ireland absolutely dominated Italy tonight, that attack was unreal 💪 #Italy #rugby #RugbyUnion #RoundFive https://example.com/rugby-report",279,366,en,Italy;rugby;RugbyUnion;RoundFive,,https://example.com/rugby-report,6946,London,False,Positive
900000000000000536,Tue Feb 24 03:02:53 +0000 2026,trylinehero__708,"Coach Delaney has turned this Wales team around completely, brilliant tactics against France 💪 #Wales #France #rugby #CrunchTime",185,161,en,Wales;France;rugby;CrunchTime,,,4686,Paris,False,Positive
900000000000000537,Tue Mar 10 12:26:09 +0000 2026,rucknroll_fr_730,Kowalski with a MASSIVE try in the corner!! Wales fans are buzzing right now 🏆 shocking tbh #Wales #England #rugby,151,510,en,Wales;England;rugby,,,8682,Cork,False,Positive
900000000000000538,Sun Feb 22 04:49:18 +0000 2026,fullback_fanofficial_653,Team news: Coach Sutherland makes three changes for England ahead of the Ireland match. #England #Ireland #SixNations https://example.org/match-highlights,16,36,en,England;Ireland;SixNations,,https://example.org/match-highlights,8614,Toulouse,False,Negative
900000000000000539,Sun Feb 15 23:03:36 +0000 2026,match_watcher_33,Anyone know why Sinclair isn't starting for Ireland today?? #Ireland #Italy #SixNations,12,173,en,Ireland;Italy;SixNations,,,3983,Cork,False,Neutral
900000000000000540,Tue Feb 10 12:47:34 +0000 2026,scrumtime__512,Dubois with a MASSIVE try in the corner!! Wales fans are buzzing right now 💪 class act #Wales #SixNations #IREvENG @PitchsideNews,231,363,en,Wales;SixNations;IREvENG,PitchsideNews,,9632,Glasgow,False,Positive
900000000000000541,Tue Feb 10 12:09:24 +0000 2026,the_terrace__85,Kowalski running faster from the ref than from England's defence 🏆 #Scotland #rugby @ScrumCastPod,238,652,en,Scotland;rugby,ScrumCastPod,,2465,Dublin,False,Positive
900000000000000542,Wed Feb 11 05:00:49 +0000 2026,conversion__709,What's the team news for Ireland vs Wales this weekend? Anyone seen the lineup? class act #Wales #SixNations #ENGvWAL #RoundFive,83,266,en,Wales;SixNations;ENGvWAL;RoundFive,,,3772,Belfast,False,Neutral
900000000000000543,Sat Feb 28 09:33:03 +0000 2026,propforce_ie_555,England confirm ticket sales for Ireland clash open this Friday. #SixNations #ENGvFRA https://rugbynews.example.org/recap,33,51,en,SixNations;ENGvFRA,,https://rugbynews.example.org/recap,7471,Glasgow,False,Neutral
900000000000000544,Sat Mar 07 19:52:51 +0000 2026,scrumtime257_639,RT @PitchsideNews: My prediction: Ireland 42 - 32 England. Should be a cracking match,20,421,it,Ireland,,,4056,Cork,True,Neutral
900000000000000545,Fri Feb 27 04:50:21 +0000 2026,conversion_1998_128,RT @RugbyRoundupHQ: Half time score: France 18 - 41 Ireland. Tight game so far. #France #SixNations #IREvENG,73,99,en,France;SixNations;IREvENG,,,8251,Edinburgh,True,Neutral
900000000000000546,Mon Feb 09 23:59:17 +0000 2026,conversion_2005_252,"RT @RugbyRoundupHQ: What a game!! Scotland absolutely dominated Ireland tonight, that attack was unreal 🎉 #Scotland",219,992,en,Scotland,,,2242,Rome,True,Positive
900000000000000547,Thu Feb 19 14:40:43 +0000 2026,trylinehero2003_103,Rossi with a MASSIVE try in the corner!! England fans fans are buzzing right now 👏 #MatchDay #TryTime,557,447,en,MatchDay;TryTime,,,1638,Glasgow,False,Positive
900000000000000548,Wed Feb 18 23:32:12 +0000 2026,scrumtime__766,Me pretending I understand the offside rule while watching Wales vs England 🔥 class act,250,484,en,England;SixNations,,,8779,,False,Positive
900000000000000549,Sun Feb 22 21:23:54 +0000 2026,sidestep_uk_269,"Terrible decision from the referee there, cost Wales the match against England honestly 😩 #Wales #MatchDay @ScrumCastPod",152,135,en,Wales;MatchDay,ScrumCastPod,,5823,Nice,False,Negative
900000000000000550,Mon Mar 02 20:34:11 +0000 2026,ovalball_uk_858,Why does England keep giving away penalties in their own half against Italy?? class act #England #SixNations #RugbyFamily,93,235,en,England;SixNations;RugbyFamily,,,5312,Edinburgh,False,Neutral
900000000000000551,Fri Mar 06 21:48:35 +0000 2026,lineoutlegend587_640,England England confirm ticket sales for Scotland clash open this Friday. #England #SixNations,79,535,en,England;SixNations,,,8801,Cardiff,False,Neutral
900000000000000552,Mon Feb 09 05:10:27 +0000 2026,offload__ie_29,Ireland confirm ticket sales for France clash open this Friday. #Ireland #SixNations https://example.org/match-highlights,93,16,en,Ireland;SixNations,,https://example.org/match-highlights,4704,Nice,False,Neutral
900000000000000553,Wed Feb 11 13:10:41 +0000 2026,the_terrace_127,Reilly starts at at fly-half for Wales this weekend against Ireland. #Wales #Rugby #IREvENG,299,13,en,Wales;Rugby;IREvENG,,,7267,,False,Negative
900000000000000554,Sat Feb 14 03:21:55 +0000 2026,ovalball_919,"Congratulations to England on a brilliant win over Wales, the defence was rock solid all match 🏉 #England #Rugby #SixNations #FRAvITA",455,117,en,England;Rugby;SixNations;FRAvITA,,,4425,Cork,False,Positive
900000000000000555,Fri Feb 06 23:34:21 +0000 2026,grandslamgal_438,WEATHER LOOKS DRY FOR THE WALES VS SCOTLAND MATCH AT PRINCIPALITY STADIUM TODAY. not gonna lie #Wales #Scotland #SixNations #FinalWhistle,3,194,en,Wales;Scotland;SixNations;FinalWhistle,,,1713,,False,Neutral
900000000000000556,Thu Feb 19 09:41:34 +0000 2026,kickoffking_ie_68,Referee for Italy vs England confirmed as part of the officiating panel this round. #rugby,100,67,en,rugby,,,6212,Edinburgh,False,Neutral
900000000000000557,Sat Feb 21 01:23:51 +0000 2026,offload_official_325,What's the team news for Ireland vs Italy this weekend? Anyone seen the lineup? #Ireland #MatchDay https://rugbynews.example.org/recap,37,170,it,Ireland;MatchDay,,https://rugbynews.example.org/recap,1686,Leeds,False,Neutral
900000000000000558,Fri Feb 13 00:41:35 +0000 2026,offload_1980_76,"RT @PitchsideNews: France defence today: come on in, the door's open lol 🏆 unreal #Rugby",377,565,en,Rugby,,,4084,Rome,True,Positive
900000000000000559,Sat Feb 28 02:20:35 +0000 2026,flyhalf___907,"Best Ireland performance in years, that co-ordinated attack ripped Scotland apart 🎉 class act #Championship",78,596,en,Championship,SixNationsChat,,5232,Belfast,False,Positive
900000000000000560,Sun Feb 22 23:16:33 +0000 2026,sidestep__762,"Hard to see past France winning this one, Ireland defence has been shaky #Ireland #SixNations #CrunchTime",79,245,en,Ireland;SixNations;CrunchTime,,,7186,London,False,Neutral
900000000000000561,Fri Mar 06 01:14:53 +0000 2026,rugbyfan_fr_394,Why does England keep giving away penalties in their own half against France?? #England #rugby,147,414,en,England;rugby,,,6165,Bristol,False,Neutral
900000000000000562,Wed Feb 18 19:11:09 +0000 2026,grandslamgalofficial_206,England confirm ticket sales for Scotland clash open this Friday.,206,114,en,England,,,4911,Nice,False,Neutral
900000000000000563,Mon Feb 09 09:18:18 +0000 2026,wingwizard247_601,RT @SixNationsChat: Me pretending I understand the offside rule while watching England vs Ireland 💪 #Ireland #SixNations,85,225,en,Ireland;SixNations,,,9380,Toulouse,True,Positive
900000000000000564,Mon Feb 16 07:41:52 +0000 2026,fullback_fan_uk_537,"Absolutely gutted for England, that defence completely completely fell apart against Wales today 😩 #England #Wales #rugby #IREvENG https://example.net/highlights-reel",98,78,en,England;Wales;rugby;IREvENG,,https://example.net/highlights-reel,3152,Dublin,False,Negative
900000000000000565,Sun Feb 22 02:34:29 +0000 2026,fullback_fan_ie_440,"RT @RugbyRoundupHQ: Duffy missed another kick, England really struggling for points tonight 💔",86,39,en,England,,,13638,Paris,True,Negative
900000000000000566,Wed Feb 11 08:04:11 +0000 2026,flyhalf__uk_245,BREAKING: Marsh ruled out for Italy with injury ahead of England match. #GrandSlamWatch https://rugbynews.example.org/recap,61,72,en,GrandSlamWatch,,https://rugbynews.example.org/recap,7825,Belfast,False,Neutral
900000000000000567,Tue Feb 17 07:56:02 +0000 2026,sidestep_207,Team news: Coach Harrington makes three changes for France ahead of the Scotland match. #France #Scotland,108,146,en,France;Scotland,,,53,London,False,Neutral
900000000000000568,Sat Mar 14 04:57:30 +0000 2026,fullback_fan_505,"Hard to see past Ireland winning this one, England defence has been shaky",8,74,en,England;Ireland;IREvENG,,,4732,Newcastle,False,Neutral
900000000000000569,Thu Mar 05 13:12:41 +0000 2026,fullback_fan686_623,"The Wales defence has been immense this championship, barely conceding a try 🏆 #Wales #SCOvIRE @TryLineTalk",234,204,en,Wales;SCOvIRE,TryLineTalk,,3455,Limerick,False,Neutral
900000000000000570,Wed Mar 04 05:41:27 +0000 2026,rucknroll_uk_384,"Best Wales performance in years, that co-ordinated attack ripped Ireland apart 🔥 #Wales #rugby #Championship https://rugbynews.example.org/recap",291,386,en,Wales;rugby;Championship,,https://rugbynews.example.org/recap,11840,Edinburgh,False,Positive
900000000000000571,Sat Feb 21 10:29:32 +0000 2026,propforceofficial_908,"RT @TryLineTalk: Not the England performance we needed, way too many mistakes in attack 😡 #England #SixNations #IREvFRA #CrunchTime @MaulZoneFC https://rugbynews.example.org/recap",43,246,en,England;SixNations;IREvFRA;CrunchTime,MaulZoneFC,https://rugbynews.example.org/recap,4150,Cardiff,True,Negative
900000000000000572,Sun Mar 01 15:22:58 +0000 2026,trylinehero265_826,RT @TryLineTalk: Ticket prices for the Ireland vs France fixture at Stadio Olimpico released today. #TeamOfUs #SixNations,198,296,en,TeamOfUs;SixNations,,,3703,Manchester,True,Neutral
900000000000000573,Sat Feb 28 06:19:30 +0000 2026,kickoffking__422,Ireland announce squad for upcoming Italy fixture at Stade de France. #Ireland #GrandSlamWatch,136,24,en,Ireland;GrandSlamWatch,,,1658,Leeds,False,Neutral
900000000000000574,Wed Mar 04 16:17:18 +0000 2026,touchline_talk953_767,"Terrible decision from the referee there, cost France the match against Wales honestly 💔 #France #Championship",97,118,en,France;Championship,,,1330,Manchester,False,Negative
900000000000000575,Mon Feb 23 10:10:03 +0000 2026,mauling_it_ie_327,"I reckon Ireland edge this by a converted try over France, defence will be key",119,116,en,France;TeamOfUs,,,4192,Glasgow,False,Neutral
900000000000000576,Mon Mar 09 00:02:18 +0000 2026,the_terrace_fr_786,"England attack has gone missing this championship, no ideas at all against Wales 💔",166,47,en,England;rugby,,,3384,Bristol,False,Negative
900000000000000577,Sun Mar 01 02:49:22 +0000 2026,the_terrace_ie_955,Anyone know why Ferreira isn't starting for Wales today?? buzzing #Wales #Championship https://example.org/match-highlights,68,276,en,Wales;Championship,,https://example.org/match-highlights,652,Cardiff,False,Neutral
900000000000000578,Tue Feb 10 15:49:40 +0000 2026,match_watcher_ie_185,RT @PitchsideNews: Is it just me or has Italy attack been really flat this championship? buzzing #Italy #England https://example.net/highlights-reel,6,19,en,Italy;England,MaulZoneFC,https://example.net/highlights-reel,1133,Cardiff,True,Neutral
900000000000000579,Tue Feb 24 02:12:12 +0000 2026,grandslamgal__240,RT @PitchsideNews: Half time score: Ireland 41 - 37 France. Tight game so far. #Ireland #SixNations #ENGvWAL https://example.org/match-highlights,272,16,en,Ireland;SixNations;ENGvWAL,,https://example.org/match-highlights,3216,,True,Neutral
900000000000000580,Fri Feb 27 18:46:39 +0000 2026,grandslamgal__673,Half time score: Wales 40 - 24 England. Tight game so far. #Rugby @RugbyRoundupHQ,104,377,en,Rugby,RugbyRoundupHQ,,2451,Nice,False,Neutral
900000000000000581,Mon Feb 09 21:16:22 +0000 2026,penaltykicker_185,"RT @SixNationsChat: That performance from England was class from start to finish, 21 points and never looked back 🎉 #England #Wales #MatchDay",341,571,en,England;Wales;MatchDay,,,6584,Bristol,True,Positive
900000000000000582,Wed Feb 11 01:05:44 +0000 2026,the_terrace_155,"Absolutely gutted for Wales, that defence completely fell apart against France today 😩 #France #SixNations #SCOvIRE",212,39,en,France;SixNations;SCOvIRE,,,1746,Cork,False,Negative
900000000000000583,Fri Feb 27 09:12:53 +0000 2026,kickoffking_ie_975,"So disappointed watching Wales today, Scotland deserved that win comfortably 😩 #Wales #SixNations @RuckReportUK",94,35,en,Wales;SixNations,RuckReportUK,,4152,Glasgow,False,Negative
900000000000000584,Fri Feb 20 04:38:24 +0000 2026,propforce_ie_843,"So proud of this Italy team, that final try in the last minute was everything 🙌 #England",235,173,en,England,,,1428,Manchester,False,Positive
900000000000000585,Thu Feb 26 06:42:43 +0000 2026,rugbyfan_721,"Full time: England 34 - 37 Wales. What a match, England deserved every point 😍 #England #Championship https://sixnations.example.net/live",322,367,en,England;Championship,,https://sixnations.example.net/live,2993,Leeds,False,Positive
900000000000000586,Wed Feb 11 18:08:09 +0000 2026,penaltykicker_281,RT @SixNationsChat: Half time score: Scotland 26 - 14 Wales. Tight game so far. class #Wales #SixNations #ENGvFRA @TryLineTalk,27,134,en,Wales;SixNations;ENGvFRA,TryLineTalk,,5005,Leeds,True,Neutral
900000000000000587,Wed Feb 11 16:08:42 +0000 2026,ovalball2010_64,"I reckon Scotland edge this by a converted try over Ireland, defence will be key class act #Scotland #rugby",62,79,en,Scotland;rugby,,,5956,Leeds,False,Neutral
900000000000000588,Wed Mar 04 22:59:46 +0000 2026,rucknroll1991_655,"Huge win for France at Stade de France, the crowd was absolutely electric 👏 #France #Wales #SixNations #ENGvFRA #SixNations2026 https://sixnations.example.net/live",227,413,en,France;Wales;SixNations;ENGvFRA;SixNations2026,,https://sixnations.example.net/live,4562,Rome,False,Positive
900000000000000589,Wed Mar 11 05:26:41 +0000 2026,lineoutlegend_uk_200,"Coach Delaney has turned this Ireland team around completely, brilliant tactics against Scotland 💪 #Ireland #rugby #RoundFive",281,822,en,Ireland;rugby;RoundFive,,,3123,Bristol,False,Positive
900000000000000590,Mon Feb 09 23:29:07 +0000 2026,match_watcher__743,"That performance from Scotland was class from start to finish, 10 points and never looked back 😍 class act #Scotland #Ireland https://example.com/rugby-report",170,602,en,Scotland;Ireland,,https://example.com/rugby-report,6104,Swansea,False,Positive
900000000000000591,Sun Feb 08 02:47:24 +0000 2026,conversion_17_726,RT @RugbyRoundupHQ: Official: kickoff time confirmed for for Italy vs Scotland at Murrayfield. #Italy #Rugby #WALvSCO #PitchsideView https://example.com/rugby-report,42,53,en,Italy;Rugby;WALvSCO;PitchsideView,RuckReportUK,https://example.com/rugby-report,1046,Milan,True,Neutral
900000000000000592,Tue Mar 10 07:45:27 +0000 2026,offload___292,"France fans after that missed kick: it's fine, everything's fine 😍 #rugby https://rugbynews.example.org/recap",349,497,en,rugby,,https://rugbynews.example.org/recap,1952,Manchester,False,Positive
900000000000000593,Sun Mar 01 06:41:30 +0000 2026,propforce_ie_479,"Wales attack has gone missing this championship, no ideas at all against England 💔 #Wales #rugby #SixNations2026 https://example.org/match-highlights",261,271,en,Wales;rugby;SixNations2026,,https://example.org/match-highlights,2493,Nice,False,Negative
900000000000000594,Sun Feb 22 20:25:39 +0000 2026,rucknroll_ie_632,Reilly with a MASSIVE try in the corner!! Ireland fans are buzzing right now 🎉 #Ireland #Scotland #MatchDay #TryTime,132,688,en,Ireland;Scotland;MatchDay;TryTime,,,2123,Cardiff,False,Positive
900000000000000595,Mon Mar 02 11:57:41 +0000 2026,grandslamgal445_563,"FULL TIME: ITALY 23 - 26 FRANCE. WHAT A MATCH, ITALY DESERVED EVERY POINT 👏 class #rugby #SixNations https://example.com/rugby-report",207,302,en,rugby;SixNations,,https://example.com/rugby-report,7351,London,False,Positive
900000000000000596,Sat Feb 28 08:59:10 +0000 2026,rucknrollofficial_117,"If Italy sort out their lineout, they beat England comfortably this weekend #Italy #MatchDay #RoundFive",92,106,en,Italy;MatchDay;RoundFive,,,8732,Edinburgh,False,Neutral
900000000000000597,Sat Feb 14 02:54:07 +0000 2026,wingwizard_fr_807,Report: Coach Bianchi set to extend contract with England after strong championship run. #SixNations #FinalWhistle,52,1,en,SixNations;FinalWhistle,,,12273,Milan,False,Neutral
900000000000000598,Sat Feb 28 17:27:08 +0000 2026,mauling_it__263,"Devastating result for Ireland fans, that final try from England in the last minute hurt 😩 big mood #FRAvITA",84,28,en,FRAvITA,,,148,Milan,False,Negative
900000000000000599,Tue Mar 03 21:23:09 +0000 2026,penaltykicker1994_391,"RT @RugbyRoundupHQ: HUGE WIN FOR IRELAND AT STADE DE FRANCE, THE CROWD WAS ABSOLUTELY ELECTRIC 🔥 #TeamOfUs #rugby @MaulZoneFC",183,404,en,TeamOfUs;rugby,MaulZoneFC,,3110,Cardiff,True,Positive
900000000000000600,Mon Feb 16 00:24:07 +0000 2026,the_terrace_442,"Watching Italy vs Scotland with my nan, she knows more about rugby than the pundits 🎉",358,638,en,,,,9245,Bristol,False,Positive
900000000000000601,Sat Feb 07 09:37:01 +0000 2026,penaltykicker271_223,Genuine question: is Coach Kavanagh the right person to lead Italy into the final? #Italy #Championship,44,103,en,Italy;Championship,PitchsideNews,,2507,Dublin,False,Neutral
900000000000000602,Mon Mar 09 02:23:15 +0000 2026,fullback_fan_ie_24,Kickoff Kickoff between England and Scotland at Twickenham in 30 minutes. #England #Scotland #Rugby https://example.com/stats/tries,93,215,en,England;Scotland;Rugby,,https://example.com/stats/tries,1847,Glasgow,False,Neutral
900000000000000603,Sat Mar 07 21:23:24 +0000 2026,match_watcher_627,Novak with a MASSIVE try in the corner!! Ireland fans are buzzing right now 🏉 #Ireland #France #Championship #ENGvFRA,153,518,en,Ireland;France;Championship;ENGvFRA,,,1246,London,False,Positive
900000000000000604,Wed Mar 11 20:24:21 +0000 2026,mauling_it1994_305,"RT @PitchsideNews: Huge win for France at Murrayfield, the crowd was absolutely electric 🏆",168,191,en,RugbyUnion,,,10999,Belfast,True,Positive
900000000000000605,Wed Feb 11 16:39:21 +0000 2026,propforceofficial_447,"Wales attack has gone missing this championship, no ideas at all against Ireland 😢 #Wales #Ireland #Rugby #ENGvFRA",272,109,en,Wales;Ireland;Rugby;ENGvFRA,,,7223,Newcastle,False,Negative
900000000000000606,Fri Mar 06 19:13:00 +0000 2026,lineoutlegend_246,"The Scotland defence has been immense this championship, barely conceding a try 😍 not gonna lie #Scotland #Wales #FRAvITA https://sixnations.example.net/live",154,367,en,Scotland;Wales;FRAvITA,,https://sixnations.example.net/live,1201,,False,Positive
900000000000000607,Fri Mar 06 11:38:31 +0000 2026,touchline_talk1983_633,Weather looks dry for the England vs Wales match at Stade de France today. #England #Wales #Rugby #SixNations,142,65,en,England;Wales;Rugby;SixNations,,,6278,London,False,Negative
900000000000000608,Thu Feb 19 08:15:19 +0000 2026,rucknroll_503,England confirm ticket sales for Wales clash open this Friday. #Wales #SixNations #rugby #ENGvFRA,125,57,en,Wales;SixNations;rugby;ENGvFRA,,,4091,Bristol,False,Neutral
900000000000000609,Wed Feb 11 03:30:47 +0000 2026,offload__785,"RT @SixNationsChat: So disappointed watching France today, Ireland deserved that win comfortably 😢 shocking tbh #rugby",60,18,en,rugby,,,9443,Dublin,True,Negative
900000000000000610,Mon Mar 02 11:14:49 +0000 2026,ovalball_fr_933,"RT @PitchsideNews: What a game!! France absolutely dominated Wales tonight, that attack was unreal 🏉",109,573,fr,France;RugbyUnion,,,3371,Dublin,True,Positive
900000000000000611,Fri Mar 13 06:17:38 +0000 2026,flyhalf__877,What's the team news for England vs Scotland this weekend? Anyone seen the lineup? #rugby,91,1,en,rugby,,,8695,Swansea,False,Neutral
900000000000000612,Thu Feb 26 03:16:38 +0000 2026,sidestep795_704,"RT @TryLineTalk: England attack has gone missing this championship, no ideas at all against Scotland 😢 #England #MatchDay #ENGvWAL https://example.com/rugby-report",130,309,en,England;MatchDay;ENGvWAL,,https://example.com/rugby-report,327,Limerick,True,Negative
900000000000000613,Sun Feb 08 13:32:38 +0000 2026,penaltykicker__347,Kickoff between England and Italy at Principality Stadium in 30 minutes. #England #Italy #RugbyUnion #Rugby,38,5,en,England;Italy;RugbyUnion;Rugby,,,6555,Leeds,False,Neutral
900000000000000614,Wed Mar 04 10:46:21 +0000 2026,offload___842,"That performance from Ireland was class from start to finish, 17 points and never looked back 💪 absolute unit #Ireland #rugby #MatchDay #ENGvFRA",273,488,en,Ireland;rugby;MatchDay;ENGvFRA,,,321,Toulouse,False,Positive
900000000000000615,Fri Feb 20 19:33:22 +0000 2026,wingwizard__454,Reilly with a MASSIVE try in the corner!! Ireland fans are buzzing right now 👏 #TeamOfUs,240,822,en,TeamOfUs,,,3954,Cardiff,False,Positive
900000000000000616,Mon Mar 09 15:23:49 +0000 2026,penaltykicker_uk_593,"France lost the plot in the second half, Ireland punished every single error 😡 #France #Rugby #SixNations #TryTime",376,252,en,France;Rugby;SixNations;TryTime,,,6966,Edinburgh,False,Negative
900000000000000617,Tue Mar 03 11:03:23 +0000 2026,rucknroll_fr_519,Reminder: Wales take on Ireland this weekend in round five of the championship. #Wales #rugby #ENGvFRA,83,437,en,Wales;rugby;ENGvFRA,,,2253,Limerick,False,Neutral
900000000000000618,Sat Feb 28 13:05:10 +0000 2026,propforce_fr_858,"RT @RugbyRoundupHQ: ABSOLUTELY GUTTED FOR SCOTLAND, THAT DEFENCE COMPLETELY FELL APART AGAINST IRELAND TODAY 😩 #Rugby",90,168,en,Rugby,,,3051,Dublin,True,Negative
900000000000000619,Thu Feb 19 10:49:55 +0000 2026,conversion_official_281,"Hard to see past Scotland winning this one, Wales defence has been shaky #Scotland #IREvFRA #TryTime",165,286,en,Scotland;IREvFRA;TryTime,,,2370,Swansea,False,Neutral
900000000000000620,Thu Mar 05 05:35:23 +0000 2026,ovalballofficial_987,"Coach Kavanagh has turned this England team around completely, brilliant tactics against Wales 🏆 #England #MatchDay #WALvSCO https://example.com/stats/tries",305,510,en,England;MatchDay;WALvSCO,MaulZoneFC,https://example.com/stats/tries,2215,Edinburgh,False,Positive
900000000000000621,Sat Feb 07 10:47:22 +0000 2026,offload__224,Why does England keep giving away penalties in their own half against Wales??,26,458,en,England;Wales;TeamOfUs;SixNations,,,11906,Belfast,False,Neutral
900000000000000622,Thu Feb 19 11:07:33 +0000 2026,conversion__fr_544,Devine with a MASSIVE try in the corner!! England fans are buzzing right now 💪 #Scotland #SixNations #ITAvWAL,309,593,en,Scotland;SixNations;ITAvWAL,,,4288,Newcastle,False,Positive
900000000000000623,Mon Mar 02 06:20:51 +0000 2026,mauling_it_uk_431,My prediction: Wales 8 - 15 England. Should be a cracking match,99,199,en,SixNations,,,4759,Leeds,False,Neutral
900000000000000624,Fri Mar 06 01:49:26 +0000 2026,mauling_it719_19,Me pretending I understand the offside rule while watching France vs Scotland 🙌 #France #Scotland,359,503,en,France;Scotland,,,1794,London,False,Positive
900000000000000625,Mon Feb 16 09:30:47 +0000 2026,kickoffking__742,RT @RugbyRoundupHQ: Report: Coach Delaney set to extend contract with with Wales after strong championship run. unreal #Wales #rugby #ENGvFRA,42,267,en,Wales;rugby;ENGvFRA,PitchsideNews,,3067,,True,Neutral
900000000000000626,Thu Mar 05 10:49:28 +0000 2026,fullback_fan1985_748,My prediction: England 23 - 19 Ireland. Should be a cracking match #SCOvIRE @RugbyRoundupHQ,73,67,en,SCOvIRE,RugbyRoundupHQ,,1976,Nice,False,Neutral
900000000000000627,Wed Mar 11 19:56:58 +0000 2026,the_terrace_uk_729,Official: kickoff time confirmed for Wales vs Ireland at Stade de France. #Wales #Ireland #ENGvWAL @TryLineTalk,109,288,en,Wales;Ireland;ENGvWAL,TryLineTalk,,3067,Milan,False,Neutral
900000000000000628,Mon Feb 23 04:01:59 +0000 2026,penaltykicker1997_38,"If England sort out their lineout, they beat Wales comfortably this weekend #England #Rugby #Championship",253,103,en,England;Rugby;Championship,,,9509,Glasgow,False,Neutral
900000000000000629,Mon Mar 02 20:33:27 +0000 2026,lineoutlegend_245,"What a game!! France absolutely dominated Ireland tonight, that attack was unreal 👏 so gutted #Ireland #Rugby #Championship https://rugbynews.example.org/recap",112,620,en,Ireland;Rugby;Championship,,https://rugbynews.example.org/recap,2828,Cardiff,False,Positive
900000000000000630,Mon Mar 02 08:40:43 +0000 2026,grandslamgal800_192,"Can't believe England let that lead slip against France, so much for the championship dream 😤 #England #MatchDay #rugby",32,270,en,England;MatchDay;rugby,,,4156,Milan,False,Negative
900000000000000631,Mon Feb 16 14:42:56 +0000 2026,propforce_fr_590,RT @TryLineTalk: Anyone know why Duffy isn't starting for England today?? #rugby #RugbyUnion #CrunchTime @SixNationsChat,49,124,en,rugby;RugbyUnion;CrunchTime,SixNationsChat,,6150,,True,Neutral
900000000000000632,Tue Mar 03 08:39:58 +0000 2026,rugbyfan2005_554,"RT @PitchsideNews: Wales fans after that missed kick: it's fine, everything's fine 🏉 #Ireland #Rugby #SCOvIRE",297,546,en,Ireland;Rugby;SCOvIRE,,,4646,Rome,True,Neutral
900000000000000633,Sat Mar 14 03:17:43 +0000 2026,match_watcher_944,Ticket prices for the Scotland vs France fixture at Twickenham released today. class #Scotland,133,133,en,Scotland,,,2193,London,False,Neutral
900000000000000634,Mon Feb 23 04:06:54 +0000 2026,conversion__fr_761,"If Italy sort out their lineout, they beat Wales comfortably this weekend #Italy #SixNations",30,249,en,Italy;SixNations,,,6773,Toulouse,False,Neutral
900000000000000635,Mon Mar 09 07:06:49 +0000 2026,propforce_fr_973,RT @PitchsideNews: My prediction: England 34 - 22 France. Should be a cracking match #France,107,132,en,France,,,2737,Belfast,True,Neutral
900000000000000636,Thu Mar 05 19:29:57 +0000 2026,trylinehero_fr_825,Referee for Wales vs Ireland confirmed as part of the officiating panel this round. so gutted #Wales #Ireland #Championship #ENGvFRA,228,163,en,Wales;Ireland;Championship;ENGvFRA,,,6087,Leeds,False,Neutral
900000000000000637,Sun Mar 08 05:19:20 +0000 2026,match_watcherofficial_478,Weather looks dry for the Italy vs England match at Twickenham today. #Italy #England #Championship #FinalWhistle @MaulZoneFC,128,196,en,Italy;England;Championship;FinalWhistle,MaulZoneFC,,5844,Newcastle,False,Neutral
900000000000000638,Tue Mar 03 15:27:12 +0000 2026,offload_2012_574,"What a game!! Ireland absolutely dominated England tonight, that attack was unreal 🏆 #Ireland #RugbyUnion #Rugby @MaulZoneFC @OvalBallDaily",406,452,en,Ireland;RugbyUnion;Rugby,MaulZoneFC;OvalBallDaily,,15865,,False,Positive
900000000000000639,Thu Feb 26 04:04:10 +0000 2026,propforceofficial_316,"Fitzgerald missed another kick, Ireland really struggling for points tonight 😢 #England",61,449,en,England,,,2895,Glasgow,False,Negative
900000000000000640,Mon Feb 23 13:30:58 +0000 2026,sidestep_fr_939,"ABSOLUTE UNIT OF A PERFORMANCE FROM THE WALES PACK TODAY, DOMINATING THE BREAKDOWN 🎉 #Wales #Ireland #SixNations",426,351,en,Wales;Ireland;SixNations,,,2326,,False,Positive
900000000000000641,Sat Feb 21 13:04:07 +0000 2026,offload__ie_25,RT @SixNationsChat: Kickoff between Scotland and Italy at at Principality Stadium in 30 minutes. #Scotland #MatchDay #SixNations https://rugbynews.example.org/recap,101,254,en,Scotland;MatchDay;SixNations,,https://rugbynews.example.org/recap,14546,,True,Neutral
900000000000000642,Wed Mar 11 22:28:53 +0000 2026,fullback_fan__169,Anyone know why Byrne isn't starting for Ireland today?? #Wales #SixNations #MatchDay #ENGvFRA https://example.com/rugby-report,46,19,en,Wales;SixNations;MatchDay;ENGvFRA,,https://example.com/rugby-report,3732,Manchester,False,Neutral
900000000000000643,Thu Mar 12 07:08:57 +0000 2026,scrumtime__355,Why does Scotland keep giving away penalties in their own half against England??,353,145,en,Scotland;England,,,7718,Cardiff,False,Neutral
900000000000000644,Fri Feb 20 01:24:29 +0000 2026,sidestepofficial_284,"What a game!! England absolutely dominated Wales tonight, that attack was unreal 🏆 #Rugby",275,726,en,Rugby,,,7273,Nice,False,Positive
900000000000000645,Wed Feb 25 07:55:51 +0000 2026,match_watcher_511,Half time score: Wales 15 - 34 Scotland. Tight game so far. #Wales #Scotland #rugby #ITAvWAL,90,29,en,Wales;Scotland;rugby;ITAvWAL,,,9345,,False,Neutral
900000000000000646,Sat Feb 14 10:51:02 +0000 2026,flyhalf_1984_46,"RT @SixNationsChat: France defence today: come on in, the door's open lol 😍 #France #England https://sixnations.example.net/live",343,271,en,France;England,,https://sixnations.example.net/live,3201,Edinburgh,True,Positive
900000000000000647,Sat Mar 14 10:18:35 +0000 2026,match_watcher_fr_543,Anyone know why Rossi isn't starting for Wales today??,80,54,en,,,,8813,Dublin,False,Neutral
900000000000000648,Fri Mar 13 19:10:08 +0000 2026,propforce_fr_789,Kickoff between England and Scotland at Aviva Stadium in 30 minutes. #Scotland #ITAvWAL @ScrumCastPod,295,312,en,Scotland;ITAvWAL,ScrumCastPod,,48852,Cardiff,False,Negative
900000000000000649,Sat Mar 07 03:44:19 +0000 2026,kickoffking_59,"RT @SixNationsChat: Congratulations to Ireland on a brilliant win over Scotland, the defence was rock solid all match 💪",239,356,en,Ireland;MatchDay,,,1636,Glasgow,True,Positive
900000000000000650,Wed Feb 11 23:08:22 +0000 2026,grandslamgal_fr_116,"RT @PitchsideNews: Hard to see past France winning this one, Scotland defence has been shaky #Scotland #Rugby #SCOvIRE",181,206,en,Scotland;Rugby;SCOvIRE,,,1400,Glasgow,True,Neutral
900000000000000651,Sun Feb 15 08:59:28 +0000 2026,wingwizardofficial_396,Official: kickoff time confirmed for England vs France at Murrayfield. #rugby,193,462,en,rugby,,,7501,Paris,False,Neutral
900000000000000652,Sat Mar 07 02:32:29 +0000 2026,propforce__916,Half time score: Ireland 23 - 30 Scotland. Tight game so far. #Ireland #rugby,64,103,en,Ireland;rugby,,,5577,Toulouse,False,Neutral
900000000000000653,Fri Mar 06 04:07:54 +0000 2026,scrumtime_638,"So disappointed watching Scotland today, England deserved that win comfortably 😡 #Championship #ENGvFRA",182,230,en,Championship;ENGvFRA,,,3809,Edinburgh,False,Negative
900000000000000654,Fri Feb 20 07:57:03 +0000 2026,sidestep2000_424,O'Connor with a MASSIVE try in the corner!! Scotland fans are buzzing right now 😍,366,409,en,Scotland,,,5511,Limerick,False,Positive
900000000000000655,Wed Feb 18 13:37:45 +0000 2026,propforce_uk_91,RT @RugbyRoundupHQ: Genuine question: is Coach Bianchi the right person to lead Ireland into the final? #TeamOfUs #TryTime,63,114,en,TeamOfUs;TryTime,,,1461,Dublin,True,Neutral
900000000000000656,Sat Feb 28 06:34:31 +0000 2026,trylinehero_248,RT @PitchsideNews: Devine running faster from the ref than from England's defence 🙌 class act #Wales #rugby https://sixnations.example.net/live,81,243,en,Wales;rugby,,https://sixnations.example.net/live,3577,Paris,True,Positive
900000000000000657,Wed Feb 18 18:33:42 +0000 2026,kickoffking_fr_152,"Full time: Ireland 35 - 14 Wales. Rough night for Ireland, defence was shocking 😢",159,280,it,Ireland,RugbyRoundupHQ,,6143,Manchester,False,Negative
900000000000000658,Tue Feb 10 23:45:35 +0000 2026,the_terrace_fr_247,"I reckon Wales edge this by a converted try over Ireland, defence will be key #Wales #SixNations #rugby #ITAvWAL",29,190,en,Wales;SixNations;rugby;ITAvWAL,,,3492,Milan,False,Neutral
900000000000000659,Sat Feb 28 10:39:39 +0000 2026,trylinehero294_460,"RT @PitchsideNews: Coach Bianchi has turned this Wales team around completely, brilliant tactics against Scotland 💪 #rugby #FRAvITA @PitchsideNews",202,815,en,rugby;FRAvITA,PitchsideNews,,3553,Belfast,True,Positive
900000000000000660,Mon Mar 02 22:28:06 +0000 2026,ovalball1985_471,Pundits are split on whether Scotland or Italy will control possession today. #Scotland #Rugby #WALvSCO,78,86,en,Scotland;Rugby;WALvSCO,,,2644,Dublin,False,Neutral
900000000000000661,Mon Mar 02 14:21:40 +0000 2026,conversion__uk_733,"Absolute unit of a performance from the Wales pack today, dominating the breakdown 😍 #SixNations #ENGvFRA",423,265,en,SixNations;ENGvFRA,,,2901,Cork,False,Positive
900000000000000662,Sat Feb 28 03:32:21 +0000 2026,rucknroll_516,"RT @TryLineTalk: Predicting a tight one between Wales and Scotland, could go either way tbh unreal #Wales #SixNations",23,126,en,Wales;SixNations,,,196,,True,Neutral
900000000000000663,Tue Feb 24 07:06:45 +0000 2026,lineoutlegend_109,"The Scotland defence has been immense this championship, barely conceding a try 🔥 #SixNations",118,326,en,SixNations,,,1055,Newcastle,False,Positive
900000000000000664,Tue Mar 03 05:52:23 +0000 2026,match_watcher_fr_527,Team news: Coach Kavanagh makes three changes for Ireland ahead of the France match. #rugby #SixNations,7,23,en,rugby;SixNations,,,849,Cardiff,False,Neutral
900000000000000665,Fri Feb 13 18:46:58 +0000 2026,flyhalf__uk_395,RT @TryLineTalk: Fitzgerald starts at fly-half for Wales this weekend against Italy. #Wales #Italy,102,149,en,Wales;Italy,,,12309,Limerick,True,Neutral
900000000000000666,Wed Feb 25 19:42:25 +0000 2026,mauling_it_uk_486,"Best Wales performance in years, that co-ordinated attack ripped France apart 🙌 #Wales #SixNations",382,501,en,Wales;SixNations,,,3867,Bristol,False,Positive
900000000000000667,Thu Mar 12 23:29:03 +0000 2026,wingwizard690_769,RT @PitchsideNews: BREAKING: Duffy ruled out for Ireland with injury ahead of England match. so gutted #England,0,342,en,England,,,4271,Limerick,True,Neutral
900000000000000668,Tue Feb 10 15:40:04 +0000 2026,fullback_fan_ie_459,RT @SixNationsChat: Genuine question: is Coach Delaney the right person to lead Wales into the final? #Wales #Ireland #rugby #Championship #SCOvIRE #RugbyFamily,178,458,en,Wales;Ireland;rugby;Championship;SCOvIRE;RugbyFamily,,,673,Newcastle,True,Neutral
900000000000000669,Fri Mar 06 20:57:39 +0000 2026,the_terrace2018_463,"Full time: Ireland 9 - 11 England. Rough night for Ireland, defence was shocking 😢 #Ireland #England",172,53,en,Ireland;England,,,2273,Belfast,False,Negative
900000000000000670,Fri Feb 13 18:58:52 +0000 2026,conversion_2018_589,"RT @RugbyRoundupHQ: Coach Delaney has turned this England team around completely, brilliant tactics against Wales 🏉 #Wales #Championship #rugby #FinalWhistle @TryLineTalk https://example.net/highlights-reel",259,371,en,Wales;Championship;rugby;FinalWhistle,TryLineTalk,https://example.net/highlights-reel,6045,Manchester,True,Positive
900000000000000671,Fri Feb 20 06:41:10 +0000 2026,scrumtime1981_284,Is it just me or has England attack been really flat this championship? #FRAvITA @SixNationsChat https://sixnations.example.net/live,88,95,und,FRAvITA,SixNationsChat,https://sixnations.example.net/live,2382,Limerick,False,Neutral
900000000000000672,Fri Feb 27 10:05:17 +0000 2026,wingwizard__990,Weather looks dry for the Scotland vs Wales match at Aviva Stadium today. #SixNations,236,178,it,SixNations,,,1161,Leeds,False,Neutral
900000000000000673,Mon Feb 16 12:21:54 +0000 2026,lineoutlegend__706,Full time stats: Italy had 5 points from set pieces against Wales. https://example.net/highlights-reel,13,282,it,Italy;ENGvFRA,TryLineTalk,https://example.net/highlights-reel,93,Belfast,False,Neutral
900000000000000674,Tue Feb 24 13:53:04 +0000 2026,penaltykicker_uk_427,"Watching Italy vs Scotland with my nan, she knows more about rugby than the pundits 🏆",478,263,en,Italy,,,4047,Manchester,False,Positive
900000000000000675,Tue Feb 17 06:36:55 +0000 2026,scrumtime877_819,"Not the France performance we needed, way too many mistakes in attack 💔 #Rugby",4,25,en,Rugby,,,1512,Limerick,False,Negative
900000000000000676,Tue Mar 10 05:27:27 +0000 2026,sidestep_ie_953,Ticket prices for the Wales vs Italy fixture at Aviva Stadium released today. #Italy #rugby #ENGvFRA https://example.org/match-highlights,0,83,en,Italy;rugby;ENGvFRA,,https://example.org/match-highlights,9247,Milan,False,Neutral
900000000000000677,Fri Feb 13 09:11:02 +0000 2026,wingwizard207_35,"RT @SixNationsChat: Terrible decision from the referee there, cost Wales the match against Scotland honestly 🙄 #Wales #Scotland #rugby #RugbyUnion #ITAvWAL",45,15,en,Wales;Scotland;rugby;RugbyUnion;ITAvWAL,,,7041,Toulouse,True,Negative
900000000000000678,Tue Feb 17 19:52:54 +0000 2026,fullback_fanofficial_560,BREAKING: Gallagher ruled out for Ireland with injury ahead of Scotland match. #Ireland #SixNations #ITAvWAL,156,222,en,Ireland;SixNations;ITAvWAL,,,12411,Milan,False,Neutral
900000000000000679,Mon Feb 16 20:45:53 +0000 2026,wingwizard_ie_953,"Devastating result for Ireland fans, that final try from Wales in the last minute hurt 😤",104,495,en,Ireland;SixNations;FRAvITA,,,1536,Cork,False,Negative
900000000000000680,Fri Feb 06 19:37:55 +0000 2026,scrumtime_2,Report: Coach Harrington set to extend contract with France after strong championship run. #France #England #SixNations #SCOvIRE @PitchsideNews https://example.net/highlights-reel,11,24,en,France;England;SixNations;SCOvIRE,PitchsideNews,https://example.net/highlights-reel,9648,Dublin,False,Neutral
900000000000000681,Sat Mar 07 16:45:01 +0000 2026,flyhalf_1984_849,RT @SixNationsChat: MY PREDICTION: ENGLAND 19 - 19 FRANCE. SHOULD BE A CRACKING MATCH not gonna lie #France #SixNations #Rugby,101,84,en,France;SixNations;Rugby,,,723,Newcastle,True,Neutral
900000000000000682,Thu Feb 12 11:29:27 +0000 2026,wingwizard_187,"Hard to see past Scotland winning this one, England defence has been shaky #England #RugbyUnion #IREvFRA https://sixnations.example.net/live",30,168,en,England;RugbyUnion;IREvFRA,,https://sixnations.example.net/live,2399,Swansea,False,Neutral
900000000000000683,Sun Feb 22 13:07:55 +0000 2026,offload___188,"Huge win for Scotland at Stadio Olimpico, the crowd was absolutely electric 🏉 proper mess #Scotland #Championship",242,351,fr,Scotland;Championship,,,6600,Nice,False,Positive
900000000000000684,Thu Feb 12 13:08:20 +0000 2026,rugbyfan__849,"England lost the plot in the second half, Wales punished every single error 🙄 #Wales #SixNations #RugbyFamily",169,144,en,Wales;SixNations;RugbyFamily,,,5390,Swansea,False,Negative
900000000000000685,Thu Mar 05 05:06:46 +0000 2026,rugbyfanofficial_696,"Absolute unit of a performance from the France pack today, dominating the breakdown 🎉 #MatchDay #Rugby",415,216,en,MatchDay;Rugby,,,6052,Dublin,False,Positive
900000000000000686,Sat Mar 07 10:43:51 +0000 2026,lineoutlegend_ie_49,"RT @SixNationsChat: Absolutely gutted for Italy, that defence completely fell apart against England today 😩 #Italy",13,17,en,Italy,,,3783,Nice,True,Negative
900000000000000687,Sat Mar 07 21:51:35 +0000 2026,penaltykicker__415,"Coach Bianchi has turned this Italy team around completely, brilliant tactics against Wales 🔥 #Italy #SixNations",71,403,en,Italy;SixNations,,,7867,Paris,False,Positive
900000000000000688,Fri Mar 06 03:56:15 +0000 2026,match_watcherofficial_125,RT @RugbyRoundupHQ: My prediction: England 7 - 27 Wales. Should be a cracking match #England #Wales #rugby #ENGvFRA,0,150,en,England;Wales;rugby;ENGvFRA,,,10504,Belfast,True,Neutral
900000000000000689,Wed Feb 25 13:08:35 +0000 2026,match_watcher__145,"RT @SixNationsChat: Absolute unit of a performance from the France pack today, dominating the breakdown 🔥 #England #RugbyUnion #SixNations",152,290,en,England;RugbyUnion;SixNations,,,5751,Manchester,True,Positive
900000000000000690,Tue Feb 24 21:57:24 +0000 2026,grandslamgal_fr_146,"Can't believe Ireland let that lead slip against Wales, so much for the championship dream 😤 #rugby #WALvSCO",136,28,en,rugby;WALvSCO,,,723,Glasgow,False,Negative
900000000000000691,Sat Feb 07 21:15:13 +0000 2026,match_watcherofficial_0,"Terrible decision from the referee there, cost France the match against Ireland honestly 🙄",223,41,en,France;RugbyUnion,,,2313,Rome,False,Negative
900000000000000692,Wed Mar 11 07:20:20 +0000 2026,propforce_497,Scotland announce squad for upcoming Ireland fixture at Stade de France. #Scotland #Ireland #SCOvIRE,61,369,en,Scotland;Ireland;SCOvIRE,,,308,Glasgow,False,Neutral
900000000000000693,Fri Feb 20 16:49:56 +0000 2026,the_terrace__987,Half time score: Italy 21 - 33 England. Tight game so far.,108,304,en,,ScrumCastPod,,5669,Glasgow,False,Neutral
900000000000000694,Wed Mar 11 16:54:32 +0000 2026,grandslamgal514_310,Sinclair starts at fly-half for Scotland this weekend against Ireland. so gutted #Scotland #rugby #ENGvFRA @RugbyRoundupHQ,241,151,en,Scotland;rugby;ENGvFRA,RugbyRoundupHQ,,276,Cork,False,Neutral
900000000000000695,Tue Mar 03 00:29:52 +0000 2026,rucknroll680_161,"RT @TryLineTalk: Coach Lemoine has turned this Wales team around completely, brilliant tactics against Scotland 🏆 #Wales #RugbyUnion #TryTime",401,855,en,Wales;RugbyUnion;TryTime,,,155,Newcastle,True,Positive
900000000000000696,Sun Mar 08 01:35:05 +0000 2026,offload__114,Team news: Coach Sutherland makes three changes for for Ireland ahead of the Italy match.,129,158,en,Ireland;SixNations,,,4299,Dublin,False,Neutral
900000000000000697,Sat Feb 28 16:11:11 +0000 2026,the_terrace_380,"Predicting a tight one between Wales and England, could go either way tbh #SixNations",254,423,en,SixNations,,,4512,Swansea,False,Neutral
900000000000000698,Sun Feb 22 02:13:46 +0000 2026,sidestep_718,"What a game!! France absolutely dominated Ireland tonight, that attack was unreal 🎉 so gutted #France #Ireland #rugby",142,221,en,France;Ireland;rugby,,,69,Leeds,False,Positive
900000000000000699,Sat Mar 14 03:16:20 +0000 2026,fullback_fan_uk_372,"So proud of this France team, that final try in the last minute was everything 🏉",319,573,en,Ireland;Championship;rugby;ENGvWAL,,,9023,Toulouse,False,Neutral
900000000000000700,Mon Mar 09 10:52:28 +0000 2026,scrumtime_uk_941,Team news: Coach Delaney makes three changes for Wales ahead of the England match. #Wales #rugby #SixNations @PitchsideNews,390,4,en,Wales;rugby;SixNations,PitchsideNews,,1547,Limerick,False,Neutral
900000000000000701,Sat Feb 07 12:15:05 +0000 2026,mauling_it_fr_823,What's the team news for England vs Scotland this weekend? Anyone seen the lineup? #England #SixNations #TeamOfUs #SCOvIRE,47,177,en,England;SixNations;TeamOfUs;SCOvIRE,,,6481,Dublin,False,Neutral
900000000000000702,Sat Feb 21 21:00:43 +0000 2026,offload___4,Reminder: Scotland take on on England this weekend in round five of the championship. #Scotland #MatchDay,74,86,en,Scotland;MatchDay,,,11675,London,False,Neutral
900000000000000703,Tue Feb 10 21:58:40 +0000 2026,the_terraceofficial_585,"Predicting a tight one between Italy and France, could go either way tbh #Italy #SixNations @RuckReportUK",42,93,en,Italy;SixNations,RuckReportUK,,1768,Nice,False,Neutral
900000000000000704,Sun Mar 08 14:35:15 +0000 2026,grandslamgalofficial_949,RT @SixNationsChat: Byrne with a MASSIVE try in the corner!! England fans are buzzing right now 🎉 @RuckReportUK https://example.com/stats/tries,171,535,en,,RuckReportUK,https://example.com/stats/tries,11051,Glasgow,True,Positive
900000000000000705,Sat Feb 07 06:12:33 +0000 2026,offload__123,Referee for Ireland vs Italy confirmed as part of the officiating panel this round. #Ireland #MatchDay,20,64,en,Ireland;MatchDay,,,18597,Bristol,False,Neutral
900000000000000706,Sat Feb 14 23:06:54 +0000 2026,fullback_fan__112,"Novak missed another kick, Scotland really struggling for points tonight 💔 #Scotland #rugby #ENGvFRA #GrandSlamWatch",58,72,en,Scotland;rugby;ENGvFRA;GrandSlamWatch,,,7879,Cork,False,Negative
900000000000000707,Sat Mar 07 21:12:34 +0000 2026,conversion_2010_418,Fitzgerald with a MASSIVE try in the corner!! Ireland fans are buzzing right now 💪 #England #MatchDay #SixNations,180,221,en,England;MatchDay;SixNations,,,7423,Nice,False,Positive
900000000000000708,Sat Feb 14 03:44:04 +0000 2026,grandslamgal_uk_935,"RT @SixNationsChat: Ireland attack has gone missing this championship, no ideas at all against England 💔 #England",44,338,en,England,,,10087,Cork,True,Negative
900000000000000709,Sat Feb 14 12:19:43 +0000 2026,rucknrollofficial_121,Half time score: Italy 18 - 31 England. Tight game so far. #Italy #ENGvWAL,64,219,en,Italy;ENGvWAL,,,15888,Swansea,False,Neutral
900000000000000710,Fri Feb 27 09:40:27 +0000 2026,propforce2012_937,"Ireland 1 - 0 doubters. What a win against Italy, championship dream still alive 👏 #Italy #SixNations https://example.org/match-highlights",313,234,en,Italy;SixNations,,https://example.org/match-highlights,3483,Leeds,False,Positive
900000000000000711,Sat Feb 21 16:42:16 +0000 2026,mauling_it158_739,"Congratulations to Ireland on a brilliant win over England, the defence was rock solid all match 🏆 #Ireland #England #rugby @PitchsideNews",319,388,en,Ireland;England;rugby,PitchsideNews,,3021,Newcastle,False,Positive
900000000000000712,Thu Feb 12 19:33:42 +0000 2026,conversion__fr_984,Full time stats: England had 21 points from set pieces against France.,120,353,en,England;France;SixNations;SixNations2026,,,10074,Belfast,False,Neutral
900000000000000713,Tue Feb 17 18:27:15 +0000 2026,conversion__ie_176,"RT @TryLineTalk: Coach Kavanagh needs to explain this Wales performance, nowhere near good enough vs England 😡 #rugby #SCOvIRE",226,96,en,rugby;SCOvIRE,,,115,Limerick,True,Negative
900000000000000714,Sat Mar 07 07:51:22 +0000 2026,the_terrace_560,"RT @PitchsideNews: Not the Scotland performance we needed, way too many mistakes in attack 💔 #Scotland #ENGvFRA",73,210,en,Scotland;ENGvFRA,,,311,Newcastle,True,Negative
900000000000000715,Fri Feb 20 18:41:32 +0000 2026,wingwizard__466,"Huge win for Ireland at Stade de France, the crowd was absolutely electric 🏉 #Ireland #Championship",309,163,en,Ireland;Championship,,,2832,Limerick,False,Positive
900000000000000716,Fri Feb 20 19:58:15 +0000 2026,fullback_fan__399,Why does England keep giving away penalties in their own half against Scotland?? #England #Championship #RugbyUnion,137,262,en,England;Championship;RugbyUnion,,,12997,Bristol,False,Neutral
900000000000000717,Thu Mar 12 14:49:15 +0000 2026,kickoffkingofficial_758,"Terrible decision from the referee there, cost Ireland the match against France honestly 😡 #Ireland #Rugby",56,45,en,Ireland;Rugby,,,4432,Newcastle,False,Negative
900000000000000718,Fri Mar 06 02:16:37 +0000 2026,conversion__uk_386,"RT @TryLineTalk: What a game!! Ireland absolutely dominated France tonight, that attack was unreal 🙌 so gutted #RugbyUnion",53,158,en,RugbyUnion,,,8639,Leeds,True,Positive
900000000000000719,Thu Feb 26 03:01:55 +0000 2026,propforce75_541,BREAKING: Whitmore ruled out for France with injury ahead of Ireland match. #France #Ireland,0,206,en,France;Ireland,,,7610,,False,Neutral
900000000000000720,Mon Feb 23 09:59:36 +0000 2026,penaltykicker__688,"Full time: France 23 - 35 England. What a match, France deserved every point 💪 #France #England #Championship #CrunchTime",316,749,en,France;England;Championship;CrunchTime,,,13986,Glasgow,False,Positive
900000000000000721,Sun Feb 22 10:59:50 +0000 2026,match_watcher228_27,"Hard to see past France winning this one, Scotland defence has been shaky #Scotland",101,145,und,Scotland,,,5892,Dublin,False,Neutral
900000000000000722,Sat Feb 21 15:33:23 +0000 2026,wingwizard_fr_93,"What a game!! Ireland absolutely dominated France tonight, that attack was was unreal 🙌 #Ireland #TeamOfUs @TryLineTalk https://example.com/stats/tries",175,472,en,Ireland;TeamOfUs,TryLineTalk,https://example.com/stats/tries,8871,Swansea,False,Positive
900000000000000723,Tue Feb 17 13:12:28 +0000 2026,conversion__747,"RT @RugbyRoundupHQ: Wales defence today: come on in, the door's open lol 😍 #Wales #England #Championship @SixNationsChat",379,320,en,Wales;England;Championship,SixNationsChat,,2994,London,True,Positive
900000000000000724,Thu Feb 19 18:05:50 +0000 2026,mauling_itofficial_803,RT @SixNationsChat: Official: kickoff time confirmed for Ireland vs England at Stadio Olimpico. absolute unit #Ireland #SixNations,138,208,en,Ireland;SixNations,,,6378,Newcastle,True,Neutral
900000000000000725,Mon Feb 23 14:42:13 +0000 2026,grandslamgal398_809,Why does France keep giving away penalties in their own half against Ireland?? buzzing @PitchsideNews,35,547,en,France;SixNations,PitchsideNews,,76340,Bristol,False,Neutral
900000000000000726,Tue Feb 17 04:33:00 +0000 2026,propforceofficial_147,"Devastating result for Ireland fans, that final try from Wales in the last minute hurt 😢 #Ireland #Rugby",65,59,en,Ireland;Rugby,,,2349,Swansea,False,Negative
900000000000000727,Tue Mar 03 21:53:08 +0000 2026,ovalball_958,Pundits are split on whether Ireland or France will control possession today. #Ireland #France #SixNations https://example.net/highlights-reel,25,412,en,Ireland;France;SixNations,RugbyRoundupHQ,https://example.net/highlights-reel,774,Swansea,False,Neutral
900000000000000728,Fri Feb 13 05:37:10 +0000 2026,ovalball1996_249,Marsh starts at fly-half for Wales this weekend against Italy. #Wales #SixNations #Championship,0,108,en,Wales;SixNations;Championship,,,4519,Paris,False,Neutral
900000000000000729,Sat Mar 07 18:14:25 +0000 2026,the_terrace__501,"Not the France performance we needed, way too many mistakes in attack 😡 #France #rugby #MatchDay #GrandSlamWatch",8,74,en,France;rugby;MatchDay;GrandSlamWatch,,,3207,Manchester,False,Negative
900000000000000730,Sun Mar 08 21:03:47 +0000 2026,rugbyfan_ie_705,"Predicting a tight one between Ireland and France, could go either way tbh #France #SixNations",212,221,en,France;SixNations,,,3208,Belfast,False,Neutral
900000000000000731,Wed Feb 25 19:24:18 +0000 2026,mauling_it_fr_450,ME PRETENDING I UNDERSTAND THE OFFSIDE RULE WHILE WATCHING SCOTLAND VS FRANCE 💪 #Scotland #France #ENGvWAL @OvalBallDaily,166,542,en,Scotland;France;ENGvWAL,OvalBallDaily,,10617,Leeds,False,Positive
900000000000000732,Wed Mar 11 04:05:54 +0000 2026,grandslamgal2007_433,"Italy 1 - 0 doubters. What a win against Ireland, championship dream still alive 🏆 #Italy #Ireland",107,761,en,Italy;Ireland,,,2437,Swansea,False,Positive
900000000000000733,Mon Feb 23 02:43:38 +0000 2026,trylinehero294_651,"Hard to see past England winning winning this one, France defence has been shaky #SixNations #WALvSCO",158,96,fr,SixNations;WALvSCO,,,4755,Newcastle,False,Neutral
900000000000000734,Fri Mar 06 15:02:27 +0000 2026,flyhalf__ie_484,Wales announce squad for upcoming France fixture fixture at Stadio Olimpico. #Wales https://example.com/rugby-report,202,7,en,Wales,,https://example.com/rugby-report,1893,Dublin,False,Neutral
900000000000000735,Wed Mar 04 01:51:42 +0000 2026,the_terrace_uk_598,"Ireland lost the plot in the second half, Italy punished every single error 😩 @TryLineTalk",50,54,en,,TryLineTalk,,869,Swansea,False,Negative
900000000000000736,Tue Mar 10 18:12:19 +0000 2026,trylinehero_364,"What a game!! Wales absolutely dominated Ireland tonight, that attack was unreal 🎉 #Wales #Championship",302,474,en,Wales;Championship,,,9257,Dublin,False,Positive
900000000000000737,Thu Mar 05 12:32:56 +0000 2026,grandslamgal_fr_404,Pundits are split on whether England or Wales will control possession today. big mood,138,101,en,England;SixNations;TeamOfUs,,,5940,Cork,False,Neutral
900000000000000738,Fri Feb 27 13:23:09 +0000 2026,mauling_it_157,"Full time: Ireland 7 - 37 Wales. Rough night for Ireland, defence was shocking 😩 #Ireland #SixNations #RugbyUnion",33,153,en,Ireland;SixNations;RugbyUnion,,,5150,Cork,False,Negative
900000000000000739,Wed Feb 18 10:36:57 +0000 2026,the_terrace_fr_572,What's the team news for Scotland vs Italy this weekend? Anyone seen the lineup?,120,125,en,,,,9109,Cork,False,Neutral
900000000000000740,Wed Mar 04 14:33:37 +0000 2026,the_terrace_ie_602,Why does England keep giving away penalties in their own half against Ireland?? so gutted #England #rugby,33,174,en,England;rugby,,,6821,Cork,False,Neutral
900000000000000741,Fri Feb 20 14:13:35 +0000 2026,kickoffking_ie_894,"France 1 - 0 doubters. What a win against against Ireland, championship dream still alive 👏 #France #Ireland #SixNations @SixNationsChat",186,194,en,France;Ireland;SixNations,SixNationsChat,,725,Toulouse,False,Positive
900000000000000742,Mon Feb 09 19:34:26 +0000 2026,touchline_talk__538,"I reckon England edge this by a converted try over Ireland, defence will be key #Ireland",136,241,en,Ireland,,,2484,Nice,False,Neutral
900000000000000743,Thu Mar 05 17:02:48 +0000 2026,the_terrace__23,Ferreira running faster from the ref than from Wales's defence 👏 #Ireland #SixNations,82,298,en,Ireland;SixNations,,,130329,Cork,False,Positive
900000000000000744,Mon Mar 02 06:28:05 +0000 2026,ovalball_fr_378,My prediction: Ireland 13 - 25 Wales. Should be a cracking match #Ireland #Wales https://rugbynews.example.org/recap,23,271,en,Ireland;Wales,,https://rugbynews.example.org/recap,4274,Swansea,False,Neutral
900000000000000745,Thu Mar 12 01:40:41 +0000 2026,touchline_talkofficial_79,"RT @TryLineTalk: England lost the plot in the second half, Ireland punished every single error 😩 #RugbyUnion #ITAvWAL",103,266,en,RugbyUnion;ITAvWAL,,,13177,Toulouse,True,Negative
900000000000000746,Sat Feb 07 05:44:34 +0000 2026,flyhalf_official_860,Duffy with a MASSIVE try in the corner!! England fans are buzzing right now 🎉 #Rugby #SixNations #SCOvIRE #RoundFive,266,401,en,Rugby;SixNations;SCOvIRE;RoundFive,,,1178,Paris,False,Positive
900000000000000747,Fri Feb 27 01:16:55 +0000 2026,flyhalf_official_219,"Terrible decision from the referee there, cost France the match against Wales honestly 💔",10,114,en,France;Wales;Rugby,,,2218,Cork,False,Negative
900000000000000748,Thu Feb 26 08:19:03 +0000 2026,ovalball__622,RT @SixNationsChat: Pundits are split on whether Ireland or Wales will control possession today. #Ireland #MatchDay #rugby @RuckReportUK,98,124,en,Ireland;MatchDay;rugby,RuckReportUK,,804,Limerick,True,Neutral
900000000000000749,Thu Feb 12 08:46:38 +0000 2026,propforce_ie_133,Pundits are split split on whether Wales or England will control possession today. unreal #SixNations #ITAvWAL,210,300,en,SixNations;ITAvWAL,,,2935,Cork,False,Neutral
900000000000000750,Thu Feb 26 01:52:10 +0000 2026,trylineheroofficial_596,"HARD TO SEE PAST ITALY WINNING THIS ONE, IRELAND DEFENCE HAS BEEN SHAKY #rugby #RugbyUnion @PitchsideNews",17,77,en,rugby;RugbyUnion,PitchsideNews,,2577,Bristol,False,Neutral
900000000000000751,Fri Feb 20 11:12:44 +0000 2026,match_watcher_ie_63,RT @SixNationsChat: Why does Ireland keep giving away penalties in their own half against France?? #Ireland,63,10,en,Ireland,,,2461,Limerick,True,Neutral
900000000000000752,Sat Mar 07 00:00:56 +0000 2026,mauling_it1986_94,"RT @SixNationsChat: Hard to see past Wales winning this one, England defence has been shaky #England #Wales #ENGvFRA",11,12,en,England;Wales;ENGvFRA,,,5370,Edinburgh,True,Neutral
900000000000000753,Wed Mar 04 21:45:59 +0000 2026,match_watcher__2,Is it just me or has Wales attack been really flat this championship?,220,160,en,Wales;rugby;SixNations,,,3862,Belfast,False,Neutral
900000000000000754,Fri Mar 06 00:29:51 +0000 2026,match_watcher_fr_806,Me pretending I understand the offside rule while watching England vs Ireland 👏 #MatchDay #SixNations,388,610,en,MatchDay;SixNations,,,5087,Dublin,False,Positive
900000000000000755,Thu Mar 12 13:30:51 +0000 2026,ovalball_fr_435,"France fans after that missed kick: it's fine, everything's fine 💪 #FRAvITA https://example.com/stats/tries",274,303,it,FRAvITA,,https://example.com/stats/tries,473,Paris,False,Positive
900000000000000756,Thu Feb 26 21:29:22 +0000 2026,ovalballofficial_728,"Watching Ireland vs England with my nan, she knows more about rugby than the pundits 👏 #England #SixNations https://example.net/highlights-reel",163,508,en,England;SixNations,,https://example.net/highlights-reel,5047,Swansea,False,Positive
900000000000000757,Wed Feb 25 12:30:51 +0000 2026,fullback_fan793_863,"Ireland attack has gone missing this championship, no ideas at all against England 🙄 https://sixnations.example.net/live",20,310,en,Ireland;SixNations;IREvFRA,,https://sixnations.example.net/live,3119,Leeds,False,Negative
900000000000000758,Sun Feb 15 15:58:34 +0000 2026,mauling_it2008_100,RT @TryLineTalk: Ticket prices for the England vs Scotland fixture at Stadio Olimpico released today. #Scotland #Rugby #SixNations,85,128,en,Scotland;Rugby;SixNations,,,11734,Dublin,True,Positive
900000000000000759,Sun Mar 08 02:10:11 +0000 2026,sidestep_ie_465,My prediction: England 17 - 28 Ireland. Should be a cracking match #England #Ireland #SixNations,16,74,en,England;Ireland;SixNations,,,9999,London,False,Neutral
900000000000000760,Fri Feb 13 20:05:58 +0000 2026,scrumtime_fr_165,"RT @PitchsideNews: Best Italy performance in years, that co-ordinated attack ripped England apart 🏉 #Italy #Rugby #rugby",45,431,en,Italy;Rugby;rugby,ScrumCastPod,,12535,Edinburgh,True,Positive
900000000000000761,Sat Feb 07 01:45:54 +0000 2026,sidestep187_957,"Costa missed another kick, Ireland really struggling for points tonight 🙄 #Ireland #Wales #SixNations",234,193,en,Ireland;Wales;SixNations,,,84,Nice,False,Negative
900000000000000762,Mon Feb 09 16:05:45 +0000 2026,mauling_it1987_596,Weather looks dry for the Wales vs France match at Murrayfield today. #Rugby #rugby,295,43,en,Rugby;rugby,,,1748,Toulouse,False,Neutral
900000000000000763,Thu Mar 05 13:52:46 +0000 2026,sidestep1985_913,RT @SixNationsChat: Moretti with a MASSIVE try in the corner!! corner!! Italy fans are buzzing right now 😍 #Italy,241,149,en,Italy,,,7796,Leeds,True,Positive
900000000000000764,Mon Mar 02 17:51:03 +0000 2026,scrumtime_ie_335,"RT @TryLineTalk: Can't believe France let that lead slip against Scotland, so much for the championship dream 💔 #France #rugby",236,60,en,France;rugby,,,8111,Nice,True,Negative
900000000000000765,Fri Feb 20 17:04:44 +0000 2026,match_watcher2002_203,Report: Coach Delaney set to extend contract with Scotland after strong championship run. #Scotland #rugby https://example.net/highlights-reel,33,113,en,Scotland;rugby,,https://example.net/highlights-reel,6887,Dublin,False,Neutral
900000000000000766,Fri Mar 13 01:50:47 +0000 2026,kickoffking_312,"Watching Scotland vs France with my nan, she knows more about rugby than the pundits 🎉",185,569,en,Scotland;WALvSCO;SixNations2026,,,1420,Edinburgh,False,Positive
900000000000000767,Wed Feb 25 02:23:01 +0000 2026,touchline_talk__755,Referee for England vs Scotland confirmed as part of the officiating panel this round. #England #Scotland #rugby,26,50,en,England;Scotland;rugby,,,1468,Manchester,False,Neutral
900000000000000768,Fri Feb 13 02:08:00 +0000 2026,conversion_580_644,"What a game!! England absolutely dominated Ireland tonight, that attack was unreal 🙌 #England #Ireland #SixNations",244,507,en,England;Ireland;SixNations,,,4091,Limerick,False,Neutral
900000000000000769,Fri Mar 06 21:32:00 +0000 2026,wingwizardofficial_334,RT @PitchsideNews: Official: kickoff time confirmed for England vs Italy at Principality Stadium. #Italy #Rugby #ENGvFRA,39,199,en,Italy;Rugby;ENGvFRA,OvalBallDaily,,680,Bristol,True,Neutral
900000000000000770,Sat Mar 07 18:14:43 +0000 2026,rucknroll_784,Referee for Ireland vs Scotland confirmed as part of the officiating panel this round. #Scotland #TryTime,72,340,en,Scotland;TryTime,,,3077,Toulouse,False,Positive
900000000000000771,Fri Mar 13 14:37:46 +0000 2026,wingwizard1991_143,My prediction: Ireland 7 - 33 England. Should be a cracking match #England #SixNations,23,79,en,England;SixNations,,,3080,Rome,False,Neutral
900000000000000772,Sun Feb 22 08:25:51 +0000 2026,ovalball_930,RT @SixNationsChat: Report: Coach Sutherland set to extend contract with Ireland after strong championship run. #WALvSCO,90,316,en,WALvSCO,,,4735,Leeds,True,Neutral
900000000000000773,Mon Mar 09 15:51:08 +0000 2026,ovalball_fr_793,England announce squad for upcoming Scotland fixture at Stade de France. #England #Scotland #rugby #SixNations https://sixnations.example.net/live,119,422,en,England;Scotland;rugby;SixNations,,https://sixnations.example.net/live,6473,Dublin,False,Neutral
900000000000000774,Sat Feb 07 04:06:37 +0000 2026,wingwizard_fr_934,"That performance from Scotland was class from start to finish, 7 points and never looked back 🏉",199,723,en,Scotland;rugby;Rugby;WALvSCO,,,1184,Limerick,False,Positive
900000000000000775,Sun Feb 15 03:40:34 +0000 2026,scrumtime_682,"RT @PitchsideNews: Coach Sutherland needs to explain this England England performance, nowhere near good enough vs Ireland 🙄 #England",133,174,en,England,,,3400,Leeds,True,Negative
900000000000000776,Sat Mar 14 05:02:20 +0000 2026,touchline_talk__291,"Best Italy performance in years, that co-ordinated attack ripped Scotland apart 🔥 #Italy #Scotland #SixNations",249,281,en,Italy;Scotland;SixNations,,,4878,Leeds,False,Positive
900000000000000777,Sun Feb 22 12:46:23 +0000 2026,sidestep_306,"Coach Bianchi has turned this France team around completely, brilliant tactics against Ireland 🏆",216,195,en,France,,,3352,Manchester,False,Positive
900000000000000778,Tue Feb 10 16:19:20 +0000 2026,wingwizard931_606,"Scotland fans after that missed kick: it's fine, everything's fine 🏆 #Scotland #SixNations",379,216,en,Scotland;SixNations,,,1289,Milan,False,Positive
900000000000000779,Sat Mar 14 00:11:14 +0000 2026,trylinehero1993_298,RT @PitchsideNews: Referee for Scotland vs England confirmed as part of the officiating panel this round. #Scotland,36,312,en,Scotland,,,3691,Manchester,True,Neutral
900000000000000780,Mon Mar 09 17:47:08 +0000 2026,ovalball71_502,My prediction: England 19 - 35 Ireland. Should be a cracking match #England #Rugby @PitchsideNews https://example.com/stats/tries,79,8,en,England;Rugby,PitchsideNews,https://example.com/stats/tries,1738,Nice,False,Neutral
900000000000000781,Sun Feb 22 05:38:00 +0000 2026,rugbyfan2004_693,Full time stats: France had 21 points from set pieces against Ireland.,62,291,en,France;TeamOfUs,,,148,London,False,Neutral
900000000000000782,Sat Mar 07 15:44:06 +0000 2026,touchline_talk_392,Scotland announce squad for upcoming England fixture at Aviva Stadium. #Scotland #England #SixNations @PitchsideNews,42,253,en,Scotland;England;SixNations,PitchsideNews,,8939,Manchester,False,Neutral
900000000000000783,Sun Mar 08 16:35:29 +0000 2026,the_terrace_fr_980,"Terrible decision from the referee there, cost France the match against England honestly 😡 https://example.net/highlights-reel",39,288,en,France;England,,https://example.net/highlights-reel,5419,London,False,Negative
900000000000000784,Tue Feb 17 22:06:40 +0000 2026,scrumtimeofficial_37,"Devastating result for Scotland fans, that final try from England in the last minute hurt 😢 #Scotland #SixNations #Rugby",73,146,en,Scotland;SixNations;Rugby,TryLineTalk,,1379,Edinburgh,False,Negative
900000000000000785,Sun Feb 08 04:02:12 +0000 2026,lineoutlegend_ie_264,Whitmore starts at fly-half for France this weekend against England. #France #SixNations,197,25,en,France;SixNations,,,7534,Toulouse,False,Neutral
900000000000000786,Sat Mar 07 01:13:29 +0000 2026,grandslamgal_ie_890,"Congratulations to France on a brilliant win over Italy, the defence was rock solid all match 🎉 #France https://example.com/stats/tries",380,473,en,France,,https://example.com/stats/tries,745,,False,Positive
900000000000000787,Fri Mar 06 13:25:28 +0000 2026,offload__fr_763,"Ireland 1 - 0 doubters. What a win against Scotland, championship dream still alive 🎉 #MatchDay #RoundFive https://example.net/highlights-reel",206,76,en,MatchDay;RoundFive,,https://example.net/highlights-reel,5452,Nice,False,Positive
900000000000000788,Sat Feb 07 00:00:14 +0000 2026,touchline_talk_fr_241,"Huge win for Ireland at Stade de France, the the crowd was absolutely electric 🎉 #Ireland #Rugby",128,267,en,Ireland;Rugby,,,5663,Nice,False,Positive
900000000000000789,Wed Feb 25 03:39:42 +0000 2026,ovalball__800,"RT @PitchsideNews: That performance from Ireland was class from start to finish, 14 points and never looked back 🔥 #England",115,610,it,England,TryLineTalk,,101,Glasgow,True,Positive
900000000000000790,Wed Mar 11 11:00:00 +0000 2026,wingwizard__28,My prediction: Ireland 42 - 39 England. Should be a cracking match #SixNations #ENGvFRA @ScrumCastPod,75,321,en,SixNations;ENGvFRA,ScrumCastPod,,9507,Dublin,False,Neutral
900000000000000791,Mon Mar 02 01:13:04 +0000 2026,lineoutlegendofficial_5,"Absolutely gutted for England, that defence completely fell apart against France today 😩",106,176,en,England;France;SixNations;SCOvIRE,,,4646,Bristol,False,Negative
900000000000000792,Sat Feb 21 15:01:06 +0000 2026,fullback_fan_uk_222,My prediction: Wales 38 - 18 Ireland. Should be a cracking match #rugby #ENGvFRA,17,126,en,rugby;ENGvFRA,,,6351,Newcastle,False,Neutral
900000000000000793,Mon Feb 23 15:28:35 +0000 2026,grandslamgal__586,"That performance from England was class from start to finish, 21 points and never looked back 🙌 #Italy #TryTime",319,192,und,Italy;TryTime,,,2420,Leeds,False,Positive
900000000000000794,Mon Mar 09 10:36:19 +0000 2026,grandslamgal_fr_452,"That performance from France was class from start to finish, 5 points and never looked back 👏 #France @SixNationsChat",327,382,en,France,SixNationsChat,,5876,Belfast,False,Positive
900000000000000795,Wed Mar 04 07:27:02 +0000 2026,grandslamgal_ie_882,Ireland announce squad for upcoming Italy fixture at Twickenham. #rugby #SixNations #FRAvITA,171,213,en,rugby;SixNations;FRAvITA,,,2372,Nice,False,Neutral
900000000000000796,Wed Mar 11 14:29:05 +0000 2026,sidestepofficial_127,What's the team news for Scotland vs Ireland this weekend? Anyone seen the lineup?,1,147,en,SixNations;IREvENG,,,8379,,False,Neutral
900000000000000797,Tue Mar 10 04:55:17 +0000 2026,penaltykicker223_666,"Predicting a tight one between Wales and England, could go either way tbh #Wales #rugby",2,203,en,Wales;rugby,,,10288,Newcastle,False,Neutral
900000000000000798,Tue Feb 17 11:59:30 +0000 2026,trylinehero2003_774,RT @RugbyRoundupHQ: Is it just me or has Wales attack been really flat this championship? #Wales #France #SixNations,134,71,en,Wales;France;SixNations,OvalBallDaily,,9210,Leeds,True,Neutral
900000000000000799,Sat Feb 28 07:22:14 +0000 2026,ovalballofficial_48,Referee for Scotland vs Wales confirmed as part of the officiating panel this round. #Scotland #Wales #SixNations #IREvFRA,13,170,en,Scotland;Wales;SixNations;IREvFRA,,,15111,Bristol,False,Neutral
900000000000000800,Fri Feb 13 18:11:58 +0000 2026,conversion__126,"Best Ireland performance in years, that co-ordinated attack ripped France apart 🔥",210,314,en,,,,9214,Belfast,False,Positive
900000000000000801,Tue Feb 10 18:40:40 +0000 2026,scrumtime_uk_918,"I reckon England edge this by a converted try over Wales, defence will be key #Rugby #CrunchTime",228,121,en,Rugby;CrunchTime,,,3928,Cardiff,False,Neutral
900000000000000802,Mon Feb 09 22:56:21 +0000 2026,mauling_it_14,Is it just me or has England attack been really flat this championship? #England #France,210,169,en,England;France,OvalBallDaily,,933,Nice,False,Neutral
900000000000000803,Wed Feb 18 05:24:46 +0000 2026,propforce_ie_827,"I reckon Ireland edge this by a converted try over England, defence will be key",66,115,en,Ireland;rugby,,,11287,Paris,False,Neutral
900000000000000804,Mon Feb 16 17:38:54 +0000 2026,fullback_fan2018_265,"RT @TryLineTalk: Predicting a tight one between Wales and Ireland, could go either way tbh #rugby https://example.net/highlights-reel",97,250,en,rugby,,https://example.net/highlights-reel,6262,Toulouse,True,Neutral
900000000000000805,Mon Mar 09 21:41:15 +0000 2026,lineoutlegend__935,Reminder: England take on Ireland this weekend in round five of the championship.,70,78,en,SixNations,,,16159,Toulouse,False,Neutral
900000000000000806,Sat Mar 14 03:32:17 +0000 2026,wingwizard_61,"Huge win for England at Principality Stadium, the crowd was absolutely electric 🏉 #CrunchTime",232,218,en,CrunchTime,RugbyRoundupHQ,,59,Limerick,False,Positive
900000000000000807,Sat Feb 14 09:51:20 +0000 2026,kickoffking586_749,RT @PitchsideNews: Is it just me or has France attack been really flat this championship? #France https://example.org/match-highlights,40,88,en,France,,https://example.org/match-highlights,20164,Bristol,True,Neutral
900000000000000808,Sun Mar 01 11:49:57 +0000 2026,kickoffking356_991,RT @PitchsideNews: Referee for Scotland vs Ireland confirmed as part of the officiating panel this round. #Scotland #Ireland #Rugby #SixNations,49,123,en,Scotland;Ireland;Rugby;SixNations,,,8247,Swansea,True,Neutral
900000000000000809,Fri Feb 20 16:37:04 +0000 2026,scrumtime_fr_939,RT @PitchsideNews: Reminder: Ireland take on England this weekend in round five of the championship.,7,44,en,Ireland;England;SixNations;rugby,,,8581,,True,Neutral
900000000000000810,Sun Mar 08 23:25:26 +0000 2026,wingwizard__160,Duffy running faster from the ref than from Scotland's defence 🏆,151,300,en,Ireland;Scotland;SixNations,TryLineTalk,,5332,,False,Positive
900000000000000811,Fri Mar 06 02:00:39 +0000 2026,flyhalf___564,"France lost the plot in the second half, Ireland punished every single error 😢",15,124,en,,,,10933,,False,Negative
900000000000000812,Thu Feb 12 00:47:16 +0000 2026,offload___950,Full time stats: Wales had 3 points from set pieces against England. #PitchsideView,26,107,en,PitchsideView,,,1410,Edinburgh,False,Neutral
900000000000000813,Sun Feb 08 00:42:50 +0000 2026,ovalball1995_792,"Huge win for Ireland at Aviva Stadium, the crowd was absolutely electric 🏆 #Ireland",142,794,en,Ireland,,,8026,Manchester,False,Positive
900000000000000814,Mon Mar 02 07:19:19 +0000 2026,match_watcher_757,"Scotland lost the plot in the second half, England punished every single error 😡 #rugby",111,159,en,rugby,,,6851,Cork,False,Neutral
900000000000000815,Fri Feb 06 22:41:31 +0000 2026,mauling_it578_24,Referee for Wales vs France confirmed as part of the officiating panel this round. not gonna lie #Wales #ENGvWAL,51,245,en,Wales;ENGvWAL,,,1937,Bristol,False,Neutral
900000000000000816,Fri Feb 13 15:07:50 +0000 2026,the_terrace6_606,Pundits are split on whether France or Scotland will control possession today. #France #ENGvFRA https://example.com/stats/tries,44,274,en,France;ENGvFRA,PitchsideNews,https://example.com/stats/tries,11414,Toulouse,False,Neutral
900000000000000817,Tue Mar 03 19:41:17 +0000 2026,ovalball__552,"Full Full time: Wales 24 - 7 Italy. What a match, Wales deserved every point 😍 #Wales #rugby @OvalBallDaily",314,608,en,Wales;rugby,OvalBallDaily,,5425,Limerick,False,Positive
900000000000000818,Fri Mar 13 03:11:12 +0000 2026,flyhalf_official_815,"England 1 - 0 doubters. What a win against Ireland, championship dream still alive 💪 #England #Ireland",314,216,en,England;Ireland,,,156,Rome,False,Positive
900000000000000819,Mon Mar 02 03:59:25 +0000 2026,lineoutlegend_fr_136,"Coach Sutherland has turned this Scotland team around completely, brilliant tactics against Ireland 🏆 big mood #Scotland #rugby #ENGvFRA https://example.org/match-highlights",491,666,en,Scotland;rugby;ENGvFRA,,https://example.org/match-highlights,5216,Paris,False,Positive
900000000000000820,Sun Feb 22 21:11:32 +0000 2026,kickoffking_fr_23,"The Scotland defence has been immense this championship, barely conceding a try 😍 #Scotland",265,35,en,Scotland,,,5400,Cork,False,Positive
900000000000000821,Sun Feb 22 09:38:06 +0000 2026,flyhalf__fr_163,Lecomte with a MASSIVE try in the corner!! England fans are buzzing right now 🙌 #Scotland #SixNations2026,101,536,en,Scotland;SixNations2026,,,346,Bristol,False,Positive
900000000000000822,Mon Feb 16 05:31:17 +0000 2026,trylinehero__650,"RT @TryLineTalk: The France defence has been immense this championship, barely conceding a try 🔥 #SixNations #SixNations2026 @OvalBallDaily",383,729,en,SixNations;SixNations2026,OvalBallDaily,,5737,Toulouse,True,Positive
900000000000000823,Wed Mar 11 06:31:16 +0000 2026,touchline_talk_775,Reminder: England take on Wales this weekend weekend in round five of the championship. #England #MatchDay #SCOvIRE,262,80,en,England;MatchDay;SCOvIRE,,,4633,,False,Neutral
900000000000000824,Thu Feb 19 15:54:24 +0000 2026,the_terrace1993_944,"Coach Bianchi needs to explain this Wales performance, nowhere near good enough vs Ireland 🙄 #Wales https://example.net/highlights-reel",74,170,en,Wales,,https://example.net/highlights-reel,7684,,False,Positive
900000000000000825,Sun Feb 22 08:30:41 +0000 2026,rugbyfan2006_945,"That performance from Ireland was class from start to finish, 10 points and never looked back 😍 #Ireland #RugbyUnion #rugby",137,83,en,Ireland;RugbyUnion;rugby,,,2008,Edinburgh,False,Positive
900000000000000826,Thu Feb 12 20:54:35 +0000 2026,touchline_talk__319,What's the team news for England vs Ireland this weekend? Anyone seen the lineup? #England #Ireland,48,313,en,England;Ireland,,,6305,Cork,False,Neutral
900000000000000827,Wed Feb 11 22:12:55 +0000 2026,the_terraceofficial_565,"RT @SixNationsChat: Not the Ireland performance we needed, way too many mistakes in attack 😤 big mood @OvalBallDaily",17,59,en,Ireland;rugby;SCOvIRE,OvalBallDaily,,3217,,True,Negative
900000000000000828,Tue Feb 17 23:56:28 +0000 2026,trylinehero327_555,Half time score: Ireland 7 - 9 France. Tight game so far. #Ireland #Rugby https://example.org/match-highlights,104,27,en,Ireland;Rugby,,https://example.org/match-highlights,3383,Edinburgh,False,Neutral
900000000000000829,Tue Feb 24 00:14:24 +0000 2026,the_terrace_ie_95,"Hard to see past France winning this one, England defence has been shaky #England #France #rugby #IREvFRA",39,256,en,England;France;rugby;IREvFRA,,,15893,Milan,False,Neutral
900000000000000830,Mon Mar 02 13:59:11 +0000 2026,conversion_2015_607,Me pretending I understand the offside rule while watching Wales vs Ireland 🙌 #SixNations #RugbyUnion https://example.com/stats/tries,475,134,en,SixNations;RugbyUnion,RugbyRoundupHQ,https://example.com/stats/tries,16552,Manchester,False,Positive
900000000000000831,Thu Mar 05 04:03:19 +0000 2026,the_terrace_986,"Full time: Ireland 31 - 20 Wales. Rough night night for Ireland, defence was shocking 💔 #Ireland https://example.net/highlights-reel",52,184,en,Ireland,,https://example.net/highlights-reel,199,Belfast,False,Negative
900000000000000832,Sun Feb 15 06:03:30 +0000 2026,flyhalf___553,"Can't believe Wales let that lead slip against Ireland, so much for the championship dream 💔 #Championship #SCOvIRE @PitchsideNews",128,152,en,Championship;SCOvIRE,PitchsideNews,,9013,,False,Negative
900000000000000833,Wed Feb 11 05:06:38 +0000 2026,scrumtimeofficial_30,Full time stats: Italy had 5 points from set pieces against France.,76,3,en,France;SixNations;RoundFive,,,3373,Glasgow,False,Neutral
900000000000000834,Sat Feb 07 20:53:52 +0000 2026,the_terraceofficial_129,"RT @SixNationsChat: So proud of this Ireland team, that final try in the last minute was everything 😍",147,483,it,,,,10600,,True,Positive
900000000000000835,Tue Feb 24 07:13:48 +0000 2026,rugbyfan__413,"Absolutely gutted for England, that defence completely fell apart against Italy today 😩 #rugby #SixNations https://example.com/rugby-report",9,2,en,rugby;SixNations,,https://example.com/rugby-report,7046,Belfast,False,Negative
900000000000000836,Tue Feb 24 15:45:52 +0000 2026,ovalballofficial_736,"RT @PitchsideNews: Terrible decision from the referee there, cost Italy the the match against Ireland honestly 😢 #Italy #MatchDay",41,88,en,Italy;MatchDay,MaulZoneFC,,2719,Manchester,True,Negative
900000000000000837,Mon Mar 02 11:49:32 +0000 2026,rucknroll_742,"I reckon England edge this by a converted try over Italy, defence will be key proper mess @SixNationsChat",23,11,en,England;Rugby;rugby,SixNationsChat,,9108,,False,Neutral
900000000000000838,Mon Mar 09 08:46:18 +0000 2026,wingwizard_ie_399,RT @TryLineTalk: Kickoff between England and Wales at Twickenham in 30 minutes. #England #SixNations #GrandSlamWatch,52,106,en,England;SixNations;GrandSlamWatch,,,1086,Cardiff,True,Neutral
900000000000000839,Wed Feb 18 15:14:29 +0000 2026,touchline_talk_ie_325,"So proud of this Wales team, that final try in the last minute was everything 🙌 #Wales #England",405,488,en,Wales;England,,,2120,Paris,False,Neutral
900000000000000840,Mon Mar 09 21:15:42 +0000 2026,kickoffking_fr_550,"Italy attack has gone missing this championship, no ideas at all against France 😩 #TeamOfUs @MaulZoneFC",148,76,en,TeamOfUs,MaulZoneFC,,4014,Edinburgh,False,Negative
900000000000000841,Sat Mar 14 05:54:07 +0000 2026,sidestep_ie_890,"Coach Sutherland has turned this France team around completely, brilliant tactics against England 🏆",408,588,en,England;Championship,,,4106,,False,Positive
900000000000000842,Thu Feb 12 18:12:31 +0000 2026,propforce_ie_603,Why does Ireland keep giving away penalties in their own half against England?? #Ireland #England #Rugby #ENGvFRA #PitchsideView,90,217,en,Ireland;England;Rugby;ENGvFRA;PitchsideView,,,13381,Paris,False,Neutral
900000000000000843,Wed Feb 25 21:49:43 +0000 2026,match_watcher842_705,"RT @SixNationsChat: Ireland fans after that missed kick: it's fine, everything's fine 🎉 proper mess #Ireland #rugby #SixNations https://example.net/highlights-reel",141,150,en,Ireland;rugby;SixNations,,https://example.net/highlights-reel,4414,Milan,True,Positive
900000000000000844,Sat Feb 21 06:50:26 +0000 2026,sidestep_ie_202,"What a game!! Wales absolutely dominated Scotland tonight, that attack was unreal 🔥 @ScrumCastPod",222,396,fr,Wales;rugby,ScrumCastPod,,7597,Paris,False,Positive
900000000000000845,Wed Feb 11 15:47:57 +0000 2026,conversion_539_229,Pundits are split on whether France or England will control possession today. #Rugby #SCOvIRE,141,79,und,Rugby;SCOvIRE,,,5236,Bristol,False,Negative
900000000000000846,Fri Mar 06 08:20:53 +0000 2026,propforce_fr_414,RT @SixNationsChat: Ticket prices for the England vs Ireland fixture at Aviva Stadium released today. #England #rugby,81,116,en,England;rugby,,,5586,Newcastle,True,Neutral
900000000000000847,Thu Mar 05 07:38:47 +0000 2026,propforce_ie_664,What's the team news for Ireland vs Wales this weekend? Anyone seen the lineup? @RuckReportUK,75,34,en,Ireland;RugbyUnion,RuckReportUK,,167087,Glasgow,False,Neutral
900000000000000848,Sat Feb 07 14:36:18 +0000 2026,fullback_fan315_986,RT @RugbyRoundupHQ: England confirm ticket sales for Wales clash open this Friday.,17,215,en,,,,4960,Glasgow,True,Neutral
900000000000000849,Sun Feb 15 22:16:05 +0000 2026,fullback_fan_684,RT @PitchsideNews: Novak running faster from the ref than from Ireland's defence 🔥 #Scotland #Ireland #MatchDay #ITAvWAL,124,186,en,Scotland;Ireland;MatchDay;ITAvWAL,,,7075,Paris,True,Positive
900000000000000850,Mon Mar 02 18:52:12 +0000 2026,sidestepofficial_353,"That performance from England was class from start to finish, 21 points and never looked back 🔥 #rugby #IREvENG",293,245,en,rugby;IREvENG,,,3650,Edinburgh,False,Positive
900000000000000851,Tue Feb 24 05:57:13 +0000 2026,match_watcherofficial_867,"RT @RugbyRoundupHQ: Watching Wales vs France with my nan, she knows more about rugby than the pundits 🙌 class act #Wales #rugby https://example.net/highlights-reel",217,775,en,Wales;rugby,,https://example.net/highlights-reel,6273,,True,Positive
900000000000000852,Sun Mar 08 19:29:31 +0000 2026,rucknroll_ie_966,RT @PitchsideNews: Full Full time stats: Scotland had 12 points from set pieces against Ireland. #Championship,41,158,en,Championship,,,2017,London,True,Neutral
900000000000000853,Fri Mar 06 23:35:54 +0000 2026,rugbyfan919_833,RT @PitchsideNews: Ferreira with a MASSIVE try in the corner!! England fans are buzzing right now 🏆 #SixNations #ITAvWAL,122,495,en,SixNations;ITAvWAL,,,2779,Dublin,True,Positive
900000000000000854,Thu Feb 26 16:48:45 +0000 2026,mauling_it__902,"Can't believe Wales let that lead slip against Scotland, so much for the championship dream 😢",5,350,en,Wales;IREvFRA,,,4465,Manchester,False,Negative
900000000000000855,Wed Mar 11 08:15:16 +0000 2026,lineoutlegend329_466,"Best Wales performance in years, that co-ordinated attack ripped Italy apart 🏆 #Wales #Italy #SixNations #GrandSlamWatch",212,413,en,Wales;Italy;SixNations;GrandSlamWatch,,,3870,Milan,False,Positive
900000000000000856,Sat Feb 14 22:07:43 +0000 2026,lineoutlegend_845,Wales announce squad for upcoming Ireland fixture at Murrayfield. #Wales https://example.com/stats/tries,129,182,en,Wales,,https://example.com/stats/tries,9521,Cork,False,Neutral
900000000000000857,Fri Feb 20 18:28:31 +0000 2026,sidestep__557,RT @TryLineTalk: Rossi with a MASSIVE try in the corner!! Italy fans are buzzing right now 🏆 #Wales https://rugbynews.example.org/recap,145,295,en,Wales,,https://rugbynews.example.org/recap,4540,Cork,True,Positive
900000000000000858,Tue Mar 03 03:44:12 +0000 2026,sidestep_uk_584,RT @SixNationsChat: What's the team news for Wales vs France this weekend? Anyone seen the lineup? shocking tbh #Wales #SixNations @OvalBallDaily,111,158,en,Wales;SixNations,OvalBallDaily,,16562,,True,Neutral
900000000000000859,Sat Feb 28 00:50:02 +0000 2026,penaltykicker_ie_659,Report: Coach Bianchi set to extend contract with Ireland after strong championship run. #England,148,256,en,England,TryLineTalk,,2524,Cork,False,Neutral
900000000000000860,Tue Feb 17 09:43:44 +0000 2026,trylinehero_fr_456,"So disappointed watching England today, France deserved that win comfortably 🙄 #TeamOfUs #ENGvFRA",83,255,en,TeamOfUs;ENGvFRA,,,3583,,False,Negative
900000000000000861,Tue Feb 10 14:53:34 +0000 2026,match_watcher2020_668,"Best Italy performance in years, that co-ordinated attack ripped England apart 🏉 @TryLineTalk",87,422,en,Italy;RugbyUnion;WALvSCO,TryLineTalk,,2487,Edinburgh,False,Positive
900000000000000862,Thu Feb 12 22:32:15 +0000 2026,penaltykicker_842,"Coach Harrington needs to explain this France performance, nowhere near good enough vs England 😩 #France #England #PitchsideView",59,204,en,France;England;PitchsideView,SixNationsChat,,5954,Cork,False,Positive
900000000000000863,Sat Feb 21 14:33:01 +0000 2026,grandslamgal_ie_150,RT @RugbyRoundupHQ: Official: kickoff time confirmed for Ireland vs Scotland at Murrayfield. #Ireland #Rugby,78,121,en,Ireland;Rugby,,,2440,,True,Negative
900000000000000864,Fri Feb 13 06:52:04 +0000 2026,lineoutlegendofficial_53,RT @TryLineTalk: Me pretending I understand the offside rule while watching Italy vs Wales 🎉 #Italy #Wales #MatchDay @PitchsideNews https://sixnations.example.net/live,267,579,en,Italy;Wales;MatchDay,PitchsideNews,https://sixnations.example.net/live,9984,Newcastle,True,Positive
900000000000000865,Tue Mar 10 10:54:24 +0000 2026,fullback_fanofficial_346,Team news: Coach Harrington makes three changes for Ireland ahead of the England match.,163,253,en,Ireland;Championship,,,7087,Milan,False,Neutral
900000000000000866,Wed Mar 04 02:58:05 +0000 2026,propforce_286,"RT @TryLineTalk: Ireland 1 - 0 doubters. What a win against Wales, championship dream still alive 🙌 #Ireland #Wales #Rugby #ENGvFRA @OvalBallDaily https://example.net/highlights-reel",302,333,en,Ireland;Wales;Rugby;ENGvFRA,OvalBallDaily,https://example.net/highlights-reel,473,London,True,Positive
900000000000000867,Sat Feb 14 15:21:43 +0000 2026,conversion_561_846,"Not the England performance we needed, way too many mistakes in attack 😩 #MatchDay",35,271,en,MatchDay,,,779,Rome,False,Negative
900000000000000868,Thu Mar 12 13:03:54 +0000 2026,rucknroll__299,What's the team news for France vs Ireland this weekend? Anyone seen the lineup? #Championship @SixNationsChat,9,287,en,Championship,SixNationsChat,,6811,Rome,False,Neutral
900000000000000869,Wed Mar 04 17:31:20 +0000 2026,conversion_2018_352,"Huge win for England at Stade de France, the crowd was absolutely electric 🏉 #SixNations",266,610,it,SixNations,,,4395,Toulouse,False,Neutral
900000000000000870,Tue Feb 24 16:16:09 +0000 2026,the_terrace_uk_321,"Watching Wales vs England with my nan, she knows more about rugby than the pundits 🏆 shocking tbh",420,521,en,,,,11890,London,False,Positive
900000000000000871,Fri Mar 13 20:49:55 +0000 2026,touchline_talk__760,"Terrible decision from the referee there, cost Wales the match against England honestly 💔 #England #Rugby #RoundFive",76,21,en,England;Rugby;RoundFive,,,9076,Newcastle,False,Negative
900000000000000872,Fri Feb 20 18:41:28 +0000 2026,propforce52_142,RT @TryLineTalk: Kickoff Kickoff between Ireland and Wales at Aviva Stadium in 30 minutes. https://sixnations.example.net/live,110,88,en,,,https://sixnations.example.net/live,68159,Paris,True,Neutral
900000000000000873,Mon Mar 09 21:24:14 +0000 2026,mauling_it_uk_311,"RT @TryLineTalk: Rossi missed another kick, Italy really struggling for points tonight 😢 #rugby #MatchDay",131,103,en,rugby;MatchDay,,,3256,London,True,Negative
900000000000000874,Thu Feb 26 10:24:54 +0000 2026,rucknroll2001_566,"Kowalski missed another kick, Italy really struggling for points tonight 😤 #France #rugby #ENGvWAL @ScrumCastPod",87,93,en,France;rugby;ENGvWAL,ScrumCastPod,,1004,Bristol,False,Negative
900000000000000875,Fri Feb 13 07:26:46 +0000 2026,propforce_ie_717,Referee for Wales vs Scotland confirmed as part of the officiating panel this round. so gutted,248,514,en,,,,1848,Milan,False,Neutral
900000000000000876,Sat Mar 07 23:26:59 +0000 2026,sidestep_fr_697,Is it just me or has Wales attack been really flat this championship? #Wales #RugbyUnion #rugby,51,143,en,Wales;RugbyUnion;rugby,RugbyRoundupHQ;PitchsideNews,,9337,Nice,False,Positive
900000000000000877,Wed Mar 04 18:50:57 +0000 2026,mauling_it2006_69,"RT @PitchsideNews: Huge win for Wales at Stade de France, the crowd was absolutely electric 🏉 #Wales #rugby",334,418,en,Wales;rugby,,,2866,Nice,True,Positive
900000000000000878,Wed Mar 11 19:43:24 +0000 2026,conversion_official_759,Team news: Coach Harrington makes three changes for Italy ahead of the Wales match. #Rugby #SixNations @SixNationsChat,43,166,en,Rugby;SixNations,SixNationsChat,,57691,Dublin,False,Positive
900000000000000879,Mon Mar 09 11:08:04 +0000 2026,fullback_fan_707,"RT @PitchsideNews: Terrible decision from the referee there, cost Wales the match against Italy honestly 💔 @SixNationsChat",84,66,en,,SixNationsChat,,3712,Belfast,True,Negative
900000000000000880,Sat Feb 21 19:09:01 +0000 2026,wingwizard_uk_670,"Predicting a tight one between Wales and England, could go either way tbh @MaulZoneFC https://example.org/match-highlights",139,552,en,Wales;England;Championship,MaulZoneFC,https://example.org/match-highlights,1484,Newcastle,False,Neutral
900000000000000881,Sat Feb 28 08:28:10 +0000 2026,propforce182_220,"What a game!! Italy absolutely dominated Ireland tonight, that attack was unreal 🎉 #Ireland #SixNations #IREvFRA",374,387,en,Ireland;SixNations;IREvFRA,,,1337,Limerick,False,Positive
900000000000000882,Wed Mar 04 18:47:53 +0000 2026,conversion__144,Kickoff between England and France at Stade de France in 30 30 minutes. #England #rugby,24,53,en,England;rugby,,,5282,Cork,False,Neutral
900000000000000883,Fri Mar 06 02:16:50 +0000 2026,grandslamgal_319,"Reilly missed another kick, Italy really struggling for points tonight 😢 #Italy #Ireland #Rugby #SCOvIRE https://example.com/stats/tries",232,494,en,Italy;Ireland;Rugby;SCOvIRE,,https://example.com/stats/tries,5454,,False,Positive
900000000000000884,Wed Mar 04 08:44:12 +0000 2026,fullback_fan_ie_85,Scotland announce squad for upcoming England fixture at Principality Stadium. #Rugby #WALvSCO,85,292,en,Rugby;WALvSCO,,,5896,London,False,Neutral
900000000000000885,Tue Mar 10 05:51:10 +0000 2026,propforce__280,Referee for France France vs Ireland confirmed as part of the officiating panel this round.,21,130,en,France;ITAvWAL,,,1412,Glasgow,False,Neutral
900000000000000886,Sun Feb 15 09:57:28 +0000 2026,ovalball_uk_783,"Huge win for Ireland at Stade de France, the crowd was absolutely electric 🏆 #Ireland #SixNations",198,388,it,Ireland;SixNations,,,4069,Glasgow,False,Positive
900000000000000887,Tue Feb 10 12:47:35 +0000 2026,conversion__510,"RT @TryLineTalk: Best England performance in years, that co-ordinated attack ripped Scotland apart 🏆 #Scotland",510,584,en,Scotland,,,8929,,True,Positive
900000000000000888,Sat Feb 14 11:41:22 +0000 2026,the_terrace1997_875,Official: kickoff time confirmed for England vs Ireland at Stadio Olimpico. #England #MatchDay @RuckReportUK,134,220,en,England;MatchDay,RuckReportUK,,3712,Belfast,False,Neutral
900000000000000889,Sun Feb 15 15:26:47 +0000 2026,penaltykicker_ie_676,"RT @SixNationsChat: Coach Delaney needs to explain this England performance, nowhere near good enough vs Italy 😩 #England #RugbyUnion",219,152,und,England;RugbyUnion,,,3729,Cardiff,True,Negative
900000000000000890,Sun Feb 22 04:03:13 +0000 2026,mauling_it__887,REMINDER: ENGLAND TAKE ON IRELAND THIS WEEKEND IN ROUND FIVE OF THE CHAMPIONSHIP. #England #Rugby #rugby,245,77,en,England;Rugby;rugby,,,952,Nice,False,Neutral
900000000000000891,Fri Mar 13 05:59:26 +0000 2026,touchline_talkofficial_777,"Full time: Wales 18 - 33 France. What a match, Wales deserved every point 🎉 #Wales #France #rugby @TryLineTalk https://example.com/stats/tries",261,516,it,Wales;France;rugby,TryLineTalk,https://example.com/stats/tries,2633,Bristol,False,Positive
900000000000000892,Sat Feb 28 16:23:30 +0000 2026,kickoffking_402,"Full time: France 34 - 42 Ireland. What a match, France deserved every point 🎉 #rugby #FRAvITA",458,434,en,rugby;FRAvITA,,,12909,Bristol,False,Positive
900000000000000893,Fri Feb 20 07:37:35 +0000 2026,match_watcher_fr_62,"RT @PitchsideNews: Full time: Ireland 32 - 18 Italy. What a match, Ireland deserved every point 🏆 #Ireland",260,117,en,Ireland,,,4860,Dublin,True,Positive
900000000000000894,Thu Mar 12 17:40:54 +0000 2026,propforce_ie_444,RT @TryLineTalk: Lecomte with a MASSIVE try in the corner!! England fans are buzzing right now 👏,429,478,en,SixNations,,,1738,Edinburgh,True,Positive
900000000000000895,Sun Mar 08 01:46:49 +0000 2026,mauling_it2018_501,"Huge win for France at Principality Stadium, the crowd was absolutely electric 🔥 https://sixnations.example.net/live",191,506,en,,,https://sixnations.example.net/live,2164,Swansea,False,Positive
900000000000000896,Sat Mar 07 20:00:00 +0000 2026,scrumtime_790,Me pretending I understand the offside rule while watching England vs Scotland 🏆 #England #Scotland #Rugby #ENGvFRA,166,659,en,England;Scotland;Rugby;ENGvFRA,,,5538,Dublin,False,Positive
900000000000000897,Mon Mar 09 04:07:53 +0000 2026,flyhalf__uk_411,"Watching England vs Scotland with my nan, she knows more about rugby than the pundits 👏 #England #SixNations",435,499,en,England;SixNations,,,3584,Manchester,False,Positive
900000000000000898,Wed Feb 18 04:16:28 +0000 2026,flyhalf__ie_322,"Coach Sutherland needs to explain this Ireland performance, nowhere near good enough vs France 💔 #Rugby",62,251,und,Rugby,,,3561,Rome,False,Negative
900000000000000899,Sat Feb 14 11:19:39 +0000 2026,kickoffking_346,"Italy defence today: come on in, the door's open lol 😍 unreal #Ireland #SixNations #ITAvWAL",331,295,en,Ireland;SixNations;ITAvWAL,,,7061,Cardiff,False,Positive
900000000000000900,Sat Feb 21 10:26:10 +0000 2026,trylinehero_655,HALF TIME SCORE: ENGLAND 19 - 12 IRELAND. TIGHT GAME SO FAR. #England #Ireland,24,411,en,England;Ireland,PitchsideNews,,610,Paris,False,Neutral
900000000000000901,Sat Feb 28 06:53:30 +0000 2026,rugbyfan_uk_577,"Best Wales performance in years, that co-ordinated attack ripped England apart 🏉 #MatchDay #RugbyFamily https://example.com/stats/tries",306,477,en,MatchDay;RugbyFamily,,https://example.com/stats/tries,18164,Toulouse,False,Positive
900000000000000902,Sun Feb 08 15:00:46 +0000 2026,rucknroll_663,RT @TryLineTalk: My My prediction: Wales 36 - 37 Ireland. Should be a cracking match #Wales #rugby #ENGvFRA,155,135,en,Wales;rugby;ENGvFRA,,,11629,Limerick,True,Neutral
900000000000000903,Thu Feb 12 19:40:19 +0000 2026,penaltykicker_825,Half time score: Ireland 15 - 34 England. Tight game so far. #Ireland #rugby #SixNations https://sixnations.example.net/live,170,63,en,Ireland;rugby;SixNations,,https://sixnations.example.net/live,5203,Toulouse,False,Neutral
900000000000000904,Thu Feb 26 23:52:18 +0000 2026,propforce_528,"That performance from Italy was class from start to finish, 3 points and never looked back 🏆 #Italy #SixNations",147,542,en,Italy;SixNations,,,2700,London,False,Positive
900000000000000905,Sun Feb 15 19:23:09 +0000 2026,sidestep_fr_384,RT @RugbyRoundupHQ: Pundits are split on whether Italy or England will control possession today. #Italy #rugby,63,97,en,Italy;rugby,,,8028,Cardiff,True,Neutral
900000000000000906,Fri Feb 27 21:02:08 +0000 2026,rucknroll_211,"Absolutely gutted for Italy, that defence completely fell apart against Scotland today 😩 #Italy #MatchDay",51,284,en,Italy;MatchDay,,,31917,Milan,False,Negative
900000000000000907,Wed Mar 11 14:04:15 +0000 2026,trylinehero__397,Italy announce squad for upcoming Wales fixture at Stadio Olimpico. #Italy #Wales #rugby #ENGvFRA #SixNations2026,39,245,en,Italy;Wales;rugby;ENGvFRA;SixNations2026,,,8199,Milan,False,Neutral
900000000000000908,Tue Feb 17 23:30:15 +0000 2026,mauling_it461_453,"Best France performance in years, that co-ordinated attack ripped Italy apart 🏉 #France #Italy #Championship #TryTime",50,544,en,France;Italy;Championship;TryTime,,,1356,,False,Positive
900000000000000909,Wed Feb 18 03:42:41 +0000 2026,the_terrace_30,"England 1 - 0 doubters. What a win against Ireland, championship dream still alive 👏 absolute unit #England #rugby #IREvFRA",364,155,en,England;rugby;IREvFRA,,,1581,Newcastle,False,Positive
900000000000000910,Thu Feb 19 14:05:05 +0000 2026,rucknroll_971,"Huge win for Italy at Principality Stadium, the crowd was absolutely electric 💪 #Championship #Rugby #ENGvFRA @MaulZoneFC",164,503,en,Championship;Rugby;ENGvFRA,MaulZoneFC,,3803,Manchester,False,Positive
900000000000000911,Tue Feb 10 20:12:37 +0000 2026,match_watcher468_859,Ticket prices for the Ireland vs England fixture at Murrayfield released today. @SixNationsChat @RuckReportUK,149,316,en,England;SixNations;rugby;SCOvIRE,SixNationsChat;RuckReportUK,,5941,Rome,False,Neutral
900000000000000912,Wed Mar 04 16:48:27 +0000 2026,the_terrace__813,"That performance from Ireland was class from start to finish, 7 points and never looked back 🔥 so gutted #Ireland #rugby @PitchsideNews",263,160,en,Ireland;rugby,PitchsideNews,,128178,Cardiff,False,Positive
900000000000000913,Sat Feb 21 06:50:26 +0000 2026,ovalball_ie_528,Referee for Ireland vs Scotland confirmed as part of the officiating panel this round. unreal #Ireland #MatchDay @RugbyRoundupHQ https://example.org/match-highlights,121,6,it,Ireland;MatchDay,RugbyRoundupHQ,https://example.org/match-highlights,6259,Newcastle,False,Neutral
900000000000000914,Sat Feb 07 17:06:48 +0000 2026,conversion_632_274,"England 1 - 0 doubters. What a win against Ireland, championship dream still alive 🔥 #England #Ireland #rugby #TeamOfUs #IREvENG",167,421,en,England;Ireland;rugby;TeamOfUs;IREvENG,,,3938,Dublin,False,Positive
900000000000000915,Sat Mar 14 11:15:52 +0000 2026,the_terrace_469,"Huge win for Ireland at Aviva Stadium, the crowd was absolutely electric 🏆 big mood #Ireland #SixNations #rugby",306,337,en,Ireland;SixNations;rugby,,,10206,Rome,False,Positive
900000000000000916,Sun Feb 08 03:31:46 +0000 2026,the_terrace__419,"Huge win for Ireland at Stadio Olimpico, the crowd was absolutely electric 😍 #Ireland #Scotland",42,705,en,Ireland;Scotland,,,696,Toulouse,False,Positive
900000000000000917,Wed Feb 11 18:51:08 +0000 2026,kickoffking_uk_430,"RT @SixNationsChat: Terrible decision from the referee there, cost England the match against Ireland honestly 😤 #Ireland #rugby #ENGvFRA https://example.com/rugby-report",25,47,en,Ireland;rugby;ENGvFRA,,https://example.com/rugby-report,6614,Cardiff,True,Negative
900000000000000918,Thu Feb 12 16:58:26 +0000 2026,trylinehero678_439,"WHAT A GAME!! ENGLAND ABSOLUTELY DOMINATED IRELAND TONIGHT, THAT ATTACK WAS UNREAL 🎉 #England",582,226,en,England,,,4496,Limerick,False,Positive
900000000000000919,Fri Feb 27 15:53:53 +0000 2026,rucknroll2006_457,"COACH BIANCHI NEEDS TO EXPLAIN THIS ENGLAND PERFORMANCE, NOWHERE NEAR GOOD ENOUGH VS IRELAND 😡",79,171,en,England;RugbyUnion,,,164671,Nice,False,Negative
900000000000000920,Fri Mar 06 11:12:18 +0000 2026,ovalball_uk_992,"I reckon France edge this by a converted try over Ireland, defence will be key",172,23,en,Ireland;rugby;GrandSlamWatch,,,4359,Limerick,False,Neutral
900000000000000921,Fri Mar 06 10:08:48 +0000 2026,offload___29,"Wales fans after that missed kick: kick: it's fine, everything's fine 🏆 #Wales #TeamOfUs #RoundFive",457,460,en,Wales;TeamOfUs;RoundFive,,,12808,Swansea,False,Positive
900000000000000922,Thu Feb 12 11:20:09 +0000 2026,touchline_talk605_806,"So proud of this Wales team, that final try in the last minute was everything 💪 #England #RugbyUnion",270,510,en,England;RugbyUnion,,,3810,Cork,False,Positive
900000000000000923,Wed Feb 25 04:47:39 +0000 2026,touchline_talk_uk_431,"RT @PitchsideNews: Predicting a tight one between Ireland and Wales, could go either way tbh #SixNations",26,69,en,SixNations,,,831,Rome,True,Neutral
900000000000000924,Tue Mar 10 15:47:17 +0000 2026,rugbyfan74_764,"Coach Bianchi needs to explain this Ireland performance, nowhere near good enough vs England 💔 https://rugbynews.example.org/recap",27,16,en,England;rugby,,https://rugbynews.example.org/recap,3560,Cork,False,Negative
900000000000000925,Fri Feb 06 23:07:26 +0000 2026,the_terrace_926,"RT @RugbyRoundupHQ: Full time: Ireland 22 - 10 France. What a match, Ireland deserved every point 👏 #Ireland #France #MatchDay https://rugbynews.example.org/recap",175,532,en,Ireland;France;MatchDay,,https://rugbynews.example.org/recap,14767,Belfast,True,Positive
900000000000000926,Thu Mar 12 21:04:06 +0000 2026,wingwizard_771,Dubois starts at fly-half for Ireland this weekend against Italy. #SixNations,66,1,en,SixNations,,,9558,Rome,False,Neutral
900000000000000927,Tue Feb 10 08:14:56 +0000 2026,scrumtime_fr_155,"RT @SixNationsChat: What a game!! Ireland absolutely dominated Wales tonight, that attack was unreal 🏆 #Ireland #Wales #GrandSlamWatch https://example.com/stats/tries",341,364,en,Ireland;Wales;GrandSlamWatch,,https://example.com/stats/tries,5419,Rome,True,Positive
900000000000000928,Mon Mar 09 13:21:43 +0000 2026,rugbyfan64_945,Weather looks dry for the France vs Wales match at Principality Stadium today. #SixNations #rugby #IREvENG,215,168,it,SixNations;rugby;IREvENG,,,1035,Cardiff,False,Neutral
900000000000000929,Tue Feb 10 20:44:40 +0000 2026,kickoffking_fr_680,Report: Coach Harrington set to extend contract with Scotland after strong championship run. #Scotland #Wales @ScrumCastPod https://example.com/stats/tries,40,197,en,Scotland;Wales,ScrumCastPod,https://example.com/stats/tries,1875,,False,Neutral
900000000000000930,Tue Mar 10 18:59:06 +0000 2026,touchline_talk_ie_925,"Coach Bianchi needs to explain this Scotland performance, nowhere near good enough vs Ireland 😡 #Scotland #FRAvITA",129,47,en,Scotland;FRAvITA,,,1592,Leeds,False,Neutral
900000000000000931,Tue Mar 10 13:07:36 +0000 2026,sidestepofficial_546,"Coach Bianchi has turned this Wales Wales team around completely, brilliant tactics against England 😍 #Wales #SixNations",229,421,en,Wales;SixNations,,,4838,Newcastle,False,Positive
900000000000000932,Sun Mar 01 23:37:36 +0000 2026,sidestepofficial_56,"Devastating result for Ireland fans, that final try from France in the last minute hurt 😩 big mood #FRAvITA https://example.net/highlights-reel",11,252,en,FRAvITA,,https://example.net/highlights-reel,14587,Nice,False,Negative
900000000000000933,Mon Feb 16 22:40:41 +0000 2026,scrumtime_474,Kickoff between England and France at Principality Stadium in 30 minutes. #England #France #RugbyUnion,106,284,en,England;France;RugbyUnion,,,1827,Toulouse,False,Neutral
900000000000000934,Wed Mar 11 04:58:32 +0000 2026,conversion_official_732,Reminder: England take on Wales this weekend in round five of the championship.,12,114,en,RugbyUnion;SixNations;ENGvWAL,,,845,Nice,False,Neutral
900000000000000935,Sat Feb 07 13:29:23 +0000 2026,penaltykicker_21,"Absolutely gutted for Wales, that defence completely fell apart against Ireland today 😩 #Wales #Ireland #SixNations #Rugby @PitchsideNews",186,9,en,Wales;Ireland;SixNations;Rugby,PitchsideNews,,14044,Bristol,False,Negative
900000000000000936,Sat Mar 07 14:53:48 +0000 2026,mauling_it_fr_405,"England fans after that missed kick: it's fine, everything's fine 💪 #England #Scotland #RugbyUnion #ITAvWAL",76,423,en,England;Scotland;RugbyUnion;ITAvWAL,,,7059,Newcastle,False,Positive
900000000000000937,Wed Mar 04 09:56:13 +0000 2026,propforce_87,Team news: Coach Bianchi makes three changes for England ahead of the Scotland match. #Scotland https://example.net/highlights-reel,11,95,en,Scotland,,https://example.net/highlights-reel,4739,Nice,False,Neutral
900000000000000938,Thu Mar 12 18:07:44 +0000 2026,fullback_fan287_408,Rossi with a MASSIVE try in the corner!! France fans are buzzing right now 🎉 #France #rugby #Rugby @RuckReportUK,408,533,fr,France;rugby;Rugby,RuckReportUK,,5759,Belfast,False,Positive
900000000000000939,Thu Feb 12 05:26:49 +0000 2026,lineoutlegend_ie_517,Team news: Coach Kavanagh makes three changes for England ahead of the the Wales match. unreal,104,116,en,Wales,,,7740,Cardiff,False,Neutral
900000000000000940,Fri Feb 27 22:27:32 +0000 2026,rucknroll_ie_39,"Coach Lemoine needs to explain this Wales performance, nowhere near good enough vs Ireland 🙄 absolute unit #Wales #Rugby #RoundFive",54,70,en,Wales;Rugby;RoundFive,,,1993,Edinburgh,False,Negative
900000000000000941,Fri Feb 13 23:24:19 +0000 2026,match_watcher_349,"Huge win for France at Twickenham, the crowd was absolutely electric 🎉 absolute unit #France #MatchDay #SixNations https://example.com/rugby-report",496,271,en,France;MatchDay;SixNations,,https://example.com/rugby-report,12244,Bristol,False,Negative
900000000000000942,Sun Mar 01 13:55:53 +0000 2026,fullback_fan__485,Why does Wales keep giving away penalties in their own half against Ireland?? #TeamOfUs @SixNationsChat,152,262,en,TeamOfUs,SixNationsChat,,674,Leeds,False,Neutral
900000000000000943,Fri Feb 20 00:09:30 +0000 2026,offload__ie_991,RT @SixNationsChat: Team news: Coach Bianchi makes three changes for Ireland ahead of the England match. #Ireland #RugbyUnion #WALvSCO https://sixnations.example.net/live,24,3,it,Ireland;RugbyUnion;WALvSCO,,https://sixnations.example.net/live,4387,Glasgow,True,Neutral
900000000000000944,Tue Feb 24 03:12:24 +0000 2026,touchline_talk_ie_600,"If Scotland sort out their lineout, they beat England comfortably this weekend #SixNations #ENGvFRA",268,47,en,SixNations;ENGvFRA,,,1555,Cardiff,False,Neutral
900000000000000945,Tue Feb 10 05:11:28 +0000 2026,conversion__18,"Full time: Ireland 33 - 12 Wales. What a match, Ireland deserved every point 💪 #Ireland #Wales #Championship #ENGvWAL",112,349,en,Ireland;Wales;Championship;ENGvWAL,,,13856,Belfast,False,Positive
900000000000000946,Sun Feb 22 09:55:52 +0000 2026,sidestep_uk_53,"Hard to see past Scotland winning this one, Ireland defence has been shaky #Ireland #Scotland #Rugby",96,241,en,Ireland;Scotland;Rugby,,,6108,Leeds,False,Neutral
900000000000000947,Sun Feb 08 04:24:58 +0000 2026,ovalball_91,"Predicting a tight one between Ireland and England, could go either way tbh #Ireland #SCOvIRE",104,174,en,Ireland;SCOvIRE,,,6782,Bristol,False,Neutral
900000000000000948,Thu Mar 12 21:09:10 +0000 2026,wingwizardofficial_624,"Full time: Scotland 35 - 6 Ireland. Rough night for Scotland, defence was shocking 🙄 #Scotland #SixNations",167,134,en,Scotland;SixNations,,,651,Newcastle,False,Negative
900000000000000949,Wed Mar 04 21:59:50 +0000 2026,wingwizard_425,"Full time: Ireland 22 - 23 England. What a match, Ireland deserved every point 🔥 #Ireland #England",235,776,en,Ireland;England,,,3060,Dublin,False,Positive
900000000000000950,Sat Feb 21 15:30:38 +0000 2026,scrumtimeofficial_66,"Coach Delaney needs to explain this Wales performance, nowhere near good enough vs England 😩 #England #Rugby #MatchDay #ENGvFRA @MaulZoneFC",12,59,en,England;Rugby;MatchDay;ENGvFRA,MaulZoneFC,,8181,Paris,False,Negative
900000000000000951,Tue Feb 24 04:55:42 +0000 2026,trylinehero_ie_47,"Terrible decision from the referee there, cost Ireland Ireland the match against Scotland honestly 😢 #Ireland #SixNations #SCOvIRE",67,53,en,Ireland;SixNations;SCOvIRE,PitchsideNews,,2983,Cork,False,Negative
900000000000000952,Tue Feb 24 23:29:54 +0000 2026,scrumtime919_868,"Moretti missed another kick, France really struggling for points tonight 😢 #France #Championship",107,24,en,France;Championship,,,5646,Manchester,False,Positive
900000000000000953,Wed Feb 18 02:08:13 +0000 2026,flyhalf__ie_874,"RT @SixNationsChat: Huge win for England at Aviva Stadium, the crowd was absolutely electric 🙌 https://example.com/stats/tries",221,692,und,England;WALvSCO,,https://example.com/stats/tries,6251,Belfast,True,Positive
900000000000000954,Fri Feb 27 17:32:34 +0000 2026,fullback_fan_ie_141,Dubois running faster from the ref than from Wales's defence 😍 #Scotland #Wales #TryTime,557,604,en,Scotland;Wales;TryTime,,,15644,Newcastle,False,Positive
900000000000000955,Sun Mar 08 20:03:00 +0000 2026,fullback_fan_uk_838,"What a game!! Ireland absolutely dominated France tonight, that attack was unreal 👏 #Ireland #France",448,540,en,Ireland;France,,,4512,,False,Positive
900000000000000956,Sun Mar 01 10:53:56 +0000 2026,ovalball272_342,"England defence today: come on in, the door's open lol 🔥 #Wales #Rugby",292,194,en,Wales;Rugby,,,1661,Belfast,False,Positive
900000000000000957,Tue Mar 10 04:07:35 +0000 2026,penaltykicker_ie_476,"Full time: Scotland 14 - 7 England. Rough night for Scotland, defence was shocking 🙄 #Championship #IREvFRA",177,36,en,Championship;IREvFRA,,,9112,Belfast,False,Negative
900000000000000958,Sun Mar 08 19:29:25 +0000 2026,wingwizard2001_741,Sinclair running faster from the ref than from Ireland's defence 🏆 #England #rugby #SixNations,392,187,en,England;rugby;SixNations,,,1752,Rome,False,Positive
900000000000000959,Mon Feb 16 10:54:02 +0000 2026,ovalball580_294,"RT @PitchsideNews: Hard to see past Ireland winning this one, England defence has been shaky #England #Rugby #SCOvIRE",159,83,en,England;Rugby;SCOvIRE,,,7345,Bristol,True,Neutral
900000000000000960,Fri Mar 13 07:32:33 +0000 2026,wingwizard405_458,My prediction: England 6 - 7 Wales. Should be a cracking match #England #rugby #SixNations,83,4,en,England;rugby;SixNations,,,2379,Dublin,False,Neutral
900000000000000961,Fri Feb 06 15:36:22 +0000 2026,propforce_fr_891,What's the team news for France vs Scotland this weekend? Anyone seen the lineup? #Scotland,102,231,en,Scotland,,,604,Newcastle,False,Neutral
900000000000000962,Sun Feb 22 04:54:53 +0000 2026,ovalball2003_868,BREAKING: Fitzgerald ruled out for Ireland with injury ahead of Scotland match. #Ireland #SixNations,117,170,en,Ireland;SixNations,,,2962,Bristol,False,Neutral
900000000000000963,Sun Feb 15 13:51:39 +0000 2026,propforce_uk_510,"Coach Lemoine needs to explain this Ireland performance, nowhere near good enough vs Wales 😢 #Ireland #Rugby #rugby #SixNations2026",66,45,en,Ireland;Rugby;rugby;SixNations2026,RuckReportUK,,5924,Manchester,False,Negative
900000000000000964,Fri Feb 20 00:05:33 +0000 2026,penaltykicker_181,Official: kickoff time confirmed for Ireland vs England at Stadio Olimpico. #Ireland #CrunchTime https://example.net/highlights-reel,130,198,en,Ireland;CrunchTime,,https://example.net/highlights-reel,1486,Belfast,False,Neutral
900000000000000965,Sun Mar 01 19:34:17 +0000 2026,flyhalf__380,"WATCHING ENGLAND VS IRELAND WITH MY NAN, SHE KNOWS MORE ABOUT RUGBY THAN THE PUNDITS 😍 #England #SixNations #SCOvIRE",427,469,en,England;SixNations;SCOvIRE,,,6485,Paris,False,Positive
900000000000000966,Wed Feb 18 03:19:26 +0000 2026,match_watcher292_452,"Hard to see past Ireland winning this one, Wales defence has been shaky proper mess #SixNations #SCOvIRE https://example.net/highlights-reel",61,95,en,SixNations;SCOvIRE,,https://example.net/highlights-reel,2161,Nice,False,Neutral
900000000000000967,Fri Feb 06 12:03:08 +0000 2026,scrumtime_518,Kickoff between Italy and England at Stadio Olimpico in 30 minutes. proper mess #Italy #SixNations #ENGvWAL,55,241,en,Italy;SixNations;ENGvWAL,,,2487,Milan,False,Neutral
900000000000000968,Fri Feb 20 00:08:06 +0000 2026,kickoffking_fr_299,"Ireland lost the plot in the the second half, Scotland punished every single error 😩 #SixNations",92,91,en,SixNations,,,3078,Milan,False,Negative
900000000000000969,Sun Mar 01 04:21:33 +0000 2026,wingwizard_745,"Full time: Wales 9 - 8 Italy. What a match, Wales deserved every point 🏆 absolute unit #Italy #SixNations",391,679,en,Italy;SixNations,,,468,Toulouse,False,Positive
900000000000000970,Tue Feb 24 16:18:21 +0000 2026,grandslamgal_ie_158,"O'Connor missed another kick, England really struggling for points tonight 😢 #England #SixNations",52,285,en,England;SixNations,,,8289,Leeds,False,Negative
900000000000000971,Fri Feb 06 15:55:48 +0000 2026,wingwizard2015_370,"RT @PitchsideNews: I reckon England edge this by a converted try over Ireland, defence will be key @SixNationsChat",206,311,en,England;rugby,SixNationsChat,,7838,Limerick,True,Neutral
900000000000000972,Mon Mar 09 04:43:35 +0000 2026,offload__932,"Can't believe England let that lead slip against Scotland, so much for the championship dream 🙄",73,300,en,England,,,9894,Bristol,False,Negative
900000000000000973,Fri Feb 13 11:18:56 +0000 2026,conversion__101,"Not the Wales performance we needed, way too many mistakes in attack 🙄 buzzing #Wales #SixNations #ENGvFRA",123,107,en,Wales;SixNations;ENGvFRA,,,11792,Nice,False,Negative
900000000000000974,Sun Feb 15 06:43:33 +0000 2026,flyhalf__uk_444,Ticket prices for the Ireland vs England fixture at Principality Stadium released today. #Ireland #England #rugby https://example.com/rugby-report,90,137,en,Ireland;England;rugby,,https://example.com/rugby-report,3225,Manchester,False,Neutral
900000000000000975,Fri Feb 27 17:29:18 +0000 2026,penaltykicker1990_963,Kowalski with a MASSIVE try in the the corner!! Ireland fans are buzzing right now 🔥 #Ireland #France #rugby #Championship,347,441,en,Ireland;France;rugby;Championship,,,3639,Cardiff,False,Positive
900000000000000976,Sat Feb 21 10:18:41 +0000 2026,wingwizard_645,My prediction: England 12 - 36 France. Should be a cracking cracking match,123,332,en,,TryLineTalk,,8372,Glasgow,False,Neutral
900000000000000977,Mon Mar 09 19:35:28 +0000 2026,mauling_it_uk_208,Ticket prices for the England vs vs Wales fixture at Stade de France released today. #Wales #SixNations #rugby @PitchsideNews,74,18,en,Wales;SixNations;rugby,PitchsideNews,,1651,Manchester,False,Neutral
900000000000000978,Sat Feb 07 14:13:49 +0000 2026,rucknrollofficial_107,Half time score: Scotland 31 - 30 Ireland. Tight game so far. proper mess,86,235,en,Scotland;SixNations,OvalBallDaily,,5201,Cardiff,False,Positive
900000000000000979,Sat Feb 14 17:18:09 +0000 2026,grandslamgal_fr_50,Genuine question: is Coach Lemoine the right person to lead Wales into the final? so gutted #Wales #Scotland #FRAvITA,99,47,en,Wales;Scotland;FRAvITA,,,613,,False,Neutral
900000000000000980,Mon Mar 02 22:24:30 +0000 2026,sidestepofficial_75,"RT @PitchsideNews: That performance from Ireland was class from start to finish, 3 points and never looked back 🙌 https://sixnations.example.net/live",259,524,en,Ireland;rugby,,https://sixnations.example.net/live,1885,Milan,True,Positive
900000000000000981,Fri Mar 13 08:49:57 +0000 2026,lineoutlegend_fr_352,Ticket prices for the France vs Scotland fixture at Principality Stadium released today. https://example.net/highlights-reel,104,170,en,Scotland;rugby;SixNations,,https://example.net/highlights-reel,5931,Swansea,False,Neutral
900000000000000982,Mon Feb 23 22:53:49 +0000 2026,match_watcher__853,"I reckon Scotland edge this by a converted try over Ireland, defence will be key #Ireland #rugby @RuckReportUK https://example.org/match-highlights",34,361,en,Ireland;rugby,RuckReportUK,https://example.org/match-highlights,3233,Leeds,False,Neutral
900000000000000983,Mon Mar 02 10:43:27 +0000 2026,propforce281_104,Half time score: England 22 - 29 Ireland. Tight game so far. #England #Championship #IREvFRA,7,201,en,England;Championship;IREvFRA,,,612,,False,Neutral
900000000000000984,Tue Mar 03 01:13:06 +0000 2026,fullback_fan_ie_119,"Full time: Ireland 23 - 27 England. What a match, Ireland deserved every point 🏉 #Ireland #England #SixNations #SCOvIRE",268,216,en,Ireland;England;SixNations;SCOvIRE,,,2382,Limerick,False,Positive
900000000000000985,Sun Feb 22 13:47:48 +0000 2026,rugbyfan_uk_455,"Full time: Wales 6 - 17 France. What a match, Wales deserved every point 😍 #Wales #France",273,344,en,Wales;France,,,6774,,False,Positive
900000000000000986,Sun Feb 08 10:32:26 +0000 2026,touchline_talk_989,"RT @TryLineTalk: So proud of this England team, team, that final try in the last minute was everything 🙌 #SixNations",95,334,en,SixNations,,,3819,Toulouse,True,Positive
900000000000000987,Sat Feb 14 15:48:54 +0000 2026,flyhalf_2016_839,"Congratulations to Ireland on a brilliant win over Italy, the defence was rock solid all match 🏆 proper mess #Italy #rugby #SCOvIRE @SixNationsChat",215,348,en,Italy;rugby;SCOvIRE,SixNationsChat,,1704,Nice,False,Positive
900000000000000988,Thu Mar 12 06:41:53 +0000 2026,rucknroll1980_504,"Predicting a tight one between Wales and France, could go either way tbh #SixNations #WALvSCO https://example.com/stats/tries",47,116,en,SixNations;WALvSCO,PitchsideNews,https://example.com/stats/tries,3584,Bristol,False,Neutral
900000000000000989,Wed Mar 04 23:51:19 +0000 2026,penaltykicker_fr_800,RT @SixNationsChat: Why does Ireland keep giving away penalties in their own half against Wales?? @SixNationsChat,211,72,en,Rugby;RugbyUnion;GrandSlamWatch,SixNationsChat,,5804,Glasgow,True,Positive
900000000000000990,Wed Feb 11 09:30:34 +0000 2026,rucknroll_335,"Italy 1 - 0 doubters. What a win against Scotland, championship dream still alive 🏆 shocking tbh #Italy #RugbyUnion #RugbyFamily",50,598,und,Italy;RugbyUnion;RugbyFamily,OvalBallDaily,,11370,Glasgow,False,Positive
900000000000000991,Wed Mar 04 03:55:23 +0000 2026,propforce744_797,Reminder: France take on Ireland this weekend in round five of the championship. #France,42,70,en,France,,,2909,Milan,False,Neutral
900000000000000992,Mon Mar 02 15:03:16 +0000 2026,trylinehero_ie_817,"RT @RugbyRoundupHQ: Ireland lost the plot in the second half, England punished every single error 😩 https://example.net/highlights-reel",171,60,en,SixNations;Rugby;IREvFRA,,https://example.net/highlights-reel,5851,Limerick,True,Negative
900000000000000993,Thu Feb 19 19:57:24 +0000 2026,kickoffking584_525,"Wales lost the plot in the second half, Ireland punished every single error 😩 #Wales #Ireland #Championship #ITAvWAL #TryTime",178,71,en,Wales;Ireland;Championship;ITAvWAL;TryTime,,,1275,,False,Negative
900000000000000994,Fri Feb 20 03:12:39 +0000 2026,mauling_it638_129,"Full time: Wales 37 - 33 England. Rough night for Wales, defence was shocking 🙄 https://sixnations.example.net/live",21,144,en,England;rugby,,https://sixnations.example.net/live,1920,London,False,Negative
900000000000000995,Tue Mar 10 00:20:32 +0000 2026,touchline_talk__465,Pundits are split on whether England or France will control possession today. #England #TeamOfUs #SCOvIRE https://example.com/stats/tries,4,374,en,England;TeamOfUs;SCOvIRE,,https://example.com/stats/tries,3844,Manchester,False,Positive
900000000000000996,Mon Mar 09 12:02:16 +0000 2026,penaltykicker455_720,What's the team news for France vs Ireland this weekend? Anyone seen the lineup?,41,364,en,France;rugby,,,9451,Rome,False,Neutral
900000000000000997,Mon Feb 09 22:13:11 +0000 2026,grandslamgal541_448,Anyone know why O'Connor isn't starting for Ireland today?? shocking tbh,23,147,en,Ireland;France;Rugby;SCOvIRE,,,198,,False,Neutral
900000000000000998,Thu Feb 19 18:59:22 +0000 2026,mauling_it_ie_968,Me pretending I understand the offside rule while watching England vs France 🏆 #England #ITAvWAL,454,449,en,England;ITAvWAL,,,562,Swansea,False,Positive
900000000000000999,Fri Feb 20 11:48:31 +0000 2026,scrumtime_ie_948,"Italy defence today: come on in, the door's open lol 🏆 @RugbyRoundupHQ",402,249,en,,RugbyRoundupHQ,,5631,,False,Positive
900000000000001000,Sun Feb 15 08:59:40 +0000 2026,grandslamgal_ie_51,Ireland announce squad for upcoming England fixture at Principality Stadium. @RugbyRoundupHQ,30,68,en,England;RugbyFamily,RugbyRoundupHQ,,1124,Bristol,False,Neutral
900000000000001001,Fri Feb 13 10:29:58 +0000 2026,trylinehero__723,"Full time: Ireland 25 - 24 France. What a match, Ireland deserved every point 👏 #SixNations #IREvENG @OvalBallDaily",324,203,en,SixNations;IREvENG,OvalBallDaily,,1618,Leeds,False,Positive
900000000000001002,Sat Feb 14 13:40:06 +0000 2026,flyhalf__fr_393,Kickoff between France and Wales at Stadio Olimpico in 30 minutes. #France #Championship,220,93,en,France;Championship,,,102776,,False,Neutral
900000000000001003,Fri Feb 20 17:27:18 +0000 2026,lineoutlegend_fr_685,"Predicting a tight one between England England and France, could go either way tbh #SixNations #FRAvITA",272,409,en,SixNations;FRAvITA,,,2185,Cork,False,Neutral
900000000000001004,Thu Mar 05 16:36:08 +0000 2026,rucknroll_753,"RT @SixNationsChat: England lost the plot in the second half, Ireland punished every single error 😩",44,335,en,England;Ireland;MatchDay;RoundFive,,,5742,Belfast,True,Negative
900000000000001005,Wed Feb 18 04:32:22 +0000 2026,match_watcher_uk_527,Ticket prices for the Wales vs Italy fixture at Twickenham released today. #SixNations,212,329,en,SixNations,,,3152,Glasgow,False,Neutral
900000000000001006,Mon Feb 23 20:44:16 +0000 2026,rugbyfan_894,"RT @RugbyRoundupHQ: Absolute unit of a performance from the England pack today, dominating the breakdown 😍 #England #Scotland",419,373,en,England;Scotland,,,4221,Bristol,True,Positive
900000000000001007,Sat Mar 07 02:35:03 +0000 2026,scrumtime__855,RT @PitchsideNews: Me pretending I understand the offside rule while watching Scotland vs Ireland 🎉 #Scotland #SixNations #ITAvWAL,486,451,en,Scotland;SixNations;ITAvWAL,,,1922,Glasgow,True,Positive
900000000000001008,Wed Mar 04 10:28:34 +0000 2026,rugbyfan_ie_873,"The Italy defence has been immense this championship, barely conceding a try 🏆 #Italy #SixNations",372,309,en,Italy;SixNations,MaulZoneFC,,6430,Nice,False,Positive
900000000000001009,Sun Mar 01 18:16:54 +0000 2026,grandslamgal_uk_788,"Full time: France 17 - 10 Wales. Rough night for France, defence was shocking 🙄",145,130,en,,,,366,Bristol,False,Negative
900000000000001010,Fri Feb 13 19:37:43 +0000 2026,lineoutlegend_ie_917,"What a game!! Italy absolutely dominated Wales tonight, that attack was unreal 🎉 #Wales #MatchDay #ENGvFRA #FinalWhistle",246,324,en,Wales;MatchDay;ENGvFRA;FinalWhistle,,,6822,Limerick,False,Positive
900000000000001011,Sun Mar 08 12:04:04 +0000 2026,conversion__uk_487,"That performance from Scotland was class from start to finish, 12 points and never looked back 🏉 #Rugby #SixNations",456,477,en,Rugby;SixNations,,,4669,Milan,False,Positive
900000000000001012,Thu Mar 05 04:19:41 +0000 2026,match_watcher1990_12,Half time score: France 8 - 10 Ireland. Tight game so far. #France #SCOvIRE,175,125,en,France;SCOvIRE,,,8491,,False,Neutral
900000000000001013,Sun Feb 08 15:49:03 +0000 2026,offload__547,RT @SixNationsChat: Anyone know why Kowalski isn't starting for Ireland today?? #Ireland #rugby https://example.com/rugby-report,63,23,en,Ireland;rugby,ScrumCastPod,https://example.com/rugby-report,5675,Dublin,True,Neutral
900000000000001014,Thu Feb 12 16:21:31 +0000 2026,flyhalf__788,RT @TryLineTalk: My prediction: France 28 - 25 Italy. Should be a cracking match #France #Championship https://example.net/highlights-reel,61,213,en,France;Championship,,https://example.net/highlights-reel,8145,Toulouse,True,Neutral
900000000000001015,Thu Feb 12 14:59:25 +0000 2026,kickoffking_470,RT @RugbyRoundupHQ: Pundits are split on whether England or Wales will control possession today. #rugby #Rugby,40,524,en,rugby;Rugby,RuckReportUK,,8789,Manchester,True,Neutral
900000000000001016,Mon Mar 09 13:34:23 +0000 2026,conversion__568,Weather looks dry for the Italy vs England match at Principality Stadium today. @RuckReportUK,187,44,en,Italy;England,RuckReportUK,,3030,Glasgow,False,Negative
900000000000001017,Sun Feb 15 14:38:23 +0000 2026,penaltykickerofficial_363,"Not the Wales performance we needed, way too many mistakes in attack 😩 #SixNations #ENGvFRA #CrunchTime",106,104,it,SixNations;ENGvFRA;CrunchTime,,,204049,Nice,False,Negative
900000000000001018,Thu Feb 26 06:54:33 +0000 2026,touchline_talkofficial_803,"Scotland defence today: come on in, the door's open lol 🏉 #Scotland",112,368,en,Scotland,,,17361,London,False,Positive
900000000000001019,Tue Feb 24 23:50:45 +0000 2026,offload_official_911,BREAKING: DUFFY RULED OUT FOR ENGLAND WITH INJURY AHEAD OF WALES MATCH. class #SixNations,140,50,en,SixNations,,,3646,Bristol,False,Neutral
900000000000001020,Sun Feb 15 02:58:33 +0000 2026,rucknroll_uk_792,"Lecomte missed another kick, Scotland really struggling for points tonight 😡 #Scotland #TeamOfUs @PitchsideNews",47,56,en,Scotland;TeamOfUs,PitchsideNews,,2470,Paris,False,Negative
900000000000001021,Wed Feb 18 06:23:51 +0000 2026,conversion__uk_233,"RT @TryLineTalk: Ireland attack has gone missing this championship, no ideas at all against Scotland 😩",227,190,en,Ireland;rugby,,,5105,Newcastle,True,Negative
900000000000001022,Thu Feb 12 01:35:06 +0000 2026,rucknroll_uk_498,"That performance from England was class from start to to finish, 3 points and never looked back 😍 #England #France #WALvSCO https://example.com/rugby-report",483,689,en,England;France;WALvSCO,,https://example.com/rugby-report,9232,Cardiff,False,Positive
900000000000001023,Thu Feb 26 10:45:35 +0000 2026,kickoffking_458,My prediction: Wales 16 - 33 France. Should be a cracking match #Wales #TryTime @TryLineTalk,99,296,en,Wales;TryTime,TryLineTalk,,7871,Newcastle,False,Neutral
900000000000001024,Mon Feb 09 23:07:58 +0000 2026,fullback_fan_uk_631,BREAKING: BREAKING: Kowalski ruled out for Wales with injury ahead of Ireland match. #Wales #Ireland #SixNations #ITAvWAL https://sixnations.example.net/live,81,151,en,Wales;Ireland;SixNations;ITAvWAL,,https://sixnations.example.net/live,4241,Limerick,False,Neutral
900000000000001025,Sun Mar 01 11:07:10 +0000 2026,wingwizard_ie_464,Reminder: Wales take on France this weekend in round five of the championship. buzzing #SixNations https://example.com/rugby-report,58,51,en,SixNations,,https://example.com/rugby-report,756,London,False,Neutral
900000000000001026,Tue Feb 10 16:00:10 +0000 2026,rugbyfan1986_813,Me pretending I understand the offside rule while watching Ireland vs England 💪 #Ireland #England #rugby #IREvFRA,68,98,en,Ireland;England;rugby;IREvFRA,,,3340,Newcastle,False,Positive
900000000000001027,Sun Mar 08 10:49:51 +0000 2026,penaltykicker727_931,"What a game!! Wales absolutely dominated England England tonight, that attack was unreal 👏 #England",62,369,en,England,,,743,Newcastle,False,Positive
900000000000001028,Sun Mar 01 16:33:59 +0000 2026,flyhalf__837,"Absolutely gutted for Wales, that defence completely fell apart against France today 😩 #Wales #SixNations",2,278,en,Wales;SixNations,SixNationsChat,,1015,Belfast,False,Negative
900000000000001029,Wed Feb 11 05:39:21 +0000 2026,sidestep1990_88,RT @TryLineTalk: Team news: Coach Kavanagh makes three changes for France ahead of the Ireland match. #Rugby #PitchsideView,161,61,en,Rugby;PitchsideView,,,1750,Glasgow,True,Positive
900000000000001030,Tue Mar 03 13:31:40 +0000 2026,ovalball_ie_65,RT @SixNationsChat: Official: kickoff time confirmed for Ireland vs Wales at Murrayfield. #TeamOfUs #SCOvIRE @OvalBallDaily https://example.net/highlights-reel,45,27,en,TeamOfUs;SCOvIRE,OvalBallDaily,https://example.net/highlights-reel,102551,Limerick,True,Neutral
900000000000001031,Fri Mar 13 06:55:36 +0000 2026,offload__779,BREAKING: Devine ruled out for England with injury ahead of France match. #Rugby @RuckReportUK,109,153,en,Rugby,RuckReportUK,,928,Toulouse,False,Neutral
900000000000001032,Tue Feb 17 13:11:39 +0000 2026,wingwizard_fr_357,Weather looks dry for the Ireland vs Wales match at Twickenham today. @OvalBallDaily,39,131,en,SixNations;IREvFRA,OvalBallDaily,,11087,London,False,Neutral
900000000000001033,Tue Feb 10 19:31:21 +0000 2026,rucknrollofficial_324,Anyone know why Byrne isn't starting for Scotland today?? #Scotland #Ireland #MatchDay #Rugby #SCOvIRE,16,351,en,Scotland;Ireland;MatchDay;Rugby;SCOvIRE,,,3192,Toulouse,False,Neutral
900000000000001034,Thu Feb 26 01:52:02 +0000 2026,penaltykicker_ie_854,"RT @TryLineTalk: THAT PERFORMANCE FROM IRELAND WAS CLASS FROM START TO FINISH, 14 POINTS AND NEVER LOOKED BACK 🏆 #Italy",245,522,en,Italy,,,2630,Limerick,True,Positive
900000000000001035,Tue Mar 03 12:20:59 +0000 2026,ovalball1991_529,"The Wales defence has been immense this championship, barely conceding a try 😍 #Wales #Rugby",355,503,en,Wales;Rugby,,,12830,Toulouse,False,Positive
900000000000001036,Thu Feb 12 05:50:19 +0000 2026,propforce_fr_734,REFEREE FOR SCOTLAND VS IRELAND CONFIRMED AS PART OF THE OFFICIATING PANEL THIS ROUND. #Scotland #Ireland #IREvFRA #RoundFive https://rugbynews.example.org/recap,4,48,en,Scotland;Ireland;IREvFRA;RoundFive,,https://rugbynews.example.org/recap,7439,Newcastle,False,Neutral
900000000000001037,Tue Mar 10 01:16:28 +0000 2026,ovalball_uk_37,RT @RugbyRoundupHQ: Devine running faster from the ref than from France's defence 🏆 #Ireland #FRAvITA #TryTime,285,242,en,Ireland;FRAvITA;TryTime,,,3174,Manchester,True,Positive
900000000000001038,Tue Mar 10 19:48:04 +0000 2026,conversion__uk_96,"The France defence has been immense this championship, barely conceding a try 🔥 #France #Wales #SixNations #SCOvIRE",298,647,en,France;Wales;SixNations;SCOvIRE,,,1903,Leeds,False,Positive
900000000000001039,Tue Feb 17 18:44:56 +0000 2026,conversion__fr_811,Genuine question: is Coach Harrington the right person to lead Ireland into the final? #Ireland #Wales #SixNations #ITAvWAL,49,81,en,Ireland;Wales;SixNations;ITAvWAL,,,5697,Edinburgh,False,Neutral
900000000000001040,Sun Mar 08 14:23:31 +0000 2026,sidestep993_968,"France 1 - 0 doubters. What a win against Italy, championship dream still alive 🏆 #rugby #Championship",556,248,fr,rugby;Championship,,,7277,Nice,False,Positive
900000000000001041,Thu Mar 05 09:18:36 +0000 2026,touchline_talkofficial_621,"What a game!! Ireland absolutely dominated Italy tonight, that attack was unreal 🔥 #Ireland #rugby",399,239,en,Ireland;rugby,,,1499,London,False,Positive
900000000000001042,Tue Mar 10 15:22:23 +0000 2026,flyhalf__fr_14,"RT @TryLineTalk: Terrible decision from the referee there, cost France the match against Ireland honestly 😢 #Ireland #rugby #SCOvIRE",157,281,en,Ireland;rugby;SCOvIRE,,,6431,,True,Negative
900000000000001043,Wed Feb 11 01:51:41 +0000 2026,the_terraceofficial_99,"Not the Ireland performance we needed, way too many mistakes in attack 🙄 #Ireland #England #SixNations #SixNations2026",158,118,en,Ireland;England;SixNations;SixNations2026,,,11656,Manchester,False,Negative
900000000000001044,Tue Mar 10 15:06:17 +0000 2026,rucknroll_uk_206,Full time stats: France had 10 points from set pieces against Ireland. #Ireland #rugby,4,279,en,Ireland;rugby,,,357,Rome,False,Neutral
900000000000001045,Sat Feb 07 03:12:16 +0000 2026,lineoutlegendofficial_10,Team news: Coach Bianchi makes three changes for England ahead of the Ireland match. #England #SixNations https://example.net/highlights-reel,70,10,en,England;SixNations,,https://example.net/highlights-reel,4129,Toulouse,False,Neutral
900000000000001046,Mon Feb 16 11:14:08 +0000 2026,trylinehero1983_888,"The Italy defence has been immense this championship, barely conceding a try 🙌 #Italy #SixNations",280,258,en,Italy;SixNations,,,3492,Belfast,False,Positive
900000000000001047,Thu Feb 26 17:50:32 +0000 2026,propforce__408,"Absolutely gutted for Scotland, that defence completely fell apart against England today 😩 #Scotland #rugby #SixNations @PitchsideNews https://example.net/highlights-reel",35,202,en,Scotland;rugby;SixNations,PitchsideNews,https://example.net/highlights-reel,7779,Nice,False,Negative
900000000000001048,Sun Mar 01 19:43:31 +0000 2026,match_watcher1987_354,"Coach Lemoine has turned this Ireland team around completely, brilliant tactics against England 😍 #Ireland #England #MatchDay",337,516,it,Ireland;England;MatchDay,,,7974,,False,Positive
900000000000001049,Wed Feb 25 13:12:28 +0000 2026,lineoutlegend_267,"RT @TryLineTalk: Absolute unit of a performance from the France pack today, dominating the breakdown 🙌 @ScrumCastPod",250,400,en,,ScrumCastPod,,3146,Swansea,True,Positive
900000000000001050,Fri Feb 13 10:37:35 +0000 2026,offload__fr_988,"Scotland fans after that missed kick: it's fine, everything's fine 😍 #SixNations @MaulZoneFC",7,373,en,SixNations,MaulZoneFC,,11716,Dublin,False,Positive
900000000000001051,Tue Mar 10 18:50:13 +0000 2026,the_terrace_260,RT @RugbyRoundupHQ: Report: Coach Bianchi set to extend contract with Wales after strong championship run. #Wales #Rugby #IREvENG,72,125,en,Wales;Rugby;IREvENG,SixNationsChat,,19419,Dublin,True,Neutral
900000000000001052,Tue Feb 10 02:46:01 +0000 2026,offload__578,Ticket prices for the Ireland vs Italy fixture at Principality Stadium released today. https://example.net/highlights-reel,52,132,en,,,https://example.net/highlights-reel,4179,Glasgow,False,Neutral
900000000000001053,Sun Feb 08 03:47:43 +0000 2026,rucknrollofficial_424,Anyone know why Gallagher isn't starting for France today?? #Wales,79,385,en,Wales,,,9369,,False,Neutral
900000000000001054,Thu Feb 19 00:41:42 +0000 2026,lineoutlegend__331,Referee for Ireland vs England confirmed as part of the officiating panel this round.,47,257,en,,,,721,Swansea,False,Neutral
900000000000001055,Wed Feb 11 12:53:38 +0000 2026,ovalball_ie_967,"Coach Delaney has turned this France team around completely, brilliant tactics against England 💪 #France #England #SixNations #SixNations2026",498,565,en,France;England;SixNations;SixNations2026,,,7961,Newcastle,False,Positive
900000000000001056,Sun Feb 15 12:08:32 +0000 2026,scrumtime_uk_737,Ticket prices for the Ireland vs England fixture at Stadio Olimpico released today. #rugby https://example.net/highlights-reel,37,202,en,rugby,RugbyRoundupHQ,https://example.net/highlights-reel,824,London,False,Neutral
900000000000001057,Fri Mar 06 23:53:45 +0000 2026,scrumtime_853,RT @SixNationsChat: Genuine question: is Coach Lemoine the right person to lead England into the final? buzzing #SixNations2026 @PitchsideNews https://example.net/highlights-reel,137,417,fr,SixNations2026,PitchsideNews,https://example.net/highlights-reel,4196,Paris,True,Neutral
900000000000001058,Mon Feb 09 09:14:35 +0000 2026,kickoffking_uk_815,Ticket prices for the England vs Wales fixture at Twickenham released today. #Wales #SixNations #TeamOfUs #ITAvWAL,1,165,en,Wales;SixNations;TeamOfUs;ITAvWAL,,,720,,False,Neutral
900000000000001059,Wed Mar 04 22:11:46 +0000 2026,flyhalf_1992_600,Why does England keep giving away penalties in their own half against Ireland?? #England (wow),4,131,en,England,,,1788,Cardiff,False,Neutral
900000000000001060,Sun Feb 08 11:16:47 +0000 2026,trylineheroofficial_237,"Coach Kavanagh has turned this Ireland team around completely, brilliant tactics against France 🎉 #France #RugbyUnion @OvalBallDaily",100,410,en,France;RugbyUnion,OvalBallDaily,,2436,Rome,False,Positive
900000000000001061,Thu Feb 26 20:08:28 +0000 2026,grandslamgal2020_959,Is it just me or has England attack been really flat this championship?,40,76,en,England;MatchDay;FRAvITA,,,5189,Belfast,False,Neutral
900000000000001062,Mon Feb 09 23:27:03 +0000 2026,rucknrollofficial_366,"England attack has gone missing this championship, no ideas at all against Scotland 😤 #Scotland #SixNations #ENGvFRA",29,22,en,Scotland;SixNations;ENGvFRA,,,1291,Leeds,False,Negative
900000000000001063,Tue Feb 17 23:48:43 +0000 2026,lineoutlegend821_449,RT @PitchsideNews: Referee for France vs Wales confirmed as part of the officiating panel this round.,52,41,en,Wales;SixNations,,,9544,Toulouse,True,Neutral
900000000000001064,Mon Mar 02 07:35:29 +0000 2026,match_watcher_uk_42,"RT @TryLineTalk: England fans after that missed kick: it's fine, everything's fine 🏆 #England #RugbyFamily",270,611,it,England;RugbyFamily,,,10874,Swansea,True,Positive
900000000000001065,Sun Mar 01 11:06:40 +0000 2026,fullback_fan_475,RT @PitchsideNews: Half time score: France 14 - 32 Wales. Tight game so far. class act #France #Wales #Rugby #SixNations #ENGvWAL,156,112,en,France;Wales;Rugby;SixNations;ENGvWAL,,,6984,Manchester,True,Neutral
900000000000001066,Mon Feb 09 06:39:56 +0000 2026,flyhalf_376_45,Whitmore running faster from the ref than from Wales's defence 🔥 #Ireland #rugby #Rugby #ENGvFRA,340,378,en,Ireland;rugby;Rugby;ENGvFRA,SixNationsChat,,2694,Manchester,False,Positive
900000000000001067,Tue Feb 24 17:58:24 +0000 2026,grandslamgal_704,"Hard to see past Ireland winning this one, France defence has been shaky #France #MatchDay @PitchsideNews",183,379,en,France;MatchDay,PitchsideNews,,3500,Edinburgh,False,Neutral
900000000000001068,Thu Mar 05 08:08:07 +0000 2026,match_watcher_uk_821,Novak starts at fly-half for Wales this weekend against France. #Rugby,201,151,en,Rugby,,,727,Leeds,False,Neutral
900000000000001069,Thu Feb 26 12:59:06 +0000 2026,rugbyfan_uk_680,"Coach Harrington needs to explain this England performance, nowhere near good enough vs Ireland 😡 #rugby #RugbyUnion @ScrumCastPod",100,59,en,rugby;RugbyUnion,ScrumCastPod,,10679,,False,Negative
900000000000001070,Mon Mar 09 23:16:01 +0000 2026,sidestep_uk_595,"Ireland attack has gone missing this championship, no ideas at all against Scotland 😢 #Scotland #TeamOfUs",1,131,en,Scotland;TeamOfUs,,,1530,Leeds,False,Negative
900000000000001071,Fri Mar 06 16:26:28 +0000 2026,rucknroll_uk_330,"Huge win for France at Principality Stadium, the crowd was absolutely electric 🏉 #SixNations",377,561,it,SixNations,,,2097,Paris,False,Positive
900000000000001072,Sat Feb 07 07:19:56 +0000 2026,scrumtime_uk_250,BREAKING: Lecomte ruled out for Ireland with injury ahead of England match. @OvalBallDaily,90,9,en,England;SixNations;SCOvIRE,OvalBallDaily,,1633,Nice,False,Neutral
900000000000001073,Fri Mar 13 20:33:41 +0000 2026,lineoutlegend_ie_579,"So disappointed watching Ireland today, France deserved that win comfortably 🙄 #Ireland #France #RugbyUnion https://example.com/rugby-report",63,37,en,Ireland;France;RugbyUnion,,https://example.com/rugby-report,10140,Dublin,False,Negative
900000000000001074,Fri Feb 20 16:03:46 +0000 2026,the_terrace_918,"Hard to see past Ireland winning this one, England defence has been shaky big mood #Ireland",180,255,en,Ireland,,,628,Belfast,False,Neutral
900000000000001075,Tue Feb 17 13:21:31 +0000 2026,penaltykicker_710,"Huge win for Ireland at Stade de France, the crowd was absolutely electric 💪 #Ireland #rugby https://example.com/rugby-report",90,263,en,Ireland;rugby,,https://example.com/rugby-report,957,,False,Positive
900000000000001076,Mon Mar 09 11:24:26 +0000 2026,the_terrace_fr_544,"RT @RugbyRoundupHQ: Devastating result for Wales fans, that final try from Scotland in the last minute hurt 🙄 #rugby #SixNations #SCOvIRE #TryTime",157,93,en,rugby;SixNations;SCOvIRE;TryTime,,,3815,Glasgow,True,Negative
900000000000001077,Tue Mar 03 04:32:33 +0000 2026,sidestep__850,Team news: Coach Harrington makes three changes for Scotland ahead of the England match. big mood https://example.org/match-highlights,119,255,en,Scotland;England;TeamOfUs;TryTime,,https://example.org/match-highlights,4410,Milan,False,Positive
900000000000001078,Thu Mar 05 05:32:35 +0000 2026,offload__fr_969,"RT @SixNationsChat: France lost the plot in the second half, Ireland punished every single error 😤 #Ireland #rugby #ITAvWAL",131,58,en,Ireland;rugby;ITAvWAL,,,8207,Newcastle,True,Negative
900000000000001079,Fri Feb 27 20:32:23 +0000 2026,fullback_fan_ie_854,"England 1 - 0 doubters. What a win against Wales, championship dream still alive 🏉 #England #rugby #SixNations @ScrumCastPod",369,164,en,England;rugby;SixNations,ScrumCastPod,,1737,,False,Positive
900000000000001080,Sun Mar 08 21:27:51 +0000 2026,fullback_fanofficial_722,"Best Wales performance in years, years, that co-ordinated attack ripped Ireland apart 😍 #rugby",188,547,en,rugby,,,2865,Leeds,False,Positive
900000000000001081,Wed Mar 04 03:59:11 +0000 2026,the_terraceofficial_645,Kickoff between Scotland and Wales at Murrayfield in 30 minutes. #Scotland #Wales,3,75,en,Scotland;Wales,,,349,,False,Neutral
900000000000001082,Sat Feb 07 14:22:12 +0000 2026,rugbyfan_fr_341,"England fans after that missed kick: it's fine, everything's fine 🙌 https://rugbynews.example.org/recap",119,541,en,,,https://rugbynews.example.org/recap,5736,Cork,False,Neutral
900000000000001083,Fri Feb 13 07:15:40 +0000 2026,flyhalf_368_118,Ticket prices for the England vs Italy fixture at Aviva Stadium released today. #Italy https://example.com/rugby-report,180,71,en,Italy,,https://example.com/rugby-report,12167,Swansea,False,Neutral
900000000000001084,Fri Feb 27 20:52:18 +0000 2026,rucknroll619_734,Devine starts at fly-half for Wales this weekend against England. #Wales #England #rugby @MaulZoneFC,118,266,en,Wales;England;rugby,MaulZoneFC,,3214,London,False,Neutral
900000000000001085,Tue Feb 10 13:26:39 +0000 2026,mauling_itofficial_84,"What a game!! Ireland absolutely dominated England tonight, that attack was unreal 👏 #Ireland #MatchDay",283,559,en,Ireland;MatchDay,,,9280,Edinburgh,False,Positive
900000000000001086,Thu Feb 26 21:35:21 +0000 2026,wingwizard2013_124,"So proud of this England team, that final try in the last minute was everything 👏 #England #rugby #MatchDay @RuckReportUK",304,476,en,England;rugby;MatchDay,RuckReportUK,,46,London,False,Positive
900000000000001087,Sat Mar 07 22:11:49 +0000 2026,rugbyfan_474,"RT @RugbyRoundupHQ: Kowalski missed another kick, England really struggling for points tonight 😡 #rugby @TryLineTalk @SixNationsChat",186,106,en,rugby,TryLineTalk;SixNationsChat,,3619,Rome,True,Negative
900000000000001088,Thu Feb 26 21:21:29 +0000 2026,match_watcher_ie_2,Ticket prices for the Ireland vs Scotland fixture at Murrayfield Murrayfield released today. #SixNations,20,47,it,SixNations,,,1825,Nice,False,Neutral
900000000000001089,Wed Feb 25 03:35:44 +0000 2026,offload_980_189,Moretti running faster from the ref than from Wales's defence 🏆 #Scotland #MatchDay #ENGvWAL,274,531,en,Scotland;MatchDay;ENGvWAL,,,1439,Bristol,False,Positive
900000000000001090,Mon Mar 02 05:37:54 +0000 2026,kickoffking_uk_653,"RT @PitchsideNews: Best Wales performance in years, that co-ordinated attack ripped France apart 👏 #Wales",216,646,en,Wales,,,3078,Leeds,True,Positive
900000000000001091,Sun Mar 08 02:44:45 +0000 2026,ovalball_818,"I reckon Wales edge this by a converted try over France, defence will be key #Wales #France #ENGvFRA",121,21,en,Wales;France;ENGvFRA,,,245,,False,Neutral
900000000000001092,Sat Mar 07 03:11:20 +0000 2026,propforce_fr_903,RT @PitchsideNews: Me pretending I understand the offside rule while watching France vs England 🙌 big mood #France #England #SixNations #SCOvIRE,334,201,en,France;England;SixNations;SCOvIRE,,,447,Edinburgh,True,Positive
900000000000001093,Sun Feb 15 07:40:07 +0000 2026,scrumtime_uk_669,"If Ireland sort out their lineout, they beat England comfortably this weekend #Ireland #England",93,13,en,Ireland;England,,,9549,Bristol,False,Neutral
900000000000001094,Tue Mar 03 16:18:45 +0000 2026,fullback_fan673_820,"Terrible decision from the referee there, cost Scotland the match against France honestly 😢 #France #RugbyUnion",211,117,en,France;RugbyUnion,,,100631,Newcastle,False,Negative
900000000000001095,Mon Mar 09 19:56:39 +0000 2026,scrumtime_uk_18,"Can't believe England let that lead slip against Ireland, so much for the championship dream 🙄 #England #SixNations #MatchDay #TryTime",100,186,en,England;SixNations;MatchDay;TryTime,,,10330,Toulouse,False,Negative
900000000000001096,Wed Mar 11 09:16:48 +0000 2026,the_terrace904_851,"If Ireland sort out their lineout, they beat Wales comfortably this weekend #Ireland",3,89,en,Ireland,OvalBallDaily,,1566,London,False,Neutral
900000000000001097,Sat Mar 07 00:52:42 +0000 2026,sidestepofficial_884,"Scotland lost the plot in the second half, France punished every single error 😢 #Scotland #rugby https://example.net/highlights-reel",203,9,en,Scotland;rugby,,https://example.net/highlights-reel,8046,Limerick,False,Negative
900000000000001098,Sat Feb 14 08:01:11 +0000 2026,mauling_it2017_210,"I reckon England edge this by a converted try over France, defence will be key #England #rugby https://rugbynews.example.org/recap",129,79,en,England;rugby,OvalBallDaily,https://rugbynews.example.org/recap,7001,Rome,False,Neutral
900000000000001099,Thu Mar 05 00:36:34 +0000 2026,trylinehero__557,"Marsh missed another kick, Ireland really struggling for points tonight 😡",26,92,en,Ireland;France;SixNations;ENGvFRA,,,3466,Nice,False,Negative
900000000000001100,Sat Feb 28 19:36:58 +0000 2026,mauling_it_683,"Congratulations to Ireland on a brilliant win over Wales, the defence was rock solid all match 😍 #Ireland #Wales #MatchDay https://example.com/stats/tries",394,344,en,Ireland;Wales;MatchDay,,https://example.com/stats/tries,4125,Glasgow,False,Positive
900000000000001101,Sat Feb 21 08:21:13 +0000 2026,the_terrace_104,RT @SixNationsChat: Weather looks dry for the Wales vs Scotland match at Principality Stadium today. #Wales #SixNations #Rugby #ENGvWAL,58,185,en,Wales;SixNations;Rugby;ENGvWAL,,,3628,Edinburgh,True,Neutral
900000000000001102,Sat Mar 07 22:32:44 +0000 2026,flyhalf__fr_802,"Watching Italy vs Wales with my nan, she knows more about rugby than the pundits 🔥 #TeamOfUs #ENGvFRA @TryLineTalk",334,686,en,TeamOfUs;ENGvFRA,TryLineTalk,,2476,Edinburgh,False,Positive
900000000000001103,Sat Feb 07 18:50:19 +0000 2026,kickoffking_ie_603,Ireland confirm ticket sales for England clash open this Friday. class act #Ireland #RugbyUnion #SixNations #ENGvFRA #GrandSlamWatch,98,201,en,Ireland;RugbyUnion;SixNations;ENGvFRA;GrandSlamWatch,,,2174,Limerick,False,Neutral
900000000000001104,Thu Feb 19 23:17:57 +0000 2026,mauling_it_fr_412,Ireland confirm ticket sales for Wales clash open this Friday. #Ireland,33,126,en,Ireland,TryLineTalk,,2876,Limerick,False,Neutral
900000000000001105,Sat Mar 07 03:20:57 +0000 2026,propforce618_496,My prediction: England 32 - 42 Wales. Should be a cracking match so gutted #England #Wales https://example.com/stats/tries,0,289,en,England;Wales,,https://example.com/stats/tries,2459,Toulouse,False,Neutral
900000000000001106,Sun Feb 22 00:12:32 +0000 2026,conversion__uk_920,"Predicting a tight one between England and Ireland, could go either way tbh #England #Ireland",80,64,en,England;Ireland,,,11423,Nice,False,Neutral
900000000000001107,Sun Mar 08 15:06:20 +0000 2026,lineoutlegend__651,"The Ireland defence has been immense this championship, barely conceding a try 🏉 #Ireland",304,556,en,Ireland,,,4193,,False,Positive
900000000000001108,Fri Feb 27 14:12:05 +0000 2026,trylinehero2010_965,Weather looks dry for the Ireland vs Italy match at Stadio Olimpico today. #Ireland,47,160,en,Ireland,MaulZoneFC,,69925,London,False,Neutral
900000000000001109,Thu Mar 12 03:26:35 +0000 2026,grandslamgal41_317,Costa with a MASSIVE try in the corner!! Scotland fans are buzzing right now 🔥 #Scotland #SixNations,273,45,en,Scotland;SixNations,,,753,Limerick,False,Positive
900000000000001110,Mon Feb 09 06:55:31 +0000 2026,kickoffking_911,Referee for Ireland vs France confirmed as part of the officiating panel this round. #Rugby,13,114,en,Rugby,,,4706,,False,Neutral
900000000000001111,Tue Feb 24 17:08:15 +0000 2026,penaltykicker_fr_961,BREAKING: Costa ruled out for Scotland with injury ahead of England match. #Scotland #England #rugby #SixNations,34,91,und,Scotland;England;rugby;SixNations,,,7979,,False,Neutral
900000000000001112,Fri Feb 27 07:20:37 +0000 2026,rugbyfan_fr_340,"Congratulations to Ireland on a brilliant win over England, the defence was rock solid all match 🔥 #Ireland #SixNations",206,204,en,Ireland;SixNations,,,3744,Cork,False,Negative
900000000000001113,Wed Feb 18 12:00:10 +0000 2026,wingwizard_150,RT @TryLineTalk: Is it just me or has France attack been really flat this championship? #rugby #FRAvITA @TryLineTalk,86,26,en,rugby;FRAvITA,TryLineTalk,,6080,Dublin,True,Neutral
900000000000001114,Tue Feb 24 23:55:49 +0000 2026,sidestep_ie_44,RT @SixNationsChat: Kickoff between Ireland and France at Principality Stadium in 30 minutes. @TryLineTalk,73,105,en,France;WALvSCO,TryLineTalk,,13112,Limerick,True,Neutral
900000000000001115,Thu Mar 05 18:27:21 +0000 2026,grandslamgal_fr_671,Weather looks dry for the Scotland vs Ireland match at Aviva Stadium today. #Scotland #Ireland #SixNations #RugbyUnion #RoundFive,24,349,en,Scotland;Ireland;SixNations;RugbyUnion;RoundFive,,,8444,Glasgow,False,Neutral
900000000000001116,Sat Mar 14 06:39:17 +0000 2026,ovalball_fr_970,"Huge win for Wales at Aviva Stadium, the crowd was absolutely electric 🏉 #rugby",177,546,en,rugby,,,7127,Limerick,False,Positive
900000000000001117,Tue Feb 24 18:25:35 +0000 2026,flyhalf___313,"RT @RugbyRoundupHQ: Huge win for Wales at Murrayfield, the crowd was absolutely electric 🔥 #Wales",239,117,en,Wales,,,7552,,True,Positive
900000000000001118,Mon Feb 16 21:19:52 +0000 2026,sidestepofficial_214,"France lost the plot in the second half, Ireland punished every single error 😩 #IREvENG #FinalWhistle",36,11,en,IREvENG;FinalWhistle,MaulZoneFC,,3439,Edinburgh,False,Negative
900000000000001119,Fri Mar 13 22:53:18 +0000 2026,fullback_fan1999_554,"Huge win for Ireland at Aviva Stadium, the crowd was absolutely electric 🎉 #Ireland #England #SixNations",447,355,en,Ireland;England;SixNations,,,7322,Nice,False,Positive
900000000000001120,Thu Feb 12 14:14:20 +0000 2026,the_terrace_ie_176,Kickoff between Wales and France at Stadio Olimpico in 30 minutes. #Wales #France #MatchDay,9,416,en,Wales;France;MatchDay,,,3059,,False,Neutral
900000000000001121,Mon Feb 23 01:02:49 +0000 2026,ovalball__135,"Congratulations to Wales on a brilliant win over England, the defence was rock solid all match 🔥 #Wales #RugbyUnion",432,521,en,Wales;RugbyUnion,,,5481,Milan,False,Positive
900000000000001122,Wed Feb 11 18:54:02 +0000 2026,scrumtimeofficial_106,"So proud of this England team, that that final try in the last minute was everything 🏉 #England #France #MatchDay #IREvENG",120,340,en,England;France;MatchDay;IREvENG,,,2176,,False,Positive
900000000000001123,Wed Feb 11 04:30:25 +0000 2026,wingwizard_uk_343,RT @SixNationsChat: Me pretending I understand the offside rule while watching Wales vs France 🔥 #Wales #RugbyFamily,129,518,en,Wales;RugbyFamily,,,1681,Dublin,True,Positive
900000000000001124,Wed Mar 04 23:52:02 +0000 2026,conversion__uk_495,RT @RugbyRoundupHQ: Reminder: France take on Wales this weekend in round five of the championship. #Championship #RugbyUnion #ITAvWAL @RuckReportUK @OvalBallDaily,112,235,en,Championship;RugbyUnion;ITAvWAL,RuckReportUK;OvalBallDaily,,1728,Milan,True,Neutral
900000000000001125,Sat Feb 14 20:03:09 +0000 2026,mauling_it_ie_297,"Absolutely gutted for Ireland, that defence completely fell apart against Italy today 😩 #Ireland #rugby #ITAvWAL @RugbyRoundupHQ",233,214,en,Ireland;rugby;ITAvWAL,RugbyRoundupHQ,,6157,London,False,Negative
900000000000001126,Mon Mar 02 12:39:55 +0000 2026,kickoffking682_985,Me pretending I understand the offside rule while watching England vs France 😍 #France,156,187,en,France,,,4201,Dublin,False,Positive
900000000000001127,Sun Feb 22 05:52:06 +0000 2026,mauling_it742_428,Why does Ireland keep giving away penalties in their own half against Wales?? #Ireland #rugby #IREvENG,3,18,en,Ireland;rugby;IREvENG,,,1869,Dublin,False,Neutral
900000000000001128,Sat Feb 21 07:47:17 +0000 2026,grandslamgal__967,RT @RugbyRoundupHQ: Is it just me or has Ireland attack been really flat this championship? #Ireland #ENGvFRA,66,403,und,Ireland;ENGvFRA,,,3812,Bristol,True,Neutral
900000000000001129,Fri Feb 27 20:33:14 +0000 2026,offload__uk_385,Ticket prices for the England vs Ireland fixture at Stade de France released today. #England #Ireland #SixNations @OvalBallDaily,10,158,en,England;Ireland;SixNations,OvalBallDaily,,5821,Limerick,False,Neutral
900000000000001130,Thu Feb 19 19:18:34 +0000 2026,ovalball_32,Referee for Ireland vs Italy confirmed as part of the officiating panel this round. #Ireland #rugby,43,26,en,Ireland;rugby,,,3585,Toulouse,False,Neutral
900000000000001131,Wed Mar 11 21:57:10 +0000 2026,lineoutlegendofficial_677,"I reckon Ireland edge this by a converted try over England, defence will be key (thoughts?)",146,205,en,SixNations;RugbyUnion,,,1258,Edinburgh,False,Neutral
900000000000001132,Sat Feb 14 22:32:11 +0000 2026,fullback_fan_ie_565,"So disappointed watching Ireland today, France deserved that win comfortably 😢 #Ireland #SixNations",76,153,en,Ireland;SixNations,,,5586,Paris,False,Negative
900000000000001133,Mon Mar 09 03:29:25 +0000 2026,ovalball__446,"Terrible decision from the referee there, cost Wales the match against England honestly 😩 @RuckReportUK https://example.com/stats/tries",33,45,en,Wales;England;SixNations,RuckReportUK,https://example.com/stats/tries,4783,Nice,False,Negative
900000000000001134,Wed Mar 11 14:29:49 +0000 2026,match_watcher_276,"RT @PitchsideNews: Absolute unit of a performance from the England pack today, dominating the breakdown 🏆 #England #France #SixNations #MatchDay",133,680,en,England;France;SixNations;MatchDay,,,3801,Milan,True,Positive
900000000000001135,Sat Mar 07 18:40:31 +0000 2026,trylinehero1997_256,"RT @PitchsideNews: England lost the plot in the second half, Ireland punished every single error 😤 #SixNations",11,55,en,SixNations,,,1958,Newcastle,True,Negative
900000000000001136,Mon Feb 09 12:55:42 +0000 2026,ovalball_179,"Ireland defence today: come on in, the door's open lol 🏉",246,419,en,Ireland;rugby;FRAvITA,,,2315,,False,Negative
900000000000001137,Thu Feb 19 07:34:46 +0000 2026,grandslamgal_48,"What a game!! France absolutely dominated Ireland tonight, that attack was unreal 🎉 unreal #France #ITAvWAL https://example.org/match-highlights",310,136,en,France;ITAvWAL,,https://example.org/match-highlights,551,Bristol,False,Positive
900000000000001138,Tue Feb 10 20:56:03 +0000 2026,trylinehero171_318,"RT @PitchsideNews: Italy fans after that missed kick: it's fine, everything's fine 🏆 #Italy #SixNations",284,200,en,Italy;SixNations,,,4922,Nice,True,Positive
900000000000001139,Fri Feb 27 21:03:43 +0000 2026,rugbyfan_uk_16,RT @SixNationsChat: Weather looks dry for the Wales vs Scotland match at Stade de France today.,229,43,en,,,,6057,Bristol,True,Neutral
900000000000001140,Sun Feb 22 15:35:39 +0000 2026,trylineheroofficial_913,"That performance from Ireland was class from start to finish, 17 points and never looked back 🙌 buzzing #Ireland #SixNations #ENGvFRA #TryTime",355,732,en,Ireland;SixNations;ENGvFRA;TryTime,,,740,Paris,False,Positive
900000000000001141,Thu Mar 05 10:14:22 +0000 2026,trylineheroofficial_996,"RT @TryLineTalk: Congratulations to Italy on a brilliant win over England, the defence was rock solid all match 💪 #Italy #MatchDay #FinalWhistle",236,336,en,Italy;MatchDay;FinalWhistle,,,14523,Manchester,True,Positive
900000000000001142,Fri Mar 06 06:31:33 +0000 2026,offload_official_829,"I reckon Ireland edge this by a converted try over Wales, defence will be key https://example.org/match-highlights",35,648,en,Ireland;Wales,,https://example.org/match-highlights,1610,Cardiff,False,Neutral
900000000000001143,Tue Mar 03 19:55:40 +0000 2026,mauling_it861_278,Reminder: Wales take on England this weekend in round five of the championship. #Wales #ENGvFRA,29,6,en,Wales;ENGvFRA,,,4737,Swansea,False,Neutral
900000000000001144,Sat Mar 07 06:01:56 +0000 2026,flyhalf__ie_977,"The Ireland defence has been immense this championship, barely conceding a try 👏 #England #SixNations #Rugby",290,734,en,England;SixNations;Rugby,,,5007,London,False,Positive
900000000000001145,Tue Feb 10 11:47:06 +0000 2026,scrumtime1997_351,RT @RugbyRoundupHQ: Italy announce squad for upcoming Wales fixture at Stadio Olimpico. #Wales #SixNations #rugby @RuckReportUK,153,87,en,Wales;SixNations;rugby,RuckReportUK,,10237,,True,Negative
900000000000001146,Sat Feb 14 21:13:47 +0000 2026,mauling_it1995_27,What's the the team news for Wales vs England this weekend? Anyone seen the lineup? #Wales #England #SCOvIRE #TryTime @OvalBallDaily https://example.net/highlights-reel,104,54,en,Wales;England;SCOvIRE;TryTime,OvalBallDaily,https://example.net/highlights-reel,5766,Cardiff,False,Neutral
900000000000001147,Sun Mar 08 09:22:08 +0000 2026,propforce_uk_238,"Whitmore missed another kick, England really struggling for points tonight 😤 #France #Rugby #SixNations",307,112,en,France;Rugby;SixNations,,,1771,,False,Negative
900000000000001148,Wed Feb 18 00:15:27 +0000 2026,touchline_talk709_877,"England defence today: come on in, the door's open lol 💪 #Ireland #rugby",126,168,und,Ireland;rugby,,,383,Cork,False,Positive
900000000000001149,Fri Mar 06 06:03:49 +0000 2026,lineoutlegend__273,"England defence today: come on in, the door's open lol 👏 #Scotland #rugby #SixNations #IREvENG @ScrumCastPod",232,150,en,Scotland;rugby;SixNations;IREvENG,ScrumCastPod,,7125,Limerick,False,Positive
900000000000001150,Mon Mar 02 22:42:41 +0000 2026,ovalball_1,My prediction: England 11 - 25 Scotland. Should be a cracking match #England #Scotland #Rugby,50,355,en,England;Scotland;Rugby,,,776,Cork,False,Neutral
900000000000001151,Sun Feb 22 23:24:23 +0000 2026,match_watcher2004_97,BREAKING: Kowalski ruled out for England with injury ahead of Ireland match. #England #SixNations #ENGvFRA,89,4,fr,England;SixNations;ENGvFRA,,,8907,Limerick,False,Negative
900000000000001152,Wed Feb 25 10:41:09 +0000 2026,grandslamgal1993_716,Wales confirm ticket sales for England clash open this Friday. #England #rugby,166,267,en,England;rugby,,,8135,Milan,False,Neutral
900000000000001153,Sat Mar 07 07:13:03 +0000 2026,offload__860,"Full time: England 13 - 32 Ireland. Rough night for England, defence was shocking 🙄 #England #Ireland #rugby #FinalWhistle",146,138,en,England;Ireland;rugby;FinalWhistle,,,3025,Milan,False,Negative
900000000000001154,Sun Feb 22 01:31:58 +0000 2026,mauling_it_uk_531,"Coach Bianchi has turned this Wales team around completely, brilliant tactics against Scotland 🏆 #Wales #Scotland #SixNations #ENGvFRA",267,732,en,Wales;Scotland;SixNations;ENGvFRA,,,5866,Paris,False,Positive
900000000000001155,Thu Feb 12 23:05:23 +0000 2026,fullback_fan2006_160,Full time stats: Ireland had 5 points from set pieces against France. #Championship #rugby,55,231,en,Championship;rugby,,,10657,Glasgow,False,Neutral
900000000000001156,Sat Mar 07 09:30:48 +0000 2026,offload__379,"Can't believe France let that lead slip against England, so much for the championship dream 😩 #rugby #FRAvITA @RugbyRoundupHQ",296,69,en,rugby;FRAvITA,RugbyRoundupHQ,,4160,Manchester,False,Neutral
900000000000001157,Sat Feb 14 11:50:23 +0000 2026,kickoffking1987_880,"The Ireland defence has been immense this championship, barely conceding a try 💪 big mood",61,393,en,Ireland;Rugby;Championship;ENGvWAL,,,1966,Belfast,False,Positive
900000000000001158,Tue Feb 17 10:33:54 +0000 2026,mauling_it_383,"What a game!! Ireland absolutely dominated Wales tonight, that attack was unreal 🏆 #Wales #rugby",284,297,en,Wales;rugby,OvalBallDaily,,4615,Edinburgh,False,Positive
900000000000001159,Thu Mar 05 20:17:38 +0000 2026,propforce2007_768,Anyone know why Ferreira isn't starting for France today?? #France #Scotland #MatchDay,46,163,en,France;Scotland;MatchDay,,,3377,Limerick,False,Neutral
900000000000001160,Thu Feb 12 19:50:55 +0000 2026,propforce__542,"The Wales defence has been immense this championship, barely conceding a try 🎉 #Wales #England https://example.com/rugby-report",154,83,en,Wales;England,,https://example.com/rugby-report,10117,Cardiff,False,Positive
900000000000001161,Sun Feb 08 19:48:31 +0000 2026,scrumtime_926,"Full time: France 11 - 25 Scotland. What a match, France deserved every point 🎉 #rugby #ENGvFRA #PitchsideView",216,201,en,rugby;ENGvFRA;PitchsideView,,,3554,Limerick,False,Positive
900000000000001162,Thu Feb 26 06:08:54 +0000 2026,ovalballofficial_985,"Best Scotland performance in years, that co-ordinated attack ripped Ireland apart 👏 #Ireland",171,147,en,Ireland,,,4119,Rome,False,Positive
900000000000001163,Mon Feb 23 11:51:20 +0000 2026,propforce1996_503,RT @TryLineTalk: Dubois starts at fly-half for Ireland this weekend against England. #rugby #SixNations,15,129,en,rugby;SixNations,,,5151,Leeds,True,Neutral
900000000000001164,Mon Mar 02 00:20:42 +0000 2026,touchline_talk_550,RT @TryLineTalk: Wales confirm ticket sales for Scotland clash open this Friday. not gonna lie #Wales #RugbyUnion,86,28,en,Wales;RugbyUnion,MaulZoneFC;RugbyRoundupHQ,,751,Swansea,True,Neutral
900000000000001165,Thu Feb 19 12:20:58 +0000 2026,flyhalf__295,"RT @RugbyRoundupHQ: I reckon England edge this by a a converted try over Wales, defence will be key #Wales #SixNations",1,206,en,Wales;SixNations,,,4255,Glasgow,True,Neutral
900000000000001166,Wed Mar 04 21:42:39 +0000 2026,conversion__uk_170,Ireland confirm ticket sales for England clash open this Friday. #Ireland #Rugby #ITAvWAL #PitchsideView,186,181,en,Ireland;Rugby;ITAvWAL;PitchsideView,,,95,Milan,False,Neutral
900000000000001167,Sun Feb 22 15:30:20 +0000 2026,flyhalf__190,Referee for Ireland vs England confirmed as part of the officiating panel this round. #Ireland,13,273,en,Ireland,,,6477,Glasgow,False,Neutral
900000000000001168,Tue Feb 10 03:57:20 +0000 2026,conversion_515_556,"Coach Kavanagh needs to explain this England England performance, nowhere near good enough vs Ireland 💔",76,0,en,England,,,4728,Cardiff,False,Negative
900000000000001169,Tue Mar 10 22:18:54 +0000 2026,rucknroll7_373,"Absolute unit of a performance from the England pack today, dominating the breakdown 🔥 #England https://example.org/match-highlights",164,461,en,England,,https://example.org/match-highlights,586,Belfast,False,Positive
900000000000001170,Wed Feb 11 13:26:34 +0000 2026,touchline_talk__371,"Best Italy performance in years, that co-ordinated attack ripped Ireland apart 🔥 #Italy #Ireland",356,534,en,Italy;Ireland,,,3371,Toulouse,False,Positive
900000000000001171,Tue Feb 17 12:47:29 +0000 2026,wingwizard193_463,"Full time: England 14 - 10 Italy. Rough night for England, defence was shocking 😩 #England #Italy #ENGvFRA",105,8,en,England;Italy;ENGvFRA,,,10132,Swansea,False,Negative
900000000000001172,Tue Mar 03 07:51:12 +0000 2026,scrumtime_uk_233,Genuine question: is Coach Lemoine the right person to lead England into the final? #Rugby #ENGvWAL,277,136,en,Rugby;ENGvWAL,,,3485,Rome,False,Neutral
900000000000001173,Thu Mar 12 05:51:35 +0000 2026,fullback_fan__33,"Terrible decision from the referee there, cost England the match against Italy honestly 😢 #England #rugby #SixNations @ScrumCastPod",105,153,fr,England;rugby;SixNations,ScrumCastPod,,1731,Bristol,False,Negative
900000000000001174,Wed Mar 11 07:00:11 +0000 2026,offload_2011_994,Referee for Ireland vs France confirmed as part of the officiating panel this round.,204,76,en,Ireland,,,17483,Swansea,False,Neutral
900000000000001175,Fri Mar 06 06:31:56 +0000 2026,scrumtime659_167,"I reckon France edge this by a converted try over Scotland, defence will be key unreal #France #Scotland @SixNationsChat https://example.org/match-highlights",59,74,en,France;Scotland,SixNationsChat,https://example.org/match-highlights,2865,Edinburgh,False,Neutral
900000000000001176,Sat Feb 21 17:04:54 +0000 2026,sidestep2010_521,Anyone know why Duffy isn't starting for Scotland today?? #Scotland #SixNations #ITAvWAL,249,125,en,Scotland;SixNations;ITAvWAL,,,6380,Rome,False,Neutral
900000000000001177,Thu Mar 05 02:12:27 +0000 2026,fullback_fan_uk_727,"Predicting a tight one between Ireland and Scotland, could go either way tbh #Scotland #Rugby #WALvSCO",24,49,en,Scotland;Rugby;WALvSCO,,,361,Glasgow,False,Neutral
900000000000001178,Tue Feb 10 03:10:14 +0000 2026,flyhalf_927_702,Kickoff between Wales and Ireland at Twickenham in 30 minutes.,54,46,en,MatchDay;SixNations;ENGvWAL,,,3796,Cork,False,Neutral
900000000000001179,Wed Mar 11 00:53:13 +0000 2026,the_terrace_29,"Devastating result for England fans, that final try from France in the last minute hurt 💔 #England #France #MatchDay #ITAvWAL @SixNationsChat",27,331,en,England;France;MatchDay;ITAvWAL,SixNationsChat,,6428,Limerick,False,Negative
900000000000001180,Thu Feb 19 17:06:33 +0000 2026,trylineheroofficial_951,"RT @PitchsideNews: Not the Wales performance we needed, way too many mistakes in attack 😩 #Wales #Ireland #SixNations",277,44,en,Wales;Ireland;SixNations,,,751,Belfast,True,Positive
900000000000001181,Mon Mar 09 07:47:11 +0000 2026,fullback_fan_291,"Terrible decision from the referee there, cost Wales the match against France honestly 😤 https://sixnations.example.net/live",129,253,en,France;Championship;ITAvWAL;TryTime,,https://sixnations.example.net/live,1292,Edinburgh,False,Negative
900000000000001182,Fri Feb 13 13:30:38 +0000 2026,rucknroll__536,"Absolutely gutted for Ireland, that defence completely fell apart against Scotland today 😩 #Scotland",207,302,en,Scotland,,,334,Rome,False,Negative
900000000000001183,Sat Mar 14 03:58:42 +0000 2026,wingwizard_ie_870,RT @SixNationsChat: Referee for England vs Ireland confirmed as part of the officiating panel this round. #England #Rugby #ENGvFRA,76,27,en,England;Rugby;ENGvFRA,,,4961,Nice,True,Neutral
900000000000001184,Mon Feb 09 07:34:21 +0000 2026,trylinehero_uk_48,RT @RugbyRoundupHQ: Referee for Italy vs Wales confirmed as part of the officiating panel this round. #Italy #IREvENG,200,245,en,Italy;IREvENG,,,9257,Rome,True,Neutral
900000000000001185,Mon Mar 02 04:49:21 +0000 2026,flyhalf__220,"RT @PitchsideNews: Best Ireland performance in years, that co-ordinated attack ripped England apart 🏉 #MatchDay #RugbyUnion https://example.com/stats/tries",235,272,en,MatchDay;RugbyUnion,,https://example.com/stats/tries,3516,London,True,Positive
900000000000001186,Mon Feb 23 02:59:26 +0000 2026,ovalballofficial_844,"So proud of this Ireland team, that final try in the last minute was everything 🎉 #Ireland",317,451,en,Ireland,,,7200,Edinburgh,False,Positive
900000000000001187,Sat Feb 14 00:27:47 +0000 2026,ovalball_871,"Absolutely gutted for England, that defence completely fell apart against France today 😩 (thoughts?)",30,164,en,England;SixNations;Rugby,,,479,Newcastle,False,Negative
900000000000001188,Sun Mar 01 11:03:35 +0000 2026,the_terrace__955,Referee for Wales vs England confirmed as part of the officiating panel this round. #Wales #Rugby https://example.com/rugby-report,34,84,en,Wales;Rugby,,https://example.com/rugby-report,6242,Nice,False,Neutral
900000000000001189,Fri Mar 13 23:14:22 +0000 2026,touchline_talk_131,Ticket prices for the Ireland vs England fixture at Twickenham released today. #ITAvWAL,1,328,en,ITAvWAL,,,15743,Belfast,False,Neutral
900000000000001190,Sat Feb 07 03:48:41 +0000 2026,propforce_fr_781,"Novak missed another kick, Ireland really struggling for points tonight 😡 absolute unit #Ireland #Wales #Rugby #SCOvIRE",82,111,en,Ireland;Wales;Rugby;SCOvIRE,,,3988,Leeds,False,Negative
900000000000001191,Thu Mar 12 02:43:10 +0000 2026,grandslamgalofficial_167,Anyone know why Ferreira isn't starting for Ireland today?? absolute unit #Ireland #rugby,151,256,en,Ireland;rugby,,,8829,Newcastle,False,Neutral
900000000000001192,Mon Feb 09 06:27:27 +0000 2026,conversion__605,"Terrible decision from the referee there, cost England the match against Wales honestly 😡 #SixNations #ENGvFRA",168,283,en,SixNations;ENGvFRA,,,2376,Belfast,False,Negative
900000000000001193,Mon Mar 09 10:48:53 +0000 2026,fullback_fan_ie_875,RT @RugbyRoundupHQ: Team news: Coach Kavanagh makes three changes for England ahead of the France match. @RugbyRoundupHQ https://example.com/rugby-report,139,105,en,England;MatchDay;Rugby;IREvFRA,RugbyRoundupHQ,https://example.com/rugby-report,2562,Nice,True,Neutral
900000000000001194,Thu Feb 26 03:31:13 +0000 2026,propforce__74,"What a game!! England absolutely dominated Wales tonight, that attack was unreal 🙌 #England @SixNationsChat",222,344,en,England,SixNationsChat,,2700,Edinburgh,False,Positive
900000000000001195,Tue Mar 03 07:47:11 +0000 2026,penaltykicker_uk_509,Costa starts at fly-half for England this weekend against France. #England #SixNations,140,11,en,England;SixNations,,,4995,Paris,False,Neutral
900000000000001196,Thu Feb 26 13:14:15 +0000 2026,offload_558_302,Team news: Coach Kavanagh makes three changes for England ahead of the Wales match.,36,126,en,England;rugby,,,3006,Cork,False,Negative
900000000000001197,Sat Mar 14 09:15:18 +0000 2026,trylinehero_31,"RT @SixNationsChat: If Wales sort out their lineout, they beat Ireland comfortably this weekend https://example.com/stats/tries",147,127,en,Wales;Ireland;SixNations,RuckReportUK,https://example.com/stats/tries,10881,Nice,True,Neutral
900000000000001198,Wed Feb 25 07:42:20 +0000 2026,wingwizard1982_333,"Best Wales performance in years, that co-ordinated attack ripped ripped Ireland apart 💪 #Wales",306,755,en,Wales,TryLineTalk,,10167,Newcastle,False,Positive
900000000000001199,Fri Feb 13 01:33:03 +0000 2026,conversion_2009_615,Is it just me or has Ireland attack been really flat this championship? #France #SixNations,52,13,en,France;SixNations,,,2618,Limerick,False,Neutral
900000000000001200,Thu Feb 12 05:14:46 +0000 2026,the_terrace_fr_978,"Hard to see past Ireland winning this one, England defence has been shaky https://example.com/rugby-report",43,174,en,England;SixNations,,https://example.com/rugby-report,4387,Cardiff,False,Neutral
900000000000001201,Thu Feb 19 23:51:13 +0000 2026,flyhalf_official_162,"Predicting a tight one between Italy and England, could go either way tbh #RugbyUnion #RugbyFamily @ScrumCastPod",136,38,en,RugbyUnion;RugbyFamily,ScrumCastPod,,3194,Bristol,False,Neutral
900000000000001202,Wed Feb 11 06:57:33 +0000 2026,ovalball2002_895,BREAKING: Sinclair ruled out for Scotland with injury ahead of Ireland match. #rugby #ENGvFRA @PitchsideNews,96,506,en,rugby;ENGvFRA,PitchsideNews,,5551,Limerick,False,Neutral
900000000000001203,Mon Feb 16 11:59:12 +0000 2026,ovalballofficial_365,RT @RugbyRoundupHQ: Weather looks dry for the the Italy vs Wales match at Murrayfield today. #Italy #Rugby @SixNationsChat,36,465,en,Italy;Rugby,SixNationsChat,,2039,Limerick,True,Neutral
900000000000001204,Fri Feb 13 05:11:51 +0000 2026,conversion_2002_595,"RT @PitchsideNews: Huge win for Ireland at Stadio Olimpico, the crowd was absolutely electric 🙌 #MatchDay @ScrumCastPod",290,92,en,MatchDay,ScrumCastPod,,183317,Paris,True,Positive
900000000000001205,Fri Mar 13 11:41:05 +0000 2026,lineoutlegend_uk_751,"Hard to see past Italy winning this one, Ireland defence has been shaky #Ireland #Italy #SixNations #ITAvWAL @PitchsideNews https://example.com/stats/tries",102,164,en,Ireland;Italy;SixNations;ITAvWAL,PitchsideNews,https://example.com/stats/tries,188,Leeds,False,Neutral
900000000000001206,Thu Mar 12 05:39:48 +0000 2026,rucknroll_uk_77,Me pretending I understand the offside rule while watching England vs Ireland 👏,111,384,und,SixNations;ENGvWAL,,,987,Glasgow,False,Positive
900000000000001207,Sat Mar 07 05:34:44 +0000 2026,touchline_talk414_82,"Coach Bianchi needs to explain this England performance, nowhere near good enough vs France 💔 #England #France #rugby",87,165,en,England;France;rugby,,,1201,Glasgow,False,Neutral
900000000000001208,Tue Feb 10 08:22:37 +0000 2026,rugbyfan_uk_17,What's the team news for Wales vs France this weekend? Anyone seen the lineup? #MatchDay,257,112,en,MatchDay,,,132501,Nice,False,Neutral
900000000000001209,Mon Mar 09 09:45:39 +0000 2026,rucknroll__317,RT @TryLineTalk: Kickoff between Ireland and France at Stade de France in 30 minutes. big mood,125,100,en,Ireland;ENGvFRA,,,3050,Paris,True,Neutral
900000000000001210,Mon Mar 02 08:58:04 +0000 2026,mauling_it_ie_460,Pundits are split on whether Scotland or France will control possession today. #France @MaulZoneFC https://example.com/rugby-report,6,217,en,France,MaulZoneFC,https://example.com/rugby-report,9641,London,False,Neutral
900000000000001211,Sun Feb 15 23:30:30 +0000 2026,propforce_949,"RT @TryLineTalk: Wales lost the plot in the second half, Ireland punished every single error 🙄 #Wales #Ireland #Championship",52,201,en,Wales;Ireland;Championship,,,4570,Cork,True,Negative
900000000000001212,Mon Feb 09 20:27:12 +0000 2026,flyhalf__uk_699,"That performance from Wales was class from start to finish, finish, 21 points and never looked back 🏆",317,120,en,,,,19199,Belfast,False,Positive
900000000000001213,Wed Mar 11 10:35:52 +0000 2026,flyhalf__fr_54,"England lost the plot in the second half, Ireland punished every single error 💔 #MatchDay https://sixnations.example.net/live",135,167,en,MatchDay,,https://sixnations.example.net/live,2469,,False,Negative
900000000000001214,Thu Feb 26 14:55:24 +0000 2026,wingwizard2017_82,"Congratulations to England on a brilliant win over France, the defence was rock solid all match 💪 #England #France #SixNations https://example.com/rugby-report",169,146,en,England;France;SixNations,,https://example.com/rugby-report,5501,,False,Positive
900000000000001215,Thu Mar 12 15:24:00 +0000 2026,mauling_it__190,Ticket prices for the Wales vs England fixture at Stade de France released today. #rugby #IREvFRA,133,522,en,rugby;IREvFRA,,,8839,Manchester,False,Neutral
900000000000001216,Sun Mar 01 01:00:41 +0000 2026,penaltykicker_uk_872,"Ireland defence today: come on in, the door's open lol 🏉 #Ireland #MatchDay #SCOvIRE #PitchsideView",151,437,en,Ireland;MatchDay;SCOvIRE;PitchsideView,SixNationsChat,,588,Manchester,False,Positive
900000000000001217,Sat Feb 14 04:54:08 +0000 2026,penaltykicker_889,"Full time: Wales 30 - 27 Ireland. Rough night for Wales, defence was shocking 🙄 #Wales #Ireland #MatchDay",96,426,en,Wales;Ireland;MatchDay,,,189722,Paris,False,Negative
900000000000001218,Sat Feb 28 15:11:38 +0000 2026,scrumtimeofficial_381,"Devastating result for Ireland fans, that final try from France in the last minute hurt 😢 absolute unit #Ireland #France #rugby @TryLineTalk",77,210,en,Ireland;France;rugby,TryLineTalk,,7808,Cardiff,False,Negative
900000000000001219,Tue Mar 10 00:59:03 +0000 2026,rucknroll__754,Team news: Coach Bianchi makes three changes for Ireland ahead of the Scotland match.,66,32,en,Ireland;SixNations,,,3373,Glasgow,False,Neutral
900000000000001220,Wed Mar 04 12:02:40 +0000 2026,wingwizardofficial_533,Wales announce squad for upcoming Ireland fixture at Murrayfield. #SixNations #RugbyUnion,24,130,en,SixNations;RugbyUnion,,,7590,Swansea,False,Neutral
900000000000001221,Wed Mar 04 05:09:00 +0000 2026,match_watcher_553,"RT @TryLineTalk: Not the Ireland performance we needed, way too many mistakes in attack 😤",88,266,en,Wales,,,4435,Dublin,True,Negative
900000000000001222,Wed Feb 11 01:46:12 +0000 2026,match_watcher__400,RT @TryLineTalk: Report: Coach Bianchi set to extend contract with France after strong championship run. #Rugby,149,322,en,Rugby,,,8195,,True,Neutral
900000000000001223,Wed Feb 11 09:35:11 +0000 2026,fullback_fan_fr_303,Ireland announce squad for upcoming England fixture at Aviva Stadium. #Ireland #England https://rugbynews.example.org/recap,9,81,en,Ireland;England,,https://rugbynews.example.org/recap,3488,Glasgow,False,Neutral
900000000000001224,Thu Feb 12 02:39:05 +0000 2026,sidestepofficial_549,RT @RugbyRoundupHQ: Ticket prices for the Italy vs France fixture at Twickenham released today. #Italy #France #Championship #IREvFRA,100,100,it,Italy;France;Championship;IREvFRA,,,1506,Belfast,True,Neutral
900000000000001225,Sat Feb 07 21:33:14 +0000 2026,trylinehero_ie_975,"RT @RugbyRoundupHQ: Best Italy performance in years, that co-ordinated attack ripped Wales apart 🔥",237,95,en,,,,131,London,True,Positive
900000000000001226,Fri Mar 06 00:59:39 +0000 2026,penaltykicker_ie_794,Report: Coach Kavanagh set to extend contract with Scotland after strong championship run. #Scotland #RugbyUnion #IREvENG,191,39,en,Scotland;RugbyUnion;IREvENG,,,12731,Limerick,False,Neutral
900000000000001227,Mon Feb 23 21:52:03 +0000 2026,fullback_fan_uk_912,"England attack has gone missing this championship, no ideas at all against Ireland 😩 #England #Ireland",68,312,en,England;Ireland,,,63,Leeds,False,Negative
900000000000001228,Thu Feb 26 21:36:34 +0000 2026,fullback_fan_uk_981,RT @PitchsideNews: My prediction: England 40 - 25 Scotland. Should be a cracking match https://example.org/match-highlights,79,217,en,ITAvWAL;FinalWhistle,,https://example.org/match-highlights,10160,Paris,True,Neutral
900000000000001229,Thu Feb 19 23:40:03 +0000 2026,touchline_talk_ie_506,Is it just me or has Scotland attack been really really flat this championship? #Scotland #Rugby #MatchDay #ENGvFRA,175,231,en,Scotland;Rugby;MatchDay;ENGvFRA,,,1529,Belfast,False,Neutral
900000000000001230,Sat Feb 28 15:01:56 +0000 2026,conversion__52,RT @SixNationsChat: Full time stats: Wales had 14 points from set pieces against Ireland.,133,271,en,Ireland;SCOvIRE,,,7444,Glasgow,True,Neutral
900000000000001231,Sun Feb 08 08:36:10 +0000 2026,mauling_it_477,"RT @TryLineTalk: What a game!! Wales absolutely dominated England tonight, that attack was unreal 💪 #Wales #MatchDay",296,469,en,Wales;MatchDay,,,661,Rome,True,Positive
900000000000001232,Fri Feb 13 17:08:16 +0000 2026,ovalball_fr_196,My prediction: Ireland 10 - 37 England. Should be a cracking match #Ireland #rugby #WALvSCO #CrunchTime,7,352,en,Ireland;rugby;WALvSCO;CrunchTime,,,6012,Toulouse,False,Neutral
900000000000001233,Fri Mar 13 23:48:36 +0000 2026,penaltykickerofficial_735,"RT @TryLineTalk: England 1 - 0 doubters. What a win against Ireland, championship dream still alive 👏 proper mess #Ireland #rugby #SixNations #IREvENG",286,378,en,Ireland;rugby;SixNations;IREvENG,,,14421,Toulouse,True,Positive
900000000000001234,Thu Mar 12 00:32:32 +0000 2026,rugbyfan__268,Genuine question: is is Coach Sutherland the right person to lead England into the final? #England #Ireland #Rugby,139,186,en,England;Ireland;Rugby,,,3699,Leeds,False,Neutral
900000000000001235,Fri Feb 13 00:40:22 +0000 2026,penaltykicker_uk_993,"That performance from France was class class from start to finish, 12 points and never looked back 🏆 @MaulZoneFC",258,70,en,France;RoundFive,MaulZoneFC,,4657,Dublin,False,Positive
900000000000001236,Sat Feb 21 20:21:54 +0000 2026,rugbyfan_676,"RT @RugbyRoundupHQ: Absolute unit of a performance from the France pack today, dominating the breakdown 🎉 class act https://example.com/rugby-report",311,219,en,rugby;RugbyUnion,,https://example.com/rugby-report,141,,True,Positive
900000000000001237,Sun Feb 22 02:27:24 +0000 2026,wingwizard_885,"So disappointed watching France today, Italy deserved that win comfortably 😡",51,133,en,ITAvWAL,,,1103,Edinburgh,False,Negative
900000000000001238,Thu Feb 12 11:33:16 +0000 2026,rugbyfanofficial_8,Pundits are split on whether Ireland or Wales will control possession today. #Wales #SixNations #ENGvFRA,146,79,en,Wales;SixNations;ENGvFRA,,,2253,Leeds,False,Neutral
900000000000001239,Sat Mar 07 14:12:43 +0000 2026,ovalball_611,"England 1 - 0 doubters. What a win against France, championship dream still alive 🙌 #England #SixNations @MaulZoneFC @TryLineTalk",162,345,it,England;SixNations,MaulZoneFC;TryLineTalk,,11148,,False,Positive
900000000000001240,Tue Mar 10 23:43:48 +0000 2026,ovalball__246,What's the team news for Scotland vs Wales this weekend? Anyone seen the lineup? #rugby #MatchDay,270,65,en,rugby;MatchDay,,,6032,,False,Positive
900000000000001241,Sat Feb 14 21:04:13 +0000 2026,rugbyfan_315,Weather looks dry for the Wales vs Italy match at Murrayfield today. https://example.org/match-highlights,61,281,en,Italy;IREvFRA,,https://example.org/match-highlights,146570,Paris,False,Neutral
900000000000001242,Tue Feb 10 06:46:40 +0000 2026,offload__ie_583,"Full time: Ireland 17 - 36 France. What a match, Ireland deserved every point 🙌 #France #rugby #IREvENG",110,294,en,France;rugby;IREvENG,,,5671,Nice,False,Negative
900000000000001243,Sat Feb 28 22:59:33 +0000 2026,penaltykicker__824,"Huge win for Italy at Stadio Olimpico, the crowd was absolutely electric 💪 #SCOvIRE #RugbyFamily",211,394,en,SCOvIRE;RugbyFamily,,,1066,Paris,False,Positive
900000000000001244,Wed Mar 11 00:57:06 +0000 2026,touchline_talk_558,"RT @SixNationsChat: Absolute unit of a performance from the Ireland pack today, dominating the breakdown 😍 @RugbyRoundupHQ",583,200,en,Ireland;SixNations;Championship,RugbyRoundupHQ,,12046,Swansea,True,Positive
900000000000001245,Mon Feb 09 04:47:58 +0000 2026,trylinehero_ie_333,RT @SixNationsChat: My prediction: Scotland 35 - 20 Italy. Should be a cracking match #Scotland #IREvENG,15,248,en,Scotland;IREvENG,,,4743,Limerick,True,Neutral
900000000000001246,Wed Mar 11 08:31:19 +0000 2026,conversion__426,"Ireland fans after that missed kick: it's fine, everything's fine 🏆 #France #TeamOfUs #PitchsideView",96,549,und,France;TeamOfUs;PitchsideView,,,5796,Newcastle,False,Positive
900000000000001247,Fri Feb 06 18:55:52 +0000 2026,flyhalf_official_471,Ticket prices for the Italy vs Wales fixture at Twickenham released today. #SixNations #MatchDay,133,27,en,SixNations;MatchDay,,,144,Glasgow,False,Neutral
900000000000001248,Wed Mar 04 18:29:58 +0000 2026,the_terrace_451,"RT @SixNationsChat: Best Ireland performance in years, that co-ordinated attack ripped Scotland apart 🎉 #Ireland #Rugby @TryLineTalk https://example.com/stats/tries",471,570,en,Ireland;Rugby,TryLineTalk,https://example.com/stats/tries,1500,Cork,True,Positive
900000000000001249,Sun Feb 15 00:17:11 +0000 2026,trylinehero_467,"RT @TryLineTalk: Scotland defence today: come on in, the door's open lol 🎉 #MatchDay #RugbyUnion",71,437,en,MatchDay;RugbyUnion,RuckReportUK,,299,Rome,True,Positive
900000000000001250,Sat Feb 28 18:52:12 +0000 2026,flyhalf__uk_491,"Best Scotland performance in years, that co-ordinated attack ripped Ireland apart 😍 #MatchDay #ENGvFRA https://example.com/stats/tries",240,255,en,MatchDay;ENGvFRA,,https://example.com/stats/tries,8534,Leeds,False,Positive
900000000000001251,Tue Feb 10 15:06:32 +0000 2026,rucknroll_364,"Coach Lemoine needs to explain this Italy performance, nowhere near good enough vs Scotland 😤 #Italy #Championship",139,80,en,Italy;Championship,,,5583,Dublin,False,Negative
900000000000001252,Thu Mar 12 05:59:47 +0000 2026,wingwizard_522,Devine starts at fly-half for Ireland this weekend against against Scotland.,27,232,en,Ireland;Scotland;SixNations,,,1474,Rome,False,Neutral
900000000000001253,Thu Mar 12 05:58:36 +0000 2026,penaltykickerofficial_816,Why does England keep giving away penalties in their own half against Scotland?? #England #rugby,135,307,en,England;rugby,,,6491,,False,Negative
900000000000001254,Mon Feb 09 13:34:13 +0000 2026,the_terrace1991_189,RT @SixNationsChat: Rossi with a MASSIVE try in the corner!! Ireland fans are buzzing right now 🔥 not gonna lie #SCOvIRE,159,457,en,SCOvIRE,,,12003,Rome,True,Positive
900000000000001255,Tue Mar 10 08:30:40 +0000 2026,offload__ie_781,Reminder: Ireland take on Italy this weekend in round five of the championship. #Ireland #Italy #Rugby #rugby,108,25,en,Ireland;Italy;Rugby;rugby,MaulZoneFC,,10748,Edinburgh,False,Neutral
900000000000001256,Wed Feb 18 00:14:42 +0000 2026,rucknroll__774,"Congratulations to Wales on a brilliant win over Scotland, the defence was rock solid all match 😍 not gonna lie #Scotland #ITAvWAL https://example.com/stats/tries",335,654,en,Scotland;ITAvWAL,MaulZoneFC,https://example.com/stats/tries,4440,Edinburgh,False,Positive
900000000000001257,Mon Mar 09 10:37:43 +0000 2026,penaltykicker_123,"The France defence has been immense this championship, barely conceding a try 😍 #France #Scotland",234,313,en,France;Scotland,,,136457,Dublin,False,Positive
900000000000001258,Tue Mar 03 13:14:09 +0000 2026,propforce_ie_144,"Wales defence today: come on in, the door's open lol 🔥 not gonna lie #SixNations https://sixnations.example.net/live",203,896,en,SixNations,,https://sixnations.example.net/live,3837,Paris,False,Positive
900000000000001259,Mon Feb 23 04:16:10 +0000 2026,touchline_talk__777,"RT @TryLineTalk: Not the Scotland performance we needed, way too many mistakes in attack 😡 https://example.com/rugby-report",96,7,en,Scotland;Ireland;MatchDay;IREvENG;GrandSlamWatch,,https://example.com/rugby-report,6062,Limerick,True,Negative
900000000000001260,Sat Mar 07 12:51:00 +0000 2026,lineoutlegend_661,"RT @PitchsideNews: Devastating result for Ireland fans, that final try from England in the last minute hurt 😡 #rugby",243,57,en,rugby,MaulZoneFC,,703,Nice,True,Negative
900000000000001261,Thu Mar 12 14:57:32 +0000 2026,rucknrollofficial_641,"Hard to see past Scotland winning this one, France defence has been shaky #Scotland #RugbyUnion",168,77,en,Scotland;RugbyUnion,,,6504,Toulouse,False,Neutral
900000000000001262,Fri Feb 27 09:02:34 +0000 2026,trylinehero4_99,RT @SixNationsChat: Kickoff between Ireland and Italy at Twickenham in 30 minutes. #Ireland @MaulZoneFC,47,155,en,Ireland,MaulZoneFC,,5089,Nice,True,Neutral
900000000000001263,Wed Feb 11 02:15:12 +0000 2026,penaltykicker386_432,"What a game!! France absolutely dominated Italy tonight, that attack was unreal 🏆 #France #SixNations",202,586,fr,France;SixNations,,,7034,Newcastle,False,Positive
900000000000001264,Sun Feb 08 16:12:28 +0000 2026,kickoffking468_264,"France lost the plot in the second half, Scotland punished every single error 😡 #France #Scotland #PitchsideView",125,147,en,France;Scotland;PitchsideView,,,2813,Leeds,False,Negative
900000000000001265,Thu Mar 05 01:59:57 +0000 2026,mauling_it208_900,"Huge win for England at Principality Stadium, the crowd was absolutely electric 🏉 #England #Ireland #SixNations #SCOvIRE",218,157,en,England;Ireland;SixNations;SCOvIRE,,,7963,,False,Positive
900000000000001266,Mon Mar 09 14:06:53 +0000 2026,trylinehero_ie_665,"Best Wales performance in years, that co-ordinated attack ripped Italy apart 🏉 #SixNations #TryTime @SixNationsChat",308,170,en,SixNations;TryTime,SixNationsChat,,4857,,False,Positive
900000000000001267,Thu Mar 05 23:25:19 +0000 2026,offload_official_927,"So disappointed watching Scotland today, Italy deserved that win comfortably 😩 #Scotland #TeamOfUs #ITAvWAL @SixNationsChat https://sixnations.example.net/live",22,105,en,Scotland;TeamOfUs;ITAvWAL,SixNationsChat,https://sixnations.example.net/live,3857,Toulouse,False,Negative
900000000000001268,Sun Feb 22 00:10:32 +0000 2026,mauling_it_89,"Devastating result for France fans, that final try from England in the last minute hurt 😤 #France #England",24,75,en,France;England,,,4094,Manchester,False,Negative
900000000000001269,Thu Feb 26 07:16:41 +0000 2026,rucknroll__617,Full time stats: Italy had 14 points from set pieces against Wales. #Italy #Wales @PitchsideNews,164,190,en,Italy;Wales,PitchsideNews,,1557,Belfast,False,Neutral
900000000000001270,Sun Feb 22 13:29:37 +0000 2026,trylinehero2009_11,"That performance from Scotland was class from start to finish, 12 points and never looked back 🏆 class act #SixNations",84,554,en,SixNations,,,8231,Cork,False,Positive
900000000000001271,Thu Feb 26 10:12:05 +0000 2026,trylinehero1989_493,RT @SixNationsChat: Ticket prices for the France vs Ireland fixture at Principality Stadium released today. #France #SixNations https://example.com/stats/tries,14,184,en,France;SixNations,,https://example.com/stats/tries,7006,Rome,True,Neutral
900000000000001272,Thu Feb 26 05:35:23 +0000 2026,offload__ie_551,"ABSOLUTELY GUTTED FOR FRANCE, THAT DEFENCE COMPLETELY FELL APART AGAINST IRELAND TODAY 😩 #rugby #ITAvWAL",309,54,und,rugby;ITAvWAL,,,429,Cork,False,Negative
900000000000001273,Thu Feb 26 11:12:44 +0000 2026,scrumtime_fr_732,"If Ireland sort out their lineout, they beat Scotland comfortably this weekend #Rugby",135,477,en,Rugby,ScrumCastPod,,3166,,False,Neutral
900000000000001274,Sat Mar 07 12:17:07 +0000 2026,conversion_310_982,"RT @TryLineTalk: Coach Bianchi needs to explain this Wales performance, nowhere near good enough vs France 💔 #France",114,22,en,France,,,4632,Rome,True,Negative
900000000000001275,Sat Feb 14 21:00:11 +0000 2026,fullback_fan2008_942,Full time stats: Scotland had 12 points from set pieces against England. class #SixNations,58,306,en,SixNations,,,3727,Edinburgh,False,Neutral
900000000000001276,Sat Mar 07 12:35:18 +0000 2026,fullback_fan_166,RT @TryLineTalk: Duffy starts at fly-half for Ireland this weekend against Scotland. unreal #Ireland #rugby #FRAvITA,104,99,en,Ireland;rugby;FRAvITA,,,2791,,True,Neutral
900000000000001277,Sun Feb 15 10:56:07 +0000 2026,fullback_fan__802,RT @PitchsideNews: Gallagher running faster from the ref than from England's defence 💪 @RuckReportUK,60,391,en,Wales,RuckReportUK,,14976,Manchester,True,Positive
900000000000001278,Wed Feb 18 22:19:48 +0000 2026,penaltykickerofficial_314,"Absolute unit of a performance from the England pack today, dominating the breakdown 🏆 #England #France https://example.net/highlights-reel",120,289,en,England;France,,https://example.net/highlights-reel,3078,Glasgow,False,Positive
900000000000001279,Sat Mar 07 16:34:16 +0000 2026,penaltykicker_ie_411,"RT @SixNationsChat: Hard Hard to see past Italy winning this one, England defence has been shaky",204,72,und,England;TeamOfUs;IREvENG,,,3595,Cork,True,Neutral
900000000000001280,Sun Feb 08 13:13:17 +0000 2026,flyhalf__fr_217,Is it just me or has Wales attack been really flat this championship? #Wales #rugby #ENGvWAL,88,168,en,Wales;rugby;ENGvWAL,,,10397,Dublin,False,Neutral
900000000000001281,Mon Mar 09 07:44:01 +0000 2026,rugbyfan_872,Wales announce squad for upcoming Ireland fixture at Stadio Olimpico.,130,15,en,SixNations;ENGvFRA,,,10895,Bristol,False,Neutral
900000000000001282,Sat Mar 07 12:12:26 +0000 2026,match_watcher_ie_765,"Full time: Scotland 25 - 24 Ireland. What a match, Scotland deserved every point 🙌 #Scotland #SixNations",135,389,en,Scotland;SixNations,OvalBallDaily,,7957,Glasgow,False,Positive
900000000000001283,Thu Mar 12 17:35:23 +0000 2026,conversion__uk_807,Report: Coach Kavanagh set to extend contract with France after strong championship run. #rugby #SixNations #ENGvFRA https://rugbynews.example.org/recap,133,98,en,rugby;SixNations;ENGvFRA,,https://rugbynews.example.org/recap,1211,Manchester,False,Neutral
900000000000001284,Sun Mar 08 19:45:44 +0000 2026,fullback_fanofficial_562,Scotland confirm ticket sales for Wales clash open this Friday. #Scotland #Wales #SixNations,9,156,en,Scotland;Wales;SixNations,,,5663,Rome,False,Neutral
900000000000001285,Sat Mar 07 21:45:44 +0000 2026,touchline_talk_fr_929,"Best Wales performance in years, that co-ordinated attack ripped England apart 🎉 @TryLineTalk",162,269,fr,England;SixNations,TryLineTalk,,6610,Toulouse,False,Positive
900000000000001286,Sun Feb 08 13:04:37 +0000 2026,offload__ie_53,"RT @RugbyRoundupHQ: COACH HARRINGTON HAS TURNED THIS FRANCE TEAM AROUND COMPLETELY, BRILLIANT TACTICS AGAINST IRELAND 🎉 #France #Ireland #SixNations",354,463,en,France;Ireland;SixNations,,,357,,True,Positive
900000000000001287,Mon Feb 16 20:05:26 +0000 2026,rucknroll2004_673,Lecomte with a MASSIVE try in the corner!! Italy fans are buzzing right now 🏆 #Italy #rugby #ENGvWAL,497,198,en,Italy;rugby;ENGvWAL,,,10539,,False,Positive
900000000000001288,Sun Mar 01 23:00:29 +0000 2026,mauling_it_ie_193,RT @TryLineTalk: TICKET PRICES FOR FOR THE SCOTLAND VS IRELAND FIXTURE AT STADIO OLIMPICO RELEASED TODAY. #Ireland #rugby #SixNations #IREvFRA @ScrumCastPod,210,151,en,Ireland;rugby;SixNations;IREvFRA,ScrumCastPod,,7921,London,True,Neutral
900000000000001289,Sat Feb 21 11:21:14 +0000 2026,offload__fr_969,"Full time: France 13 - 23 Ireland. Rough night for France, defence was shocking 🙄",134,102,en,,,,4161,Cardiff,False,Negative
900000000000001290,Fri Mar 06 02:11:36 +0000 2026,kickoffking_588,"So proud of this Scotland team, that final try in the last minute was everything 🏆 #rugby #Rugby #ENGvFRA #FinalWhistle",83,146,en,rugby;Rugby;ENGvFRA;FinalWhistle,,,2447,Limerick,False,Positive
900000000000001291,Fri Feb 20 05:59:51 +0000 2026,trylinehero_fr_756,"RT @RugbyRoundupHQ: BEST FRANCE PERFORMANCE IN YEARS, THAT CO-ORDINATED ATTACK RIPPED IRELAND APART 🙌 #France",282,247,en,France,,,1160,Toulouse,True,Positive
900000000000001292,Fri Feb 20 15:11:15 +0000 2026,mauling_it_uk_852,Pundits are split on whether whether Wales or Ireland will control possession today. #Wales #MatchDay @SixNationsChat,134,89,en,Wales;MatchDay,SixNationsChat,,2891,Dublin,False,Neutral
900000000000001293,Tue Mar 10 06:22:17 +0000 2026,flyhalf__307,"That performance from France was class from start to finish, 10 points and never looked back 💪 @SixNationsChat https://example.net/highlights-reel",361,448,en,France;SixNations;MatchDay;IREvENG,SixNationsChat,https://example.net/highlights-reel,14445,Bristol,False,Positive
900000000000001294,Fri Feb 27 21:02:06 +0000 2026,propforce_fr_473,Half time score: France 8 - 10 England. Tight game so far. https://rugbynews.example.org/recap,142,237,en,France,,https://rugbynews.example.org/recap,2508,Paris,False,Neutral
900000000000001295,Wed Feb 25 17:15:18 +0000 2026,mauling_it_ie_80,"The England defence has been immense this championship, barely conceding a try 🏉 #England #MatchDay #ITAvWAL",30,833,en,England;MatchDay;ITAvWAL,,,36,Bristol,False,Positive
900000000000001296,Tue Feb 10 13:42:36 +0000 2026,conversion__ie_8,"So proud of this Wales team, that final try in the last minute was everything 🏆 #Wales https://example.com/rugby-report",451,407,en,Wales,,https://example.com/rugby-report,14959,Nice,False,Positive
900000000000001297,Sun Mar 08 12:31:23 +0000 2026,match_watcher2016_864,RT @TryLineTalk: France announce squad for upcoming Ireland fixture at Aviva Stadium. #France #Ireland #ENGvFRA @RuckReportUK,194,95,en,France;Ireland;ENGvFRA,RuckReportUK,,3748,Paris,True,Neutral
900000000000001298,Tue Feb 10 06:29:52 +0000 2026,lineoutlegend_402,RT @RugbyRoundupHQ: Kickoff between Scotland and France at Murrayfield in 30 minutes. #Scotland #France #rugby #SixNations #PitchsideView @TryLineTalk,84,157,en,Scotland;France;rugby;SixNations;PitchsideView,TryLineTalk,,2297,Nice,True,Neutral
900000000000001299,Thu Feb 19 13:36:19 +0000 2026,grandslamgal_fr_202,"Absolutely gutted for Ireland, that defence completely fell apart against Wales today 😩 #Ireland",132,135,en,Ireland,,,20511,Bristol,False,Negative
900000000000001300,Sat Mar 14 00:24:57 +0000 2026,wingwizard_156,"RT @SixNationsChat: Full time: Wales 38 - 28 Ireland. What a match, Wales deserved every point 🙌",344,576,en,,,,7184,London,True,Positive
900000000000001301,Fri Feb 20 21:59:45 +0000 2026,mauling_itofficial_666,"RT @SixNationsChat: Huge win for Scotland at Principality Stadium, the crowd was absolutely electric 🏆 #Scotland #SixNations #ITAvWAL",22,754,en,Scotland;SixNations;ITAvWAL,,,5185,Swansea,True,Positive
900000000000001302,Mon Feb 16 21:17:52 +0000 2026,mauling_it__44,Why does Scotland keep giving away penalties in their own half against France?? #SixNations,274,493,und,SixNations,,,5144,London,False,Neutral
900000000000001303,Thu Feb 26 09:18:51 +0000 2026,flyhalf_2003_344,"Best Ireland performance in years, that co-ordinated attack ripped Wales apart 🏉 #Ireland #rugby",144,532,en,Ireland;rugby,,,1857,Milan,False,Positive
900000000000001304,Mon Mar 02 08:38:54 +0000 2026,offload_590_423,"Can't believe France let that lead slip against Ireland, so much for the championship dream 😡 #Ireland #ITAvWAL #GrandSlamWatch",113,374,en,Ireland;ITAvWAL;GrandSlamWatch,,,6709,Nice,False,Negative
900000000000001305,Tue Feb 10 00:08:43 +0000 2026,grandslamgalofficial_581,Weather looks dry for the Scotland vs Wales match at Aviva Stadium today. #SixNations (thoughts?),45,67,en,SixNations,,,7624,Glasgow,False,Neutral
900000000000001306,Fri Mar 13 04:09:43 +0000 2026,trylinehero_ie_417,RT @TryLineTalk: Full time stats: Italy had 7 points from set pieces against Wales. #Italy #SixNations,93,166,en,Italy;SixNations,,,6207,Manchester,True,Neutral
900000000000001307,Wed Mar 11 18:24:05 +0000 2026,propforce_uk_191,Half time score: Italy 14 - 36 Ireland. Tight game so far. #Italy #rugby #ITAvWAL,144,61,en,Italy;rugby;ITAvWAL,SixNationsChat,,8050,Newcastle,False,Neutral
900000000000001308,Sun Mar 01 04:52:12 +0000 2026,mauling_it_uk_715,"Wales defence today: come on in, the door's open lol 🔥 #Wales #ENGvFRA",248,468,und,Wales;ENGvFRA,,,579,Edinburgh,False,Positive
900000000000001309,Sat Feb 21 03:07:37 +0000 2026,rugbyfan__253,"RT @TryLineTalk: Terrible decision from the referee there, cost Italy the match against Ireland honestly 😢 #Italy #TeamOfUs #Championship #IREvENG",186,280,en,Italy;TeamOfUs;Championship;IREvENG,,,3209,Manchester,True,Negative
900000000000001310,Tue Mar 03 12:35:10 +0000 2026,kickoffking_ie_303,Half time score: England 12 - 24 Italy. Tight game so far. @TryLineTalk,26,178,en,England,TryLineTalk,,3027,Leeds,False,Neutral
900000000000001311,Mon Feb 09 15:16:12 +0000 2026,ovalball__230,Ticket prices for the Ireland vs Italy fixture at Stade de France released today. #Ireland #ENGvFRA,124,267,en,Ireland;ENGvFRA,OvalBallDaily,,8683,Cardiff,False,Neutral
900000000000001312,Sun Feb 08 13:24:21 +0000 2026,offload__367,"Wales lost the plot in the second half, England punished every single error 💔 #Wales #England #SixNations https://example.com/stats/tries",65,84,und,Wales;England;SixNations,,https://example.com/stats/tries,5321,Nice,False,Negative
900000000000001313,Thu Feb 19 22:52:55 +0000 2026,ovalball_937,"Hard to see past Ireland winning this one, Italy defence has been shaky #IREvENG",40,113,en,IREvENG,,,9772,Cork,False,Neutral
900000000000001314,Mon Mar 02 20:23:05 +0000 2026,propforce_ie_993,"Coach Delaney has turned this Wales team around completely, brilliant tactics against Scotland 🙌 @MaulZoneFC",322,402,en,Scotland,MaulZoneFC,,2271,Paris,False,Positive
900000000000001315,Wed Mar 04 14:29:54 +0000 2026,the_terrace713_151,"The England defence has been immense this championship, barely conceding a try 🎉 #England #Wales #MatchDay #PitchsideView",296,314,en,England;Wales;MatchDay;PitchsideView,,,2346,Glasgow,False,Positive
900000000000001316,Fri Feb 13 18:49:02 +0000 2026,scrumtime_730,Half time score: Ireland 41 - 7 England. Tight game so far. not gonna lie #Ireland #Championship,90,315,en,Ireland;Championship,,,7602,,False,Neutral
900000000000001317,Wed Feb 11 03:38:04 +0000 2026,grandslamgal_904,"RT @PitchsideNews: Huge win for Ireland at Murrayfield, the crowd was absolutely electric 💪 #RugbyUnion @TryLineTalk",467,650,en,RugbyUnion,TryLineTalk,,4537,London,True,Positive
900000000000001318,Fri Feb 27 21:30:07 +0000 2026,conversion__ie_83,"RT @RugbyRoundupHQ: WHAT A GAME!! WALES ABSOLUTELY DOMINATED SCOTLAND TONIGHT, THAT ATTACK WAS UNREAL 👏 unreal #Wales #SixNations #IREvENG #RoundFive",97,500,en,Wales;SixNations;IREvENG;RoundFive,,,2460,Bristol,True,Positive
900000000000001319,Wed Feb 25 04:29:09 +0000 2026,mauling_it_883,RT @SixNationsChat: What's the team news for France vs Ireland this weekend? weekend? Anyone seen the lineup? #Championship,88,160,en,Championship,,,4136,,True,Neutral
900000000000001320,Tue Mar 10 00:07:11 +0000 2026,trylinehero_uk_237,RT @PitchsideNews: Reminder: Scotland take on Ireland this weekend in round five of the championship. #Scotland #Championship,79,150,en,Scotland;Championship,,,3776,Nice,True,Neutral
900000000000001321,Sun Feb 15 12:30:39 +0000 2026,the_terrace__672,"Absolute unit of a performance from the France pack today, dominating the breakdown 🏆 #France #Wales #Championship #IREvENG",200,432,en,France;Wales;Championship;IREvENG,,,12490,Milan,False,Positive
900000000000001322,Mon Mar 09 02:30:33 +0000 2026,sidestep2006_956,"RT @RugbyRoundupHQ: Can't believe Italy let that lead slip against England, so much for the championship dream 😡 so gutted #Italy #ITAvWAL",77,198,it,Italy;ITAvWAL,,,8411,Glasgow,True,Negative
900000000000001323,Sun Feb 15 10:19:50 +0000 2026,the_terrace_ie_334,"Predicting a tight one between Ireland and Wales, could go either way tbh big mood #Ireland #Wales #Championship #SixNations",145,284,en,Ireland;Wales;Championship;SixNations,,,1536,London,False,Neutral
900000000000001324,Mon Mar 09 06:40:54 +0000 2026,sidestep_453,Is it just me or has Wales attack been really flat this championship? #Ireland #rugby #SixNations #IREvENG,96,7,en,Ireland;rugby;SixNations;IREvENG,,,1945,Leeds,False,Positive
900000000000001325,Sun Feb 15 10:07:16 +0000 2026,mauling_it_fr_963,"Whitmore missed another kick, Wales really struggling for points tonight 🙄 #England #FinalWhistle",19,18,en,England;FinalWhistle,,,3477,Milan,False,Negative
900000000000001326,Thu Mar 12 23:05:14 +0000 2026,propforceofficial_920,"Congratulations to France on a brilliant win over England, the defence was rock solid all match 👏 #England #rugby https://rugbynews.example.org/recap",339,427,en,England;rugby,,https://rugbynews.example.org/recap,10140,Dublin,False,Positive
900000000000001327,Tue Mar 10 09:03:15 +0000 2026,the_terrace_375,"RT @PitchsideNews: Absolutely gutted for England, that defence completely fell apart against Ireland today 😩 #England #Ireland #SCOvIRE https://rugbynews.example.org/recap",0,135,en,England;Ireland;SCOvIRE,,https://rugbynews.example.org/recap,3913,Belfast,True,Negative
900000000000001328,Tue Feb 10 12:39:58 +0000 2026,touchline_talkofficial_470,Why does Wales keep giving away penalties in their own half against Ireland?? #SixNations #ITAvWAL @SixNationsChat,59,488,en,SixNations;ITAvWAL,SixNationsChat,,2517,Cardiff,False,Neutral
900000000000001329,Fri Feb 20 11:53:02 +0000 2026,propforceofficial_54,RT @TryLineTalk: Me pretending I understand the offside rule while watching England vs Wales 🏆 #England #Wales #rugby https://example.net/highlights-reel,56,379,en,England;Wales;rugby,,https://example.net/highlights-reel,1222,Manchester,True,Positive
900000000000001330,Sat Feb 07 07:07:10 +0000 2026,lineoutlegend636_304,"Absolutely gutted for England, that defence completely fell apart against Ireland today 😩 #England #rugby",35,134,en,England;rugby,,,4572,London,False,Negative
900000000000001331,Sun Feb 15 21:04:13 +0000 2026,trylinehero_386,"Huge win for Ireland at Twickenham, the crowd was absolutely electric 🙌 #Ireland #SixNations",255,396,en,Ireland;SixNations,TryLineTalk,,1160,Glasgow,False,Positive
900000000000001332,Wed Mar 11 14:34:15 +0000 2026,sidestep_ie_972,"Hard to see past Wales winning this one, Scotland defence has been shaky #Scotland #rugby #GrandSlamWatch",247,160,en,Scotland;rugby;GrandSlamWatch,,,2277,Bristol,False,Neutral
900000000000001333,Thu Feb 19 14:36:47 +0000 2026,trylinehero512_901,"Full time: Wales 16 - 11 Ireland. Rough night for Wales, defence was shocking 😩 #Wales #rugby #RugbyFamily",13,98,en,Wales;rugby;RugbyFamily,RugbyRoundupHQ,,2348,,False,Negative
900000000000001334,Wed Feb 25 11:58:59 +0000 2026,fullback_fan__306,"Absolute unit of a performance from the France pack today, dominating the breakdown 🏆 #France #Rugby #rugby https://example.net/highlights-reel",414,482,und,France;Rugby;rugby,,https://example.net/highlights-reel,7598,Cardiff,False,Positive
900000000000001335,Tue Feb 17 12:55:57 +0000 2026,kickoffking_uk_141,"Best Wales performance in years, that co-ordinated attack ripped France apart 🔥 not gonna lie #France",347,410,en,France,OvalBallDaily,,4982,Edinburgh,False,Positive
900000000000001336,Sat Feb 07 23:20:17 +0000 2026,lineoutlegend_fr_309,"The England defence has been immense this championship, barely conceding a try 🔥 #Ireland #rugby #ITAvWAL",231,517,en,Ireland;rugby;ITAvWAL,,,6221,,False,Positive
900000000000001337,Fri Feb 13 02:59:23 +0000 2026,sidestep_ie_539,Pundits are split on whether Scotland or Ireland will control possession today. absolute unit #rugby #SixNations #ITAvWAL,46,321,en,rugby;SixNations;ITAvWAL,,,14923,Limerick,False,Positive
900000000000001338,Wed Feb 25 22:22:23 +0000 2026,penaltykicker_646,"Huge win for England at Stade de France, the crowd was absolutely electric 👏",160,290,en,SixNations,,,5200,Leeds,False,Positive
900000000000001339,Mon Mar 02 15:29:33 +0000 2026,the_terrace_337,"Absolute unit of a performance from the England pack today, dominating the breakdown 😍 #Rugby",365,465,en,Rugby,,,7539,Leeds,False,Positive
900000000000001340,Wed Feb 25 20:14:26 +0000 2026,trylinehero352_794,"Absolute unit of a performance from the France pack today, dominating the breakdown 🙌 https://sixnations.example.net/live",301,586,en,France,,https://sixnations.example.net/live,1387,Dublin,False,Positive
900000000000001341,Wed Feb 25 09:55:28 +0000 2026,propforce_726,"RT @PitchsideNews: Terrible decision from the referee there, cost France the match against Scotland honestly 😢 #France https://example.net/highlights-reel",255,211,en,France,,https://example.net/highlights-reel,1869,,True,Negative
900000000000001342,Mon Mar 02 18:38:53 +0000 2026,rucknroll2009_61,"If England sort out their lineout, they beat Wales comfortably this weekend #England #Wales",82,76,en,England;Wales,,,1365,Cork,False,Positive
900000000000001343,Sat Mar 07 12:32:28 +0000 2026,kickoffking_uk_540,Ticket prices for the Wales vs England fixture at Murrayfield released today. #Wales #England @MaulZoneFC,161,328,en,Wales;England,MaulZoneFC,,768,,False,Neutral
900000000000001344,Mon Mar 09 11:32:45 +0000 2026,ovalball547_258,Official: kickoff kickoff time confirmed for Scotland vs England at Principality Stadium. not gonna lie #Scotland #England #SixNations #rugby,258,339,en,Scotland;England;SixNations;rugby,,,8375,Edinburgh,False,Neutral
900000000000001345,Wed Mar 04 01:16:54 +0000 2026,the_terrace__884,"Huge win for England at Stadio Olimpico, the crowd was absolutely electric 👏 #England #Rugby @SixNationsChat",188,382,en,England;Rugby,SixNationsChat,,5272,Milan,False,Positive
900000000000001346,Tue Feb 10 21:41:18 +0000 2026,the_terrace_fr_427,Team news: Coach Delaney makes three changes for Ireland ahead of the Scotland match. #Ireland,118,167,en,Ireland,ScrumCastPod,,2012,Milan,False,Neutral
900000000000001347,Fri Feb 13 02:16:29 +0000 2026,rucknroll__880,"Coach Bianchi needs to explain this Ireland performance, nowhere near good enough vs France 😩 https://example.net/highlights-reel",191,100,en,Ireland;SixNations,,https://example.net/highlights-reel,190,Nice,False,Negative
900000000000001348,Fri Feb 13 14:50:50 +0000 2026,kickoffking_738,"Full time: France 36 - 8 Italy. Rough night for France, defence was shocking 🙄 #Italy #Rugby",336,174,en,Italy;Rugby,,,1080,Swansea,False,Negative
900000000000001349,Thu Feb 12 00:34:58 +0000 2026,penaltykicker_uk_575,"Scotland lost the plot in the second half, England punished every single error 💔 #Scotland #England #MatchDay",71,110,en,Scotland;England;MatchDay,,,2035,Rome,False,Negative
900000000000001350,Wed Mar 11 23:10:29 +0000 2026,propforce_ie_728,Me pretending I understand the offside rule while watching France vs Ireland 🙌 #France #ITAvWAL https://rugbynews.example.org/recap,527,398,en,France;ITAvWAL,,https://rugbynews.example.org/recap,10751,Manchester,False,Positive
900000000000001351,Sat Feb 21 05:28:50 +0000 2026,match_watcher473_261,Devine running faster from the ref than from England's defence 😍 shocking tbh #Ireland,39,816,en,Ireland,,,7958,Cork,False,Positive
900000000000001352,Tue Feb 10 05:32:25 +0000 2026,kickoffking379_90,"Best France performance performance in years, that co-ordinated attack ripped England apart 🎉 class act",209,328,en,France;RugbyUnion;WALvSCO,,,1644,Cardiff,False,Positive
900000000000001353,Sun Feb 22 09:22:16 +0000 2026,flyhalf__ie_618,Reminder: Ireland take on Wales this weekend in round five of the championship.,128,104,en,Ireland;Wales;MatchDay,,,1641,Cardiff,False,Neutral
900000000000001354,Sat Feb 28 09:54:41 +0000 2026,fullback_fan1997_239,"Ireland defence today: come on in, the door's open lol 😍 #SixNations #Rugby https://rugbynews.example.org/recap",82,580,en,SixNations;Rugby,,https://rugbynews.example.org/recap,4021,,False,Positive
900000000000001355,Thu Mar 12 08:43:19 +0000 2026,rucknroll_ie_370,"Absolutely gutted for England, that defence completely fell apart against France today 😩 #England",20,18,en,England,,,79,Newcastle,False,Negative
900000000000001356,Thu Mar 05 04:53:42 +0000 2026,ovalballofficial_290,"Can't believe Ireland let that lead slip against Italy, so much for the championship dream 😩 #rugby #TeamOfUs @OvalBallDaily",99,423,en,rugby;TeamOfUs,OvalBallDaily,,5851,Manchester,False,Negative
900000000000001357,Sat Feb 14 20:54:33 +0000 2026,trylinehero_uk_924,Report: Coach Kavanagh set to extend contract with Ireland after strong championship run. #Ireland #France https://example.org/match-highlights,34,370,en,Ireland;France,,https://example.org/match-highlights,1541,Cork,False,Neutral
900000000000001358,Tue Mar 03 22:54:53 +0000 2026,ovalball__89,"Coach Kavanagh has turned this Wales team around completely, brilliant tactics against England 🙌 #SixNations #ITAvWAL",218,31,en,SixNations;ITAvWAL,,,12599,Glasgow,False,Positive
900000000000001359,Mon Feb 16 19:23:20 +0000 2026,offload__uk_545,"RT @TryLineTalk: Devastating result for Italy fans, that final try from England in the last minute hurt 😡 #Italy #England #IREvENG",165,344,en,Italy;England;IREvENG,,,728,Edinburgh,True,Negative
900000000000001360,Sat Feb 21 03:22:42 +0000 2026,match_watcher_183,RT @SixNationsChat: Referee for England vs Ireland confirmed as part of the officiating panel this round. #Ireland #Rugby,181,590,en,Ireland;Rugby,SixNationsChat,,145,Dublin,True,Neutral
900000000000001361,Sat Mar 07 02:42:29 +0000 2026,conversion_1987_375,"Congratulations to Italy on a brilliant win over Scotland, the defence was rock solid all match 🙌 #Italy #Scotland #rugby #Rugby #SCOvIRE",283,347,und,Italy;Scotland;rugby;Rugby;SCOvIRE,,,1576,Bristol,False,Positive
900000000000001362,Thu Feb 12 15:16:06 +0000 2026,fullback_fan_ie_958,RT @RugbyRoundupHQ: Why does France keep giving away penalties in their own half against Ireland?? #France #Ireland #rugby,182,83,en,France;Ireland;rugby,,,6324,Toulouse,True,Positive
900000000000001363,Sun Mar 08 02:43:44 +0000 2026,lineoutlegendofficial_694,"Predicting a tight one between Ireland and Wales, could go either way tbh #Rugby #MatchDay #SixNations2026",162,128,en,Rugby;MatchDay;SixNations2026,,,5473,London,False,Neutral
900000000000001364,Tue Feb 10 17:50:29 +0000 2026,sidestep_12,"WALES FANS AFTER THAT MISSED KICK: IT'S FINE, EVERYTHING'S FINE 💪 buzzing #Ireland #rugby",294,671,en,Ireland;rugby,,,4039,Dublin,False,Positive
900000000000001365,Sun Feb 22 04:14:05 +0000 2026,the_terrace_34,"I reckon Ireland edge this by a a converted try over England, defence will be key #Ireland #England #SixNations #rugby #ENGvFRA #TryTime https://rugbynews.example.org/recap",67,160,en,Ireland;England;SixNations;rugby;ENGvFRA;TryTime,,https://rugbynews.example.org/recap,4480,London,False,Neutral
900000000000001366,Fri Mar 13 06:39:55 +0000 2026,offload___836,"Not the France performance we needed, way too many mistakes in attack 💔 #MatchDay #SixNations #ITAvWAL",4,101,en,MatchDay;SixNations;ITAvWAL,,,2943,Limerick,False,Negative
900000000000001367,Sun Feb 22 05:34:21 +0000 2026,offload___638,Duffy with a MASSIVE try in the corner!! France fans are buzzing right now 🏉 #France #SixNations #CrunchTime,271,741,en,France;SixNations;CrunchTime,,,2723,Glasgow,False,Positive
900000000000001368,Wed Feb 25 02:09:41 +0000 2026,conversion_official_52,"England fans after that missed kick: it's fine, everything's fine 🏉 #England #rugby #ITAvWAL @ScrumCastPod",85,283,en,England;rugby;ITAvWAL,ScrumCastPod,,3177,Toulouse,False,Positive
900000000000001369,Fri Mar 13 16:31:40 +0000 2026,kickoffkingofficial_628,Kickoff between Ireland and Wales at Stade de France in 30 minutes. #Ireland #Wales #SixNations,205,86,en,Ireland;Wales;SixNations,,,203,London,False,Positive
900000000000001370,Mon Feb 23 13:58:58 +0000 2026,conversion_official_84,"Best Ireland performance in years, that co-ordinated attack ripped Wales apart 🔥 #rugby https://sixnations.example.net/live",155,564,en,rugby,,https://sixnations.example.net/live,5680,Manchester,False,Positive
900000000000001371,Sun Feb 15 01:49:18 +0000 2026,match_watcher__148,"RT @SixNationsChat: Italy attack has gone missing this championship, no ideas at all against Ireland 🙄 #Italy #RugbyUnion",117,128,en,Italy;RugbyUnion,,,6400,Limerick,True,Negative
900000000000001372,Thu Feb 12 19:23:14 +0000 2026,rucknroll2015_270,"Ireland 1 - 0 doubters. What a win against England, championship dream still alive 🔥 #SixNations #ITAvWAL",188,515,en,SixNations;ITAvWAL,,,9051,,False,Positive
900000000000001373,Sat Feb 07 18:08:05 +0000 2026,touchline_talk_fr_759,RT @TryLineTalk: Official: kickoff time confirmed for England vs Scotland at Twickenham.,72,191,en,Scotland,,,126,Dublin,True,Positive
900000000000001374,Wed Feb 11 10:57:31 +0000 2026,propforce__377,"RT @TryLineTalk: The Scotland defence has been immense this championship, barely conceding a try 😍 #Scotland #SixNations #Championship #FRAvITA https://example.net/highlights-reel",462,479,en,Scotland;SixNations;Championship;FRAvITA,,https://example.net/highlights-reel,4950,Leeds,True,Positive
900000000000001375,Mon Feb 23 23:08:40 +0000 2026,mauling_it_fr_38,Pundits are split on whether France or Wales will control possession today. buzzing @TryLineTalk,26,96,en,Wales;MatchDay,TryLineTalk,,2618,Limerick,False,Neutral
900000000000001376,Sun Mar 01 15:40:54 +0000 2026,ovalball_uk_619,"Terrible decision from the referee there, cost Scotland the match against France honestly 😡",13,97,en,MatchDay,,,6685,,False,Negative
900000000000001377,Fri Mar 06 20:26:22 +0000 2026,grandslamgal2013_780,"Terrible decision from the referee there, cost England the match against Ireland honestly 😩 class #SixNations #ENGvFRA #TryTime",238,13,en,SixNations;ENGvFRA;TryTime,,,13687,Manchester,False,Negative
900000000000001378,Sun Feb 15 10:06:43 +0000 2026,match_watcher_272,My prediction: Ireland 38 - 35 Wales. Should be a cracking match #Rugby #SCOvIRE,12,80,und,Rugby;SCOvIRE,,,14723,Leeds,False,Neutral
900000000000001379,Wed Feb 11 20:14:03 +0000 2026,ovalball__889,RT @PitchsideNews: Full time stats: England had 12 points from set pieces against Italy. class act #England @MaulZoneFC,59,228,en,England,MaulZoneFC,,3269,Milan,True,Neutral
900000000000001380,Thu Feb 12 01:23:15 +0000 2026,offload_2009_519,"RT @TryLineTalk: Scotland fans after that missed kick: it's fine, everything's fine 🔥 https://rugbynews.example.org/recap",89,136,it,Scotland;rugby,OvalBallDaily,https://rugbynews.example.org/recap,6222,Nice,True,Positive
900000000000001381,Tue Mar 03 09:24:05 +0000 2026,match_watcher_uk_10,"Huge win for France at Murrayfield, the crowd was absolutely electric 🏆 buzzing https://example.com/rugby-report",133,432,en,France;RugbyFamily,,https://example.com/rugby-report,2426,Swansea,False,Positive
900000000000001382,Mon Feb 16 17:29:02 +0000 2026,penaltykicker307_93,"Ireland fans after that missed kick: it's fine, everything's fine 🎉 #England #Rugby https://sixnations.example.net/live",376,275,en,England;Rugby,,https://sixnations.example.net/live,11148,,False,Positive
900000000000001383,Thu Feb 19 12:08:42 +0000 2026,offload__228,"So proud of this France team, that final try in the last minute was everything 🙌 #France #SixNations #ENGvWAL",165,663,en,France;SixNations;ENGvWAL,,,10000,Milan,False,Positive
900000000000001384,Sat Mar 07 05:20:02 +0000 2026,mauling_it_uk_376,RT @SixNationsChat: Ticket prices for the Scotland vs Wales fixture at Stade de France released today. @PitchsideNews,197,51,en,,PitchsideNews,,8595,Cardiff,True,Neutral
900000000000001385,Sat Mar 07 15:48:35 +0000 2026,rugbyfan_ie_244,"RT @RugbyRoundupHQ: I reckon England edge this by a converted try over Ireland, defence will be key #SixNations",51,136,en,SixNations,,,1769,Milan,True,Neutral
900000000000001386,Thu Feb 12 05:40:22 +0000 2026,penaltykicker578_725,RT @SixNationsChat: Reilly running faster from the ref than from Wales's defence 😍 #France,240,372,en,France,,,2815,Limerick,True,Positive
900000000000001387,Mon Feb 16 13:43:00 +0000 2026,touchline_talk17_538,Weather looks looks dry for the England vs Scotland match at Principality Stadium today. class @SixNationsChat @OvalBallDaily,25,284,en,WALvSCO;RugbyFamily,SixNationsChat;OvalBallDaily,,6721,Cardiff,False,Neutral
900000000000001388,Mon Feb 09 23:14:21 +0000 2026,lineoutlegend_ie_847,"Coach Lemoine has turned this France team around completely, brilliant tactics against Ireland 😍 buzzing #Championship",236,281,en,Championship,,,5049,Paris,False,Positive
900000000000001389,Sat Mar 07 16:10:11 +0000 2026,touchline_talk_ie_613,RT @RugbyRoundupHQ: Report: Coach Delaney set to extend contract with Ireland after strong championship run. #Wales #Rugby,16,201,en,Wales;Rugby,,,12747,Belfast,True,Neutral
900000000000001390,Sun Feb 08 15:16:36 +0000 2026,trylinehero_516,Referee for France vs Ireland confirmed as part of the officiating panel this round. #France #Ireland,27,199,en,France;Ireland,SixNationsChat,,6143,London,False,Neutral
900000000000001391,Mon Feb 23 00:51:27 +0000 2026,trylineheroofficial_120,RT @SixNationsChat: England confirm ticket sales for Ireland clash open this Friday. #England #rugby #SixNations,2,34,en,England;rugby;SixNations,,,5644,Paris,True,Neutral
900000000000001392,Thu Mar 12 19:53:14 +0000 2026,the_terrace_ie_917,Scotland announce squad for upcoming Ireland fixture at Aviva Stadium. #Scotland #ITAvWAL,71,91,en,Scotland;ITAvWAL,,,3253,Cardiff,False,Neutral
900000000000001393,Mon Mar 02 08:46:18 +0000 2026,conversion__fr_195,"Ireland attack has gone missing this championship, no ideas at all against England 😩 #Rugby #IREvENG",67,41,en,Rugby;IREvENG,,,64,Glasgow,False,Negative
900000000000001394,Wed Feb 18 01:48:47 +0000 2026,propforce_uk_149,"So proud of this Ireland team, that final try in the last minute was everything 🔥 shocking tbh #France #rugby #MatchDay #FRAvITA @TryLineTalk",244,486,en,France;rugby;MatchDay;FRAvITA,TryLineTalk,,7246,Newcastle,False,Positive
900000000000001395,Tue Feb 17 14:50:58 +0000 2026,propforce_fr_524,"That performance from Ireland was class from start to finish, 14 points and never looked back 😍 #Ireland #England #RugbyUnion #WALvSCO",110,587,en,Ireland;England;RugbyUnion;WALvSCO,,,69,,False,Positive
900000000000001396,Sun Mar 01 02:04:22 +0000 2026,the_terrace_226,"So proud of this England team, that final try in the last last minute was everything 🙌",142,635,en,England;SixNations;ITAvWAL;SixNations2026,,,21069,Paris,False,Positive
900000000000001397,Wed Feb 18 06:53:55 +0000 2026,wingwizard_uk_610,Dubois starts at fly-half for England this weekend against Ireland. buzzing #England #MatchDay,60,439,en,England;MatchDay,,,10325,Manchester,False,Neutral
900000000000001398,Sun Feb 08 02:00:10 +0000 2026,grandslamgal_927,"Absolutely gutted for Wales, that defence completely fell apart against England today 😩 #Wales #England @SixNationsChat",79,75,en,Wales;England,SixNationsChat,,3807,Cardiff,False,Negative
900000000000001399,Sun Mar 08 22:08:38 +0000 2026,rucknroll_uk_434,RT @SixNationsChat: Half time score: Ireland 15 - 23 Wales. Tight game so far. #Ireland #Wales #TryTime,5,123,en,Ireland;Wales;TryTime,,,952,Glasgow,True,Neutral
900000000000001400,Sat Feb 21 02:32:12 +0000 2026,touchline_talk_814,"Predicting a tight one between Scotland and England, could go either way tbh #Scotland https://example.com/stats/tries",11,137,en,Scotland,,https://example.com/stats/tries,3084,Swansea,False,Neutral
900000000000001401,Sun Mar 01 16:13:09 +0000 2026,wingwizard_ie_662,"RT @TryLineTalk: Huge win for England at Murrayfield, the crowd was absolutely electric 🏉 big mood #England #TeamOfUs #Rugby #ITAvWAL",174,618,en,England;TeamOfUs;Rugby;ITAvWAL,,,14965,Newcastle,True,Positive
900000000000001402,Sat Mar 07 10:32:32 +0000 2026,kickoffking_ie_272,Weather looks dry for the Scotland vs France match at Principality Stadium today. #Scotland #France,183,45,en,Scotland;France,TryLineTalk,,5580,Cardiff,False,Neutral
900000000000001403,Fri Mar 13 22:19:15 +0000 2026,rugbyfan__960,Me pretending I understand the offside rule while watching Wales vs Scotland 😍 #Wales #Scotland,294,198,en,Wales;Scotland,,,1936,Bristol,False,Positive
900000000000001404,Sat Feb 14 02:18:29 +0000 2026,propforce1997_21,"What a game!! Scotland absolutely dominated France tonight, that attack was unreal 🙌 #Scotland #France #MatchDay #SixNations",528,452,en,Scotland;France;MatchDay;SixNations,RugbyRoundupHQ;SixNationsChat,,396,Paris,False,Positive
900000000000001405,Mon Mar 09 02:12:33 +0000 2026,rugbyfan_ie_175,"RT @PitchsideNews: Coach Kavanagh needs to explain this Ireland performance, nowhere near good good enough vs Wales 😢",67,17,en,Ireland;rugby;SCOvIRE,,,7135,Swansea,True,Negative
900000000000001406,Wed Mar 04 15:52:23 +0000 2026,lineoutlegend856_938,"Absolutely gutted for Ireland, that defence completely fell apart against England today 😩 unreal @MaulZoneFC @PitchsideNews",341,180,en,Ireland;Rugby;ENGvFRA,MaulZoneFC;PitchsideNews,,3271,Bristol,False,Negative
900000000000001407,Sun Feb 08 05:29:05 +0000 2026,trylinehero_583,"Wales defence today: come on in, the door's open lol 🔥 #SixNations",127,599,en,SixNations,,,983,Manchester,False,Positive
900000000000001408,Fri Feb 13 00:46:34 +0000 2026,ovalball_ie_404,"Coach Harrington needs to explain this Wales performance, nowhere near good enough vs Italy 😩 not gonna lie",83,90,en,Wales;Italy;rugby;TeamOfUs,RugbyRoundupHQ,,5634,Toulouse,False,Negative
900000000000001409,Mon Feb 23 23:50:04 +0000 2026,fullback_fan_uk_196,"Predicting a tight one between Ireland and England, could go either way tbh #Ireland #rugby",86,519,en,Ireland;rugby,,,4802,Nice,False,Neutral
900000000000001410,Sun Mar 08 16:10:10 +0000 2026,fullback_fanofficial_757,"Coach Sutherland has turned this Wales team around completely, brilliant tactics against Ireland 👏",70,736,en,,PitchsideNews,,6240,Leeds,False,Positive
900000000000001411,Sun Feb 22 23:30:08 +0000 2026,ovalballofficial_508,BREAKING: O'Connor ruled out for France with injury ahead of Scotland match. https://sixnations.example.net/live,165,216,en,,,https://sixnations.example.net/live,2032,Belfast,False,Neutral
900000000000001412,Wed Feb 25 15:53:19 +0000 2026,mauling_it_ie_923,"So proud of this France team, that final try in the last minute was everything everything 😍 #GrandSlamWatch",310,327,en,GrandSlamWatch,,,2427,Swansea,False,Positive
900000000000001413,Fri Feb 20 19:35:18 +0000 2026,touchline_talk1980_456,"RT @TryLineTalk: Scotland 1 - 0 doubters. What a win against Ireland, championship dream still alive 💪 absolute unit #Scotland #Ireland #MatchDay #IREvENG @MaulZoneFC",366,359,en,Scotland;Ireland;MatchDay;IREvENG,MaulZoneFC,,1158,Milan,True,Positive
900000000000001414,Fri Mar 13 11:58:02 +0000 2026,match_watcher_5,"Not the England performance we needed, way too many mistakes in attack 😢 #England @TryLineTalk",42,19,en,England,TryLineTalk,,2649,Swansea,False,Negative
900000000000001415,Tue Mar 03 07:01:19 +0000 2026,grandslamgal_uk_461,"That performance from Italy was class from start to finish, 17 points and never looked back 💪 #Italy #SixNations",359,260,en,Italy;SixNations,,,2049,Rome,False,Positive
900000000000001416,Thu Feb 19 22:54:35 +0000 2026,sidestep__594,Kickoff between England and Ireland at Stadio Olimpico in 30 minutes. #rugby https://example.com/rugby-report,65,392,und,rugby,,https://example.com/rugby-report,6934,Toulouse,False,Neutral
900000000000001417,Sun Feb 08 07:29:30 +0000 2026,offload__ie_58,My prediction: England 25 - 32 Scotland. Should be a cracking match not gonna lie #England #Scotland #SixNations #rugby #FRAvITA,7,50,en,England;Scotland;SixNations;rugby;FRAvITA,,,1393,Cork,False,Neutral
900000000000001418,Fri Mar 13 23:44:45 +0000 2026,fullback_fan_298,"Huge win for Wales at Stade de France, the crowd was absolutely electric 🏉 @OvalBallDaily",375,583,en,Wales;Ireland,OvalBallDaily,,11568,,False,Negative
900000000000001419,Sat Feb 14 23:52:28 +0000 2026,wingwizard_fr_602,"Not the Ireland performance we needed, way too many mistakes in attack 😩 #Ireland #Rugby #WALvSCO",114,30,en,Ireland;Rugby;WALvSCO,,,1765,,False,Positive
900000000000001420,Wed Feb 11 08:51:03 +0000 2026,grandslamgal_735,RT @PitchsideNews: Team news: Coach Delaney makes three changes for France ahead of the Ireland match. #France #Ireland,19,102,en,France;Ireland,SixNationsChat,,8404,Nice,True,Neutral
900000000000001421,Tue Feb 10 23:56:14 +0000 2026,rugbyfan_856,"RT @PitchsideNews: Coach Lemoine has turned this Scotland team around completely, brilliant tactics against France 👏 class #Scotland https://sixnations.example.net/live",358,927,en,Scotland,,https://sixnations.example.net/live,8445,Rome,True,Negative
900000000000001422,Sat Feb 28 10:10:26 +0000 2026,rugbyfan_ie_387,"Hard to see past past England winning this one, Ireland defence has been shaky",24,37,und,Ireland;rugby,,,1842,Dublin,False,Neutral
900000000000001423,Thu Feb 19 11:45:14 +0000 2026,lineoutlegend_ie_389,Team news: Coach Bianchi makes three changes for Ireland ahead of the Wales match. #Ireland #ITAvWAL @SixNationsChat,15,139,en,Ireland;ITAvWAL,SixNationsChat,,1388,Toulouse,False,Neutral
900000000000001424,Mon Feb 09 09:53:04 +0000 2026,touchline_talk_ie_579,Moretti starts at fly-half for England this weekend against Scotland. #SixNations @TryLineTalk https://example.com/rugby-report,81,386,en,SixNations,TryLineTalk,https://example.com/rugby-report,5446,Cardiff,False,Neutral
900000000000001425,Sat Mar 07 05:41:38 +0000 2026,ovalball852_441,Pundits are split on whether Ireland or Scotland will control possession today.,32,105,en,SixNations;Championship,,,369,,False,Neutral
900000000000001426,Mon Feb 23 08:11:09 +0000 2026,lineoutlegend_621,"Coach Bianchi needs to explain this England performance, nowhere near good enough vs Ireland 💔",132,337,en,England;SixNations,,,2380,London,False,Negative
900000000000001427,Thu Feb 19 21:29:14 +0000 2026,grandslamgal536_423,Reminder: Ireland take on Wales this weekend in round five of the championship. #Wales,107,229,en,Wales,,,4776,Swansea,False,Neutral
900000000000001428,Wed Feb 18 09:22:53 +0000 2026,trylinehero2005_883,"RT @SixNationsChat: The Ireland defence has been immense this championship, barely conceding a try 🎉 https://example.com/rugby-report",303,96,en,Ireland,,https://example.com/rugby-report,1492,Toulouse,True,Positive
900000000000001429,Sun Mar 01 10:25:17 +0000 2026,match_watcher_ie_494,"Full time: Ireland 7 - 23 France. Rough night for Ireland, defence was shocking 😤 class #Ireland #rugby #Rugby",117,206,en,Ireland;rugby;Rugby,,,909,London,False,Negative
900000000000001430,Tue Mar 03 16:31:21 +0000 2026,propforce__782,"Terrible decision from the referee there, cost England the match against Ireland honestly 😤 #England #MatchDay #ENGvFRA",21,14,en,England;MatchDay;ENGvFRA,,,8083,London,False,Positive
900000000000001431,Wed Feb 11 22:17:48 +0000 2026,sidestep454_441,"Watching Ireland vs Scotland with my nan, she knows more about rugby than the pundits 🏆 #Ireland #SixNations #FRAvITA",180,151,en,Ireland;SixNations;FRAvITA,,,3638,Swansea,False,Positive
900000000000001432,Thu Feb 26 04:16:49 +0000 2026,grandslamgal386_589,"France fans after that missed kick: it's fine, everything's fine 💪 #France #Ireland #SixNations #rugby",188,345,en,France;Ireland;SixNations;rugby,,,13671,Glasgow,False,Positive
900000000000001433,Fri Feb 20 02:22:27 +0000 2026,fullback_fan2003_545,Costa starts at fly-half for Italy this weekend against France. shocking tbh #Italy #France #SixNations #WALvSCO,9,192,en,Italy;France;SixNations;WALvSCO,,,15584,Paris,False,Neutral
900000000000001434,Wed Feb 18 05:57:52 +0000 2026,wingwizardofficial_390,"Ireland defence today: come on in, the door's open lol 😍 #Ireland #France #RugbyUnion",394,646,en,Ireland;France;RugbyUnion,,,714,Manchester,False,Positive
900000000000001435,Sun Feb 22 23:42:09 +0000 2026,ovalball_uk_695,Me pretending I understand the offside rule while watching England vs France 🙌 #SixNations2026 https://example.net/highlights-reel,253,231,en,SixNations2026,,https://example.net/highlights-reel,810,Manchester,False,Positive
900000000000001436,Tue Feb 24 18:23:32 +0000 2026,conversion_1995_534,"Full time: France 27 - 7 Scotland. What a match, France deserved every point 🏆 https://example.org/match-highlights",176,429,en,,,https://example.org/match-highlights,11331,Leeds,False,Positive
900000000000001437,Tue Feb 24 06:03:33 +0000 2026,touchline_talk_242,Team news: Coach Sutherland makes three changes for Ireland ahead of the Wales match. #Wales #Rugby #rugby @TryLineTalk https://sixnations.example.net/live,35,258,en,Wales;Rugby;rugby,TryLineTalk,https://sixnations.example.net/live,4244,Belfast,False,Neutral
900000000000001438,Mon Feb 09 10:52:00 +0000 2026,rugbyfan_uk_15,"I reckon Ireland edge this by a converted try over Italy, Italy, defence will be key #SixNations https://example.net/highlights-reel",77,231,en,SixNations,,https://example.net/highlights-reel,293,Edinburgh,False,Neutral
900000000000001439,Sun Feb 15 07:40:11 +0000 2026,conversion_2002_382,"RT @SixNationsChat: If Ireland sort out their lineout, they beat Wales comfortably this weekend #SixNations https://example.com/rugby-report",212,9,en,SixNations,,https://example.com/rugby-report,7378,Nice,True,Neutral
900000000000001440,Sat Feb 14 10:44:58 +0000 2026,conversion__fr_929,"That performance from Scotland was class from start to finish, 7 points and never looked back 🎉 class #Scotland #Rugby #IREvENG https://example.net/highlights-reel",423,525,en,Scotland;Rugby;IREvENG,,https://example.net/highlights-reel,8837,Swansea,False,Positive
900000000000001441,Fri Mar 13 18:51:36 +0000 2026,rucknroll_ie_700,RT @TryLineTalk: Me pretending I understand the offside rule while watching Italy vs France 🔥 #SixNations #RoundFive,233,361,en,SixNations;RoundFive,,,2544,Newcastle,True,Positive
900000000000001442,Mon Feb 16 23:16:06 +0000 2026,scrumtime_fr_79,"Best Ireland performance in years, that co-ordinated attack ripped Scotland apart apart 🙌 #Ireland #TryTime",303,587,en,Ireland;TryTime,,,314,,False,Positive
900000000000001443,Tue Feb 17 00:28:06 +0000 2026,penaltykickerofficial_28,"Predicting a tight one between England and Ireland, could go either way tbh @SixNationsChat",10,232,en,Rugby;CrunchTime,SixNationsChat,,4459,Glasgow,False,Neutral
900000000000001444,Wed Feb 18 19:37:21 +0000 2026,penaltykicker_240,"What a game!! Wales absolutely dominated France tonight, that attack was unreal 🎉 #Wales #ENGvFRA",169,327,en,Wales;ENGvFRA,,,3,Rome,False,Positive
900000000000001445,Sat Feb 14 12:38:12 +0000 2026,flyhalf_873_164,Half time score: Scotland 8 - 29 Italy. Tight game so far. class act #Scotland #RugbyUnion,2,79,en,Scotland;RugbyUnion,,,17721,Glasgow,False,Neutral
900000000000001446,Tue Feb 24 14:26:41 +0000 2026,trylineheroofficial_348,Half time score: England 39 - 19 Ireland. Tight game so far. #England #rugby @OvalBallDaily https://sixnations.example.net/live,348,145,en,England;rugby,OvalBallDaily,https://sixnations.example.net/live,13521,Manchester,False,Neutral
900000000000001447,Wed Feb 18 23:38:29 +0000 2026,rugbyfan2017_582,Team news: Coach Harrington makes three changes for Wales ahead of the Scotland match. #Wales #Scotland #SixNations,194,358,en,Wales;Scotland;SixNations,,,5210,London,False,Neutral
900000000000001448,Sun Mar 08 02:38:10 +0000 2026,sidestep497_787,"Coach Harrington needs to explain this Ireland performance, nowhere near good enough vs Wales 😢 #Wales #Rugby",128,320,en,Wales;Rugby,,,7507,Limerick,False,Negative
900000000000001449,Wed Feb 25 04:09:53 +0000 2026,match_watcher_305,"Full time: Ireland 13 - 34 Wales. Rough night for Ireland, defence was shocking 🙄 #Wales",14,1,en,Wales,,,5684,Leeds,False,Negative
900000000000001450,Sat Mar 14 05:59:10 +0000 2026,touchline_talk1985_532,"That performance from Ireland was class from start to finish, 5 points and never looked back 👏 unreal #Scotland #rugby",243,360,en,Scotland;rugby,,,1236,Nice,False,Positive
900000000000001451,Tue Feb 17 06:07:35 +0000 2026,scrumtime_ie_232,"Full time: France 25 - 33 England. Rough night for France, defence was shocking 😤 #France #SCOvIRE",11,484,en,France;SCOvIRE,,,7059,Rome,False,Negative
900000000000001452,Wed Feb 18 03:23:22 +0000 2026,grandslamgal_fr_878,"Coach Delaney needs to explain this Italy performance, nowhere near good enough vs Wales 😢 #Italy #Wales #SixNations",49,120,en,Italy;Wales;SixNations,ScrumCastPod,,1129,Nice,False,Negative
900000000000001453,Mon Mar 02 03:10:16 +0000 2026,penaltykicker_268,RT @PitchsideNews: Full time stats: Wales had 5 points from set pieces against Ireland. #SixNations #Championship,386,6,en,SixNations;Championship,,,2279,Cardiff,True,Neutral
900000000000001454,Fri Feb 27 11:45:23 +0000 2026,propforce2011_821,"HUGE WIN FOR IRELAND AT STADIO OLIMPICO, THE CROWD WAS ABSOLUTELY ELECTRIC 🏉 #Ireland #ENGvFRA",49,462,en,Ireland;ENGvFRA,,,4804,Glasgow,False,Positive
900000000000001455,Thu Feb 26 16:48:51 +0000 2026,wingwizard_101,TICKET PRICES FOR THE ITALY VS WALES FIXTURE AT PRINCIPALITY STADIUM RELEASED TODAY. #Italy #SixNations #ITAvWAL,165,268,en,Italy;SixNations;ITAvWAL,,,6690,Glasgow,False,Neutral
900000000000001456,Mon Feb 09 16:10:06 +0000 2026,kickoffking_ie_28,"Devastating result for France fans, that final try from Scotland in the last minute hurt 😢",94,241,en,France,,,5536,London,False,Neutral
900000000000001457,Tue Mar 03 23:16:27 +0000 2026,mauling_it_439,"So proud of this Scotland team, that final try in the last minute was everything 🔥 #Scotland #MatchDay #SixNations #ENGvFRA",394,156,en,Scotland;MatchDay;SixNations;ENGvFRA,,,6106,Bristol,False,Positive
900000000000001458,Thu Feb 19 14:31:54 +0000 2026,trylinehero_uk_536,"RT @PitchsideNews: What a game!! Scotland absolutely dominated Ireland tonight, that attack attack was unreal 👏 #rugby",260,113,en,rugby,SixNationsChat,,2519,Dublin,True,Positive
900000000000001459,Wed Feb 25 20:58:12 +0000 2026,propforce1986_480,"Huge win for Ireland at Aviva Stadium, the crowd was absolutely electric 👏 #Wales #Rugby #rugby #ENGvFRA",253,481,en,Wales;Rugby;rugby;ENGvFRA,,,1280,Newcastle,False,Positive
900000000000001460,Fri Mar 13 20:56:48 +0000 2026,rugbyfan_708,"RT @SixNationsChat: Best Wales performance in years, that co-ordinated attack ripped England apart 👏 absolute unit #Wales #England",195,363,en,Wales;England,,,10648,Nice,True,Positive
900000000000001461,Thu Mar 05 12:19:31 +0000 2026,offload__ie_182,Reilly with a MASSIVE try in the corner!! Wales fans are buzzing right now 🎉,360,555,und,Wales;SixNations;Rugby;CrunchTime,,,11772,Glasgow,False,Positive
900000000000001462,Mon Mar 02 06:44:18 +0000 2026,rugbyfan_ie_468,Pundits are split on whether Ireland or England will control possession today. #England #MatchDay #SCOvIRE https://example.com/stats/tries,62,321,en,England;MatchDay;SCOvIRE,OvalBallDaily,https://example.com/stats/tries,1163,Glasgow,False,Neutral
900000000000001463,Fri Feb 13 13:05:20 +0000 2026,mauling_it__713,"RT @PitchsideNews: The Wales defence has been immense this championship, barely conceding a try 💪 #Wales #RoundFive",206,807,en,Wales;RoundFive,,,2775,Cork,True,Positive
900000000000001464,Thu Mar 05 06:40:00 +0000 2026,touchline_talk__256,Byrne running faster from the ref than from England's defence 🏆 #Ireland #SixNations #ENGvWAL,237,501,en,Ireland;SixNations;ENGvWAL,TryLineTalk,,1581,Rome,False,Positive
900000000000001465,Fri Mar 06 14:21:12 +0000 2026,wingwizard_328,"Huge win for Wales at Aviva Stadium, the crowd was absolutely electric 🏉",280,274,en,Rugby;MatchDay,,,7041,Cardiff,False,Positive
900000000000001466,Sat Feb 21 00:07:11 +0000 2026,conversion__uk_146,Ireland confirm ticket sales for France clash open this Friday. not gonna lie #SCOvIRE,17,83,en,SCOvIRE,,,5837,Milan,False,Neutral
900000000000001467,Wed Feb 18 19:22:59 +0000 2026,the_terrace2010_47,Whitmore starts at fly-half for France this weekend against England. #rugby #SCOvIRE,69,206,en,rugby;SCOvIRE,,,5468,Manchester,False,Neutral
900000000000001468,Wed Mar 11 04:17:15 +0000 2026,grandslamgal_fr_42,"Predicting a tight one between France and Italy, could go either way tbh #France #ITAvWAL",41,187,en,France;ITAvWAL,,,109503,Edinburgh,False,Neutral
900000000000001469,Tue Feb 10 04:00:51 +0000 2026,conversion_811_459,Wales confirm ticket sales for England clash open this Friday.,128,135,en,,,,5859,London,False,Neutral
900000000000001470,Thu Feb 12 01:05:10 +0000 2026,lineoutlegend_816,RT @PitchsideNews: Report: Coach Sutherland set to extend contract with Wales after strong championship run. #Wales #Italy #Rugby,122,140,en,Wales;Italy;Rugby,,,4439,Edinburgh,True,Neutral
900000000000001471,Fri Mar 13 03:10:51 +0000 2026,propforceofficial_772,"Coach Sutherland has turned this Wales Wales team around completely, brilliant tactics against Scotland 🏆 #Scotland #Championship #SCOvIRE https://example.net/highlights-reel",66,171,fr,Scotland;Championship;SCOvIRE,,https://example.net/highlights-reel,9302,Leeds,False,Positive
900000000000001472,Fri Feb 20 22:31:33 +0000 2026,propforce_uk_805,"Congratulations to England on a brilliant win over Ireland, the defence was rock solid all match 💪",205,671,en,Championship;GrandSlamWatch,,,2826,Edinburgh,False,Positive
900000000000001473,Sat Feb 14 10:07:50 +0000 2026,ovalball_fr_372,Kowalski starts at fly-half for Ireland this weekend against Wales. #Ireland #Wales #SixNations,104,228,en,Ireland;Wales;SixNations,,,3127,Milan,False,Neutral
900000000000001474,Thu Feb 26 09:15:29 +0000 2026,scrumtime_uk_752,Ticket prices for the Ireland vs England fixture at Twickenham released today. #Ireland #England #SixNations #ITAvWAL,101,157,en,Ireland;England;SixNations;ITAvWAL,,,10812,Edinburgh,False,Positive
900000000000001475,Sat Feb 28 19:19:21 +0000 2026,sidestep_786,"Predicting a tight one between England and Ireland, could go either way tbh #England",25,171,en,England,,,7712,Glasgow,False,Neutral
900000000000001476,Mon Mar 09 21:48:46 +0000 2026,rugbyfan_172,Team news: Coach Harrington makes three changes for England ahead of the France match. #England #France #RugbyUnion #MatchDay #PitchsideView,3,147,en,England;France;RugbyUnion;MatchDay;PitchsideView,,,10711,Limerick,False,Neutral
900000000000001477,Tue Feb 10 12:38:44 +0000 2026,mauling_it203_406,"That performance from Scotland was class from start to finish, 7 points and never looked back 🏉 #Scotland #SixNations #ENGvFRA #GrandSlamWatch",108,314,en,Scotland;SixNations;ENGvFRA;GrandSlamWatch,,,7864,London,False,Positive
900000000000001478,Fri Feb 06 13:28:32 +0000 2026,conversion_official_577,Kowalski with a MASSIVE try in the corner!! Ireland fans are buzzing right now 🏆 big mood #Ireland #SixNations,304,301,en,Ireland;SixNations,,,1857,Glasgow,False,Positive
900000000000001479,Sun Feb 08 02:50:50 +0000 2026,kickoffking_uk_670,RT @RugbyRoundupHQ: Referee for Scotland vs France confirmed as part of the officiating panel this round. #Scotland,29,447,en,Scotland,,,5179,Rome,True,Neutral
900000000000001480,Thu Feb 12 04:04:49 +0000 2026,touchline_talk_ie_217,RT @RugbyRoundupHQ: Pundits are split on whether Ireland or France will control possession today. class act #France #Rugby #SCOvIRE,56,301,en,France;Rugby;SCOvIRE,,,7740,,True,Neutral
900000000000001481,Mon Feb 23 10:46:31 +0000 2026,match_watcher_ie_410,"Devastating result for Italy fans, that final try from Wales in the last minute hurt 😡",207,143,en,Italy;Wales;SixNations,ScrumCastPod,,1540,Cork,False,Negative
900000000000001482,Fri Feb 13 18:03:51 +0000 2026,lineoutlegend_ie_355,Anyone know why Lecomte isn't starting for England today?? big mood,12,75,en,rugby,,,4302,Swansea,False,Positive
900000000000001483,Wed Feb 25 07:38:26 +0000 2026,ovalball607_533,"Huge win for France at Stade de France, the crowd was absolutely electric 🏉 big mood #France #MatchDay #SixNations #ENGvFRA",390,248,en,France;MatchDay;SixNations;ENGvFRA,,,314,Bristol,False,Positive
900000000000001484,Sun Mar 01 04:23:29 +0000 2026,wingwizard__273,"Italy 1 - 0 doubters. What a win against Ireland, championship dream still alive 🏉",353,523,en,Ireland;RugbyUnion;PitchsideView,,,9119,Newcastle,False,Positive
900000000000001485,Thu Feb 26 20:56:01 +0000 2026,trylinehero23_979,"Coach Harrington needs to explain this Italy performance, nowhere near good enough vs England 😤 @MaulZoneFC https://example.com/stats/tries",12,415,en,Italy;England;Rugby;rugby,MaulZoneFC,https://example.com/stats/tries,6080,Swansea,False,Neutral
900000000000001486,Tue Feb 17 04:49:35 +0000 2026,grandslamgal__924,"Devastating result for England fans, that final try from Ireland in the last minute hurt 💔 #England #Ireland #Championship",36,43,en,England;Ireland;Championship,,,14224,Swansea,False,Negative
900000000000001487,Fri Feb 27 08:10:42 +0000 2026,scrumtime700_654,Referee for Ireland vs Wales confirmed as part of the officiating panel this round. #MatchDay,167,334,en,MatchDay,,,3606,London,False,Neutral
900000000000001488,Sat Feb 14 02:56:20 +0000 2026,grandslamgal_699,"Wales lost the plot in the second half, Ireland punished every single error 😤",14,53,fr,,,,38,Newcastle,False,Negative
900000000000001489,Thu Feb 12 23:46:38 +0000 2026,lineoutlegend_fr_407,Official: kickoff time confirmed for England vs Ireland at Twickenham. #rugby #SixNations2026,38,203,und,rugby;SixNations2026,MaulZoneFC,,6281,Dublin,False,Negative
900000000000001490,Sun Feb 08 03:52:56 +0000 2026,touchline_talk_uk_219,Reminder: Ireland take on England this weekend in round five of the championship. #Rugby,22,165,en,Rugby,,,10399,Swansea,False,Neutral
900000000000001491,Sun Feb 22 04:56:38 +0000 2026,the_terrace_uk_266,Why does Ireland keep giving away penalties in their own half against Wales?? #SixNations #IREvENG,99,282,en,SixNations;IREvENG,,,15187,Dublin,False,Neutral
900000000000001492,Fri Mar 06 15:56:29 +0000 2026,rugbyfan2007_332,"England lost the plot in the second half, France punished every single error 💔 #England #SixNations",141,28,en,England;SixNations,,,7266,Cork,False,Negative
900000000000001493,Fri Mar 13 06:00:06 +0000 2026,trylinehero1998_10,"England attack has gone missing this championship, no ideas at all against France 😡 #England #SixNations #Championship https://sixnations.example.net/live",89,301,en,England;SixNations;Championship,,https://sixnations.example.net/live,6920,Limerick,False,Negative
900000000000001494,Fri Feb 20 04:06:43 +0000 2026,match_watcherofficial_829,"Coach Bianchi has turned this Ireland team around completely, brilliant tactics against England 🔥 #SixNations",165,277,en,SixNations,,,4912,Swansea,False,Positive
900000000000001495,Mon Feb 09 18:08:47 +0000 2026,flyhalf_205_511,"Not the Ireland performance we needed, way too many mistakes in attack 😤 #Ireland #IREvENG",131,76,en,Ireland;IREvENG,,,1788,Nice,False,Negative
900000000000001496,Fri Mar 06 07:39:46 +0000 2026,penaltykicker__323,Half time score: Ireland 17 - 7 Wales. Tight game so far. #Ireland #rugby,240,217,en,Ireland;rugby,,,2327,Rome,False,Neutral
900000000000001497,Sun Mar 08 16:12:03 +0000 2026,sidestep_226,Novak with a MASSIVE try in the corner!! Italy fans are buzzing right now 🏆 #Italy #Wales https://example.com/rugby-report,171,516,en,Italy;Wales,,https://example.com/rugby-report,2342,London,False,Positive
900000000000001498,Fri Feb 13 14:25:47 +0000 2026,propforce_uk_168,"Huge win for England at Twickenham, the crowd was absolutely electric 🎉 #England #SixNations @MaulZoneFC",346,287,en,England;SixNations,MaulZoneFC,,5034,Nice,False,Positive
900000000000001499,Mon Feb 16 23:15:48 +0000 2026,trylinehero__182,"The Ireland defence has been immense this championship, barely conceding a try 💪 #SixNations #IREvENG #TryTime @SixNationsChat",163,1055,en,SixNations;IREvENG;TryTime,SixNationsChat,,563,Dublin,False,Positive
900000000000001500,Tue Feb 10 06:02:57 +0000 2026,ovalball_fr_661,"Coach Harrington has turned this Ireland team around completely, brilliant tactics against Wales 🔥",62,403,en,MatchDay,,,4078,Paris,False,Positive
900000000000001501,Sat Feb 14 17:27:34 +0000 2026,rugbyfan_ie_625,RT @PitchsideNews: My prediction: England 19 - 16 Wales. Should be a cracking match #Wales #MatchDay #rugby,5,470,en,Wales;MatchDay;rugby,,,5911,Bristol,True,Neutral
900000000000001502,Tue Mar 10 20:17:45 +0000 2026,flyhalf_2018_978,Lecomte running faster from the ref than from Wales's defence 🏆 #SixNations,216,440,en,SixNations,,,5094,,False,Positive
900000000000001503,Mon Mar 02 04:17:20 +0000 2026,ovalball_745,"Huge win for Ireland at Murrayfield, the crowd was absolutely electric 🏆 #Ireland #SixNations #RugbyUnion",361,281,en,Ireland;SixNations;RugbyUnion,,,12838,Belfast,False,Positive
900000000000001504,Mon Feb 09 20:50:20 +0000 2026,rucknroll30_37,"Coach Bianchi has turned this Wales team around completely, brilliant tactics against England 🔥 #SixNations #PitchsideView",313,452,en,SixNations;PitchsideView,SixNationsChat,,6549,Cardiff,False,Positive
900000000000001505,Wed Mar 04 20:18:50 +0000 2026,kickoffking_uk_6,"Full time: Ireland 14 - 7 England. What a match, Ireland deserved every point 🏆 #RugbyUnion",259,760,en,RugbyUnion,,,3366,,False,Positive
900000000000001506,Sat Feb 07 02:25:47 +0000 2026,the_terrace_278,Official: kickoff time confirmed for Wales vs England at Aviva Stadium. #SixNations #SCOvIRE,162,140,en,SixNations;SCOvIRE,,,15374,Manchester,False,Neutral
900000000000001507,Fri Feb 06 19:14:57 +0000 2026,rugbyfan250_315,"If Ireland sort out their lineout, they beat England comfortably this weekend @OvalBallDaily",133,34,en,,OvalBallDaily,,2980,Cork,False,Negative
900000000000001508,Mon Mar 09 17:23:55 +0000 2026,conversion__fr_908,Reminder: Ireland take on England this weekend in round five of the championship. #Ireland #ENGvFRA,160,328,en,Ireland;ENGvFRA,,,3606,Milan,False,Neutral
900000000000001509,Tue Feb 10 09:58:13 +0000 2026,grandslamgal144_293,"I reckon Wales edge this by a a converted try over Italy, defence will be key #Italy #SixNations",62,320,it,Italy;SixNations,,,2351,Manchester,False,Neutral
900000000000001510,Wed Feb 25 09:09:25 +0000 2026,scrumtime_ie_376,What's the team news for Ireland vs France this weekend? Anyone seen the lineup? #France #rugby #SixNations #WALvSCO,34,211,en,France;rugby;SixNations;WALvSCO,,,11068,Manchester,False,Neutral
900000000000001511,Thu Feb 19 20:26:58 +0000 2026,grandslamgal_uk_515,Italy confirm ticket sales for Ireland clash open this Friday. #rugby @ScrumCastPod,47,183,en,rugby,ScrumCastPod,,4333,Bristol,False,Neutral
900000000000001512,Thu Feb 19 08:38:51 +0000 2026,offload_607_316,"Wales lost lost the plot in the second half, Ireland punished every single error 💔 #Wales #Ireland #rugby https://example.com/rugby-report",53,112,en,Wales;Ireland;rugby,,https://example.com/rugby-report,4810,Edinburgh,False,Negative
900000000000001513,Tue Feb 17 03:45:55 +0000 2026,lineoutlegend_106,"Devastating result for England fans, that final try from Wales in the last minute hurt 😤 #ITAvWAL",401,97,en,ITAvWAL,,,499,London,False,Negative
900000000000001514,Fri Feb 20 23:23:54 +0000 2026,penaltykicker_ie_679,RT @PitchsideNews: Ticket prices for the Ireland vs Italy fixture at Principality Stadium released today. #Ireland #SixNations #Rugby,104,183,en,Ireland;SixNations;Rugby,,,3823,Newcastle,True,Neutral
900000000000001515,Thu Mar 05 17:52:26 +0000 2026,offload_923_36,RT @TryLineTalk: Why does Wales keep giving away penalties in their own half against Italy?? absolute unit https://sixnations.example.net/live,14,310,en,Wales;Italy;CrunchTime,,https://sixnations.example.net/live,5475,Milan,True,Neutral
900000000000001516,Sun Feb 22 08:12:14 +0000 2026,ovalballofficial_739,"Huge win for Ireland at Murrayfield, the crowd was absolutely electric 👏 #Ireland #MatchDay",253,206,en,Ireland;MatchDay,RuckReportUK,,2976,Nice,False,Positive
900000000000001517,Mon Feb 09 04:13:35 +0000 2026,rucknroll__962,"RT @SixNationsChat: Coach Harrington has turned this Wales team around completely, brilliant tactics against Ireland 💪",68,462,en,Wales;MatchDay,,,2754,Belfast,True,Positive
900000000000001518,Sat Feb 28 04:13:07 +0000 2026,match_watcher_513,RT @PitchsideNews: Devine starts at fly-half for Scotland this weekend against England. #Scotland #England #rugby #ITAvWAL,79,93,en,Scotland;England;rugby;ITAvWAL,,,7556,Edinburgh,True,Neutral
900000000000001519,Mon Mar 02 06:35:38 +0000 2026,conversion__uk_736,"RT @SixNationsChat: So disappointed watching Wales today, Ireland deserved that win comfortably 😡 #rugby #SixNations",183,193,en,rugby;SixNations,,,11639,Leeds,True,Negative
900000000000001520,Mon Feb 16 17:23:04 +0000 2026,lineoutlegend_fr_496,Reilly running faster from the ref than from Ireland's defence 🔥,270,282,en,,,,6197,Milan,False,Positive
900000000000001521,Sat Feb 28 14:20:21 +0000 2026,rucknroll_ie_236,"The The Wales defence has been immense this championship, barely conceding a try 😍 #Wales #rugby @PitchsideNews",277,228,en,Wales;rugby,PitchsideNews,,4477,Toulouse,False,Positive
900000000000001522,Sun Feb 15 10:13:30 +0000 2026,scrumtime_861,"Ireland fans after that missed kick: it's fine, everything's fine 🙌 #Ireland #SixNations",212,514,en,Ireland;SixNations,,,10747,Edinburgh,False,Positive
900000000000001523,Tue Feb 10 23:19:36 +0000 2026,penaltykicker_720,"RT @SixNationsChat: Congratulations to England on a brilliant win over Ireland, the defence was rock solid all match 👏 https://sixnations.example.net/live",153,191,en,Ireland,SixNationsChat,https://sixnations.example.net/live,996,Belfast,True,Positive
900000000000001524,Thu Mar 12 04:25:34 +0000 2026,sidestep_fr_135,Ireland confirm ticket ticket sales for Wales clash open this Friday. #Ireland #Rugby #FRAvITA #TryTime,123,5,en,Ireland;Rugby;FRAvITA;TryTime,,,8209,Glasgow,False,Neutral
900000000000001525,Mon Feb 09 04:33:08 +0000 2026,propforce1980_39,"Ireland fans after that missed kick: it's fine, everything's fine 🏉 #Ireland #England #ENGvFRA",393,421,en,Ireland;England;ENGvFRA,OvalBallDaily,,8895,Cardiff,False,Positive
900000000000001526,Fri Feb 13 22:09:30 +0000 2026,ovalball_fr_534,RT @RugbyRoundupHQ: Kickoff between Wales and Scotland at Principality Stadium in 30 minutes. #Wales #MatchDay #SixNations #SCOvIRE,13,197,en,Wales;MatchDay;SixNations;SCOvIRE,,,7757,Rome,True,Neutral
900000000000001527,Sun Mar 01 05:14:02 +0000 2026,propforce424_433,"RT @PitchsideNews: France lost the plot in the second half, Ireland punished every single error 💔 #SixNations #GrandSlamWatch https://example.com/rugby-report",140,100,en,SixNations;GrandSlamWatch,,https://example.com/rugby-report,10044,,True,Negative
900000000000001528,Wed Feb 18 10:44:38 +0000 2026,conversion_812_548,RT @RugbyRoundupHQ: Pundits are split on whether England or Italy will control possession today. #SCOvIRE @RugbyRoundupHQ,24,4,en,SCOvIRE,RugbyRoundupHQ,,3844,Nice,True,Neutral
900000000000001529,Thu Mar 05 01:59:26 +0000 2026,wingwizard_fr_205,"Full time: Ireland 12 - 19 France. Rough night for Ireland, defence was shocking 💔 #Ireland #SixNations #SCOvIRE",27,9,en,Ireland;SixNations;SCOvIRE,,,9298,Manchester,False,Negative
900000000000001530,Sat Feb 28 20:05:18 +0000 2026,flyhalf__ie_861,"That performance from Scotland was class from start to finish, 17 points and never looked back 😍 class",199,361,en,,,,1572,London,False,Positive
900000000000001531,Tue Feb 17 04:11:16 +0000 2026,mauling_it_fr_772,"Italy fans after that missed kick: it's fine, everything's fine 🔥 buzzing",515,770,en,RugbyUnion,,,9815,Toulouse,False,Positive
900000000000001532,Mon Feb 23 10:42:52 +0000 2026,scrumtime_fr_681,"Huge win for Ireland at Twickenham, the crowd was absolutely electric 🏉 #Ireland #rugby #WALvSCO @RugbyRoundupHQ",193,324,en,Ireland;rugby;WALvSCO,RugbyRoundupHQ,,6144,Edinburgh,False,Positive
900000000000001533,Sun Feb 15 16:17:36 +0000 2026,flyhalf__uk_845,"RT @PitchsideNews: Absolute unit of a performance from the Wales pack today, dominating the breakdown 👏 #Wales #Italy #Rugby",256,316,en,Wales;Italy;Rugby,,,15685,Newcastle,True,Negative
900000000000001534,Wed Feb 25 20:10:11 +0000 2026,the_terrace_uk_789,Half time score: Scotland 36 - 7 Ireland. Tight game so far. #Scotland #rugby https://example.org/match-highlights,105,302,en,Scotland;rugby,,https://example.org/match-highlights,2672,Rome,False,Neutral
900000000000001535,Tue Mar 10 10:01:31 +0000 2026,touchline_talk_uk_964,"If Scotland sort out their lineout, they beat Ireland comfortably this weekend",59,246,en,Ireland;SixNations,TryLineTalk,,6816,Milan,False,Neutral
900000000000001536,Wed Feb 11 15:48:06 +0000 2026,kickoffkingofficial_909,"France lost the plot in the second half, England punished every single error 😡 #France #Championship #SixNations #FRAvITA https://example.com/stats/tries",230,287,en,France;Championship;SixNations;FRAvITA,,https://example.com/stats/tries,1821,Manchester,False,Negative
900000000000001537,Sat Feb 28 16:29:25 +0000 2026,fullback_fan__164,"NOT THE IRELAND PERFORMANCE WE NEEDED, WAY TOO MANY MISTAKES IN ATTACK 🙄 #Ireland #rugby #PitchsideView",117,213,en,Ireland;rugby;PitchsideView,,,5143,Swansea,False,Negative
900000000000001538,Tue Feb 24 10:31:22 +0000 2026,trylinehero_ie_561,RT @PitchsideNews: Referee for Scotland vs Italy confirmed as part of the officiating panel this round. #Scotland #Rugby,194,271,en,Scotland;Rugby,,,4302,Nice,True,Negative
900000000000001539,Tue Feb 10 16:54:58 +0000 2026,wingwizard_ie_69,RT @SixNationsChat: My prediction: England 39 - 14 Ireland. Should be a cracking match #England,29,16,en,England,,,3257,Paris,True,Neutral
900000000000001540,Tue Mar 10 02:35:41 +0000 2026,penaltykicker2018_832,My prediction: Wales 18 - 42 England. Should be a cracking match #Wales #rugby #ENGvFRA https://example.net/highlights-reel,45,754,en,Wales;rugby;ENGvFRA,,https://example.net/highlights-reel,6484,Newcastle,False,Neutral
900000000000001541,Sun Mar 01 12:02:46 +0000 2026,rucknroll_656,"Full time: Wales 7 - 26 Scotland. Rough night for Wales, defence was shocking 😩 #SixNations #IREvFRA https://example.net/highlights-reel",88,6,und,SixNations;IREvFRA,,https://example.net/highlights-reel,3834,Limerick,False,Negative
900000000000001542,Sun Feb 08 23:57:09 +0000 2026,rucknroll1984_649,"Congratulations to Scotland on a brilliant win over Wales, the defence was rock solid all match 🎉 #Scotland #Wales #Rugby #MatchDay",72,658,en,Scotland;Wales;Rugby;MatchDay,,,8678,London,False,Positive
900000000000001543,Tue Mar 03 23:18:28 +0000 2026,kickoffking_ie_296,BREAKING: Novak ruled out for France with injury ahead of England match. #France #GrandSlamWatch,197,90,en,France;GrandSlamWatch,,,1260,Glasgow,False,Neutral
900000000000001544,Wed Mar 11 13:32:47 +0000 2026,rugbyfan_uk_898,"Can't believe France let that lead slip against Ireland, so much for the championship dream 😩 shocking tbh https://example.org/match-highlights",32,19,en,France,,https://example.org/match-highlights,4814,Limerick,False,Negative
900000000000001545,Thu Mar 12 13:54:12 +0000 2026,rucknroll_uk_692,England confirm ticket sales for France clash open this Friday. #SixNations @PitchsideNews,74,7,en,SixNations,PitchsideNews,,1131,Cork,False,Neutral
900000000000001546,Mon Feb 09 10:20:01 +0000 2026,rucknroll318_430,Is it just me me or has Ireland attack been really flat this championship? #France #Rugby #ITAvWAL https://example.com/stats/tries,75,53,en,France;Rugby;ITAvWAL,,https://example.com/stats/tries,2439,Paris,False,Neutral
900000000000001547,Sat Feb 07 21:11:00 +0000 2026,sidestep_609,"Not the Wales performance we needed, way too many mistakes in attack 😩 buzzing @RugbyRoundupHQ",0,41,en,MatchDay,RugbyRoundupHQ,,4585,Bristol,False,Negative
900000000000001548,Wed Feb 18 02:59:55 +0000 2026,propforce_ie_482,"Predicting a tight one between Ireland and England, could go either way tbh #Ireland #England #rugby",310,340,en,Ireland;England;rugby,RuckReportUK,,2925,Newcastle,False,Neutral
900000000000001549,Sun Feb 15 16:31:03 +0000 2026,conversion_official_552,"RT @RugbyRoundupHQ: Devastating result for Ireland fans, that final try from England in the last minute hurt 😩 class #rugby #Rugby",79,114,en,rugby;Rugby,,,6938,Dublin,True,Negative
900000000000001550,Fri Mar 13 13:03:13 +0000 2026,conversion__ie_623,Wales confirm ticket sales for Italy clash open this Friday. #Wales #rugby,118,337,en,Wales;rugby,,,116713,,False,Neutral
900000000000001551,Tue Feb 10 12:16:46 +0000 2026,grandslamgal1988_616,"ABSOLUTELY GUTTED FOR WALES, THAT DEFENCE COMPLETELY FELL APART AGAINST ITALY TODAY 😩 #Wales #SixNations #SCOvIRE",89,46,en,Wales;SixNations;SCOvIRE,,,3770,Paris,False,Positive
900000000000001552,Wed Feb 25 05:51:54 +0000 2026,the_terrace_523,"Scotland lost the plot in the second half, Wales punished every single error 😤 #Wales #SixNations #IREvENG",208,5,en,Wales;SixNations;IREvENG,,,368,Cork,False,Negative
900000000000001553,Fri Mar 13 18:25:27 +0000 2026,offload__fr_804,RT @PitchsideNews: Ireland announce squad for upcoming Italy fixture at Stade de France. #Ireland #RoundFive,190,103,en,Ireland;RoundFive,,,46,Bristol,True,Neutral
900000000000001554,Fri Mar 13 03:35:50 +0000 2026,kickoffkingofficial_16,"England fans after that missed kick: it's fine, everything's fine 🎉 buzzing #England #rugby #SixNations #ITAvWAL #TryTime",284,262,en,England;rugby;SixNations;ITAvWAL;TryTime,,,4651,Nice,False,Positive
900000000000001555,Thu Feb 26 00:04:06 +0000 2026,fullback_fan645_795,"Terrible decision from the referee there, cost Italy the match against England honestly 💔 #England #Championship #rugby https://example.com/rugby-report",71,37,en,England;Championship;rugby,,https://example.com/rugby-report,5541,London,False,Negative
900000000000001556,Fri Mar 06 03:47:51 +0000 2026,rugbyfan_922,"RT @TryLineTalk: Byrne missed another kick, Ireland really struggling for points tonight 💔 #Ireland #SixNations #SCOvIRE",24,287,en,Ireland;SixNations;SCOvIRE,,,2993,Glasgow,True,Negative
900000000000001557,Thu Feb 26 11:03:17 +0000 2026,conversion_1999_484,"RT @PitchsideNews: France defence today: today: come on in, the door's open lol 🏉 so gutted #RugbyUnion #ITAvWAL",276,168,en,RugbyUnion;ITAvWAL,,,17522,London,True,Positive
900000000000001558,Sun Mar 01 00:44:09 +0000 2026,sidestep424_98,Lecomte starts at fly-half for Scotland this weekend against Ireland. #SixNations #RoundFive,21,131,en,SixNations;RoundFive,,,1577,Bristol,False,Neutral
900000000000001559,Sat Mar 07 03:16:35 +0000 2026,conversion__uk_249,"RT @SixNationsChat: Hard to see past Wales winning this one, Italy defence has been shaky #Italy #Wales #WALvSCO",107,370,en,Italy;Wales;WALvSCO,RugbyRoundupHQ,,9463,Cardiff,True,Neutral
900000000000001560,Tue Mar 03 02:53:41 +0000 2026,the_terrace_971,"RT @TryLineTalk: Full time: France 12 - 7 Wales. What a match, France deserved every point 💪 #Wales #FRAvITA",132,508,en,Wales;FRAvITA,,,9384,Nice,True,Positive
900000000000001561,Thu Mar 05 10:03:51 +0000 2026,trylinehero_585,"Italy fans after that missed kick: it's fine, everything's fine 💪 #MatchDay #RoundFive https://example.org/match-highlights",55,622,en,MatchDay;RoundFive,,https://example.org/match-highlights,4505,Rome,False,Positive
900000000000001562,Wed Mar 04 05:27:12 +0000 2026,penaltykickerofficial_437,Referee for Ireland Ireland vs England confirmed as part of the officiating panel this round. class act,136,60,it,Ireland;SixNations,,,2266,Swansea,False,Neutral
900000000000001563,Wed Feb 25 13:46:26 +0000 2026,ovalball_311,"The England defence has been immense this championship, barely conceding a try 🏉 #SixNations2026 https://example.org/match-highlights",285,819,en,SixNations2026,,https://example.org/match-highlights,1148,Limerick,False,Positive
900000000000001564,Fri Feb 27 20:22:45 +0000 2026,the_terrace__633,"RT @PitchsideNews: Absolute unit of a performance from the Ireland pack today, dominating the breakdown 🏆 #Ireland #Rugby #rugby",35,626,en,Ireland;Rugby;rugby,,,9711,Cardiff,True,Positive
900000000000001565,Fri Mar 06 04:56:44 +0000 2026,propforce1993_787,RT @SixNationsChat: Report: Coach Lemoine set to extend contract with Wales after strong championship run. #SixNations #MatchDay #FRAvITA,216,5,fr,SixNations;MatchDay;FRAvITA,,,5579,Limerick,True,Neutral
900000000000001566,Sat Feb 07 04:15:54 +0000 2026,rucknroll_uk_134,RT @SixNationsChat: Reminder: Ireland take on Wales this weekend in round five of the championship. #Wales #FRAvITA,92,121,en,Wales;FRAvITA,,,2928,Milan,True,Neutral
900000000000001567,Sat Feb 14 20:38:56 +0000 2026,flyhalf_2003_518,Referee for France vs Wales confirmed as part of the officiating panel this round. #France #Wales @SixNationsChat https://example.com/rugby-report,31,412,en,France;Wales,SixNationsChat,https://example.com/rugby-report,12021,Manchester,False,Neutral
900000000000001568,Thu Feb 19 09:10:08 +0000 2026,conversion___490,"RT @TryLineTalk: So proud of this Wales team, that final try in the last minute was everything 🙌 #Rugby https://rugbynews.example.org/recap",25,498,en,Rugby,,https://rugbynews.example.org/recap,2076,Paris,True,Neutral
900000000000001569,Wed Feb 18 01:32:15 +0000 2026,grandslamgalofficial_642,"That performance from England was class from start to finish, 10 points and never looked back 👏 #England #Scotland",155,646,en,England;Scotland,,,6722,Cardiff,False,Positive
900000000000001570,Tue Feb 17 05:17:55 +0000 2026,mauling_it_uk_808,"Congratulations to Italy on a brilliant win over England, the defence was rock solid all all match 🎉 proper mess #Italy #ENGvFRA",301,288,en,Italy;ENGvFRA,,,5852,Cork,False,Positive
900000000000001571,Sat Feb 28 16:31:49 +0000 2026,kickoffking_111,HALF TIME SCORE: ENGLAND 10 - 22 SCOTLAND. TIGHT GAME SO FAR. #England,6,67,en,England,,,4686,,False,Neutral
900000000000001572,Sat Feb 28 16:54:17 +0000 2026,touchline_talk_uk_359,"The England defence has been immense this championship, barely conceding a try 💪 #SCOvIRE https://example.net/highlights-reel",359,578,en,SCOvIRE,,https://example.net/highlights-reel,66,,False,Positive
900000000000001573,Wed Feb 18 15:48:54 +0000 2026,rugbyfan__517,"Wales fans after that missed kick: it's fine, everything's fine 🔥 class #SixNations #rugby #FinalWhistle @TryLineTalk",290,18,en,SixNations;rugby;FinalWhistle,TryLineTalk,,3982,Belfast,False,Positive
900000000000001574,Tue Feb 17 02:07:28 +0000 2026,fullback_fan_uk_71,My prediction: France 40 - 21 Italy. Should be a cracking match #France #Italy #SixNations,257,336,en,France;Italy;SixNations,PitchsideNews,,2676,Manchester,False,Neutral
900000000000001575,Wed Mar 11 01:27:36 +0000 2026,ovalball2014_243,"RT @PitchsideNews: Absolute unit of a performance from the Ireland pack today, dominating the breakdown breakdown 🙌 class #SixNations #SCOvIRE @OvalBallDaily",296,296,en,SixNations;SCOvIRE,OvalBallDaily,,1868,Milan,True,Positive
900000000000001576,Mon Mar 02 01:37:35 +0000 2026,mauling_it__324,What's the team news for Ireland vs Wales this weekend? Anyone seen the lineup?,5,380,en,,,,4965,Rome,False,Neutral
900000000000001577,Fri Mar 06 19:02:24 +0000 2026,flyhalf__fr_43,"Ireland 1 - 0 doubters. What a win against Scotland, championship dream still alive 🎉",56,359,en,Ireland;Scotland;rugby;ENGvWAL,,,9039,Limerick,False,Positive
900000000000001578,Fri Feb 06 13:19:12 +0000 2026,sidestep_uk_631,"Ireland lost the plot in the second half, Italy punished every single error 🙄 #Ireland #Italy #rugby",151,14,en,Ireland;Italy;rugby,,,930,Cork,False,Negative
900000000000001579,Mon Feb 09 02:26:13 +0000 2026,wingwizard_753,"Can't believe Scotland let that lead slip against Wales, so much for the championship dream 😡 #MatchDay #ITAvWAL",12,226,en,MatchDay;ITAvWAL,TryLineTalk,,8991,Nice,False,Negative
900000000000001580,Fri Feb 20 16:43:36 +0000 2026,touchline_talk1990_905,Official: kickoff time confirmed for Italy vs Wales at Stade de France. #Italy #rugby #SixNations,191,263,en,Italy;rugby;SixNations,,,5834,Manchester,False,Neutral
900000000000001581,Tue Feb 17 10:18:05 +0000 2026,ovalball_ie_761,"England attack has gone missing this championship, no ideas at all against France 😩 #MatchDay",83,42,en,MatchDay,,,8986,,False,Negative
900000000000001582,Wed Feb 25 10:55:01 +0000 2026,the_terraceofficial_743,"Devastating result for Italy fans, that final try from Wales in the last minute hurt 😩 #SixNations https://example.org/match-highlights",309,19,en,SixNations,,https://example.org/match-highlights,12984,Cork,False,Negative
900000000000001583,Fri Feb 27 01:22:47 +0000 2026,offload_official_296,"RT @RugbyRoundupHQ: Ireland attack has gone missing this championship, no ideas at all against France 😩 #Ireland #rugby #ITAvWAL https://rugbynews.example.org/recap",41,556,en,Ireland;rugby;ITAvWAL,,https://rugbynews.example.org/recap,466,Leeds,True,Negative
900000000000001584,Wed Feb 11 10:47:16 +0000 2026,offload__866,"Congratulations to Ireland on a brilliant win over France, the defence was rock solid all match 👏 not gonna lie #Ireland #Rugby https://example.com/stats/tries",383,365,en,Ireland;Rugby,,https://example.com/stats/tries,5212,Toulouse,False,Positive
900000000000001585,Thu Feb 12 04:02:45 +0000 2026,touchline_talk_fr_504,"THAT PERFORMANCE FROM IRELAND WAS CLASS FROM START TO FINISH, 12 POINTS AND NEVER LOOKED BACK 🏉 #Scotland #SixNations #PitchsideView",260,317,en,Scotland;SixNations;PitchsideView,,,6579,Dublin,False,Positive
900000000000001586,Fri Feb 20 01:20:29 +0000 2026,conversion__401,Full time stats: France had 21 points from set pieces against Scotland. #France #SixNations2026,138,306,en,France;SixNations2026,,,836,Cardiff,False,Neutral
900000000000001587,Sun Mar 01 11:43:30 +0000 2026,rucknroll971_972,Gallagher running faster from the ref than from from Italy's defence 🏉 #France #rugby #ENGvFRA https://sixnations.example.net/live,112,290,en,France;rugby;ENGvFRA,,https://sixnations.example.net/live,15598,Rome,False,Positive
900000000000001588,Fri Feb 20 15:36:18 +0000 2026,wingwizard_ie_867,"Absolute unit of a performance from the Ireland pack today, dominating the breakdown 🙌 #Ireland #England #SixNations #rugby #WALvSCO",311,250,en,Ireland;England;SixNations;rugby;WALvSCO,,,6886,,False,Positive
900000000000001589,Fri Feb 13 04:58:11 +0000 2026,the_terrace1981_120,"Coach Lemoine has turned this Ireland team around completely, brilliant tactics against Scotland 😍 #rugby",435,358,en,rugby,,,139934,Glasgow,False,Positive
900000000000001590,Wed Mar 11 00:12:26 +0000 2026,touchline_talk_818,Duffy with a MASSIVE try in the corner!! England fans are buzzing right now 👏 #England #Wales #SixNations,384,505,en,England;Wales;SixNations,,,5982,Manchester,False,Positive
900000000000001591,Sun Feb 22 06:27:34 +0000 2026,touchline_talk_231,"France fans after that missed kick: it's fine, everything's fine 🎉",287,312,en,France;Ireland;SCOvIRE,RuckReportUK,,2198,Leeds,False,Positive
900000000000001592,Sat Mar 07 11:54:26 +0000 2026,scrumtimeofficial_435,"Hard to see past Italy winning this one, England defence has been shaky #England",294,77,en,England,,,16329,Belfast,False,Neutral
900000000000001593,Tue Mar 03 22:45:35 +0000 2026,rugbyfan_ie_767,"Hard to see past Scotland winning this one, Ireland defence has has been shaky class",10,161,en,Ireland;Scotland,,,8029,Swansea,False,Neutral
900000000000001594,Sun Feb 22 16:02:11 +0000 2026,match_watcher_95,Me pretending I understand the offside rule while watching Wales vs France 💪,239,558,en,Championship;FinalWhistle,,,797,Rome,False,Positive
900000000000001595,Thu Feb 12 07:44:26 +0000 2026,ovalball397_898,"France lost the plot in the second half, Ireland punished every single error 🙄 class act #Ireland #Rugby @ScrumCastPod",112,243,en,Ireland;Rugby,ScrumCastPod,,9464,Toulouse,False,Positive
900000000000001596,Tue Feb 17 02:02:57 +0000 2026,rucknrollofficial_886,Weather looks dry for the England vs Wales match at Stade de France today. #England #TeamOfUs #ENGvFRA,47,132,en,England;TeamOfUs;ENGvFRA,,,12103,,False,Neutral
900000000000001597,Sun Feb 22 16:03:34 +0000 2026,lineoutlegend_210,"RT @SixNationsChat: Hard to see past Scotland winning this one, Ireland defence has been shaky #SixNations #FRAvITA",55,192,en,SixNations;FRAvITA,,,1097,Toulouse,True,Neutral
900000000000001598,Thu Feb 26 05:20:32 +0000 2026,the_terrace_520,"Italy fans after that missed kick: it's fine, everything's fine 🏆",357,94,en,,,,2182,Manchester,False,Positive
900000000000001599,Fri Feb 06 21:30:03 +0000 2026,mauling_it888_836,"I reckon Ireland edge this by a converted try over Scotland, defence will be key #Ireland #Scotland #SixNations #MatchDay",100,73,und,Ireland;Scotland;SixNations;MatchDay,,,10077,Newcastle,False,Neutral
900000000000001600,Fri Feb 27 13:57:29 +0000 2026,flyhalf__fr_900,O'Connor running faster from the ref than from England's defence 🙌 #Wales #Championship #FRAvITA,299,325,en,Wales;Championship;FRAvITA,,,6185,Swansea,False,Positive
900000000000001601,Sun Mar 08 03:08:00 +0000 2026,rucknroll_562,Wales confirm ticket sales for Italy clash open this Friday. #Wales #Italy #SixNations #IREvENG,0,258,en,Wales;Italy;SixNations;IREvENG,,,5380,Bristol,False,Neutral
900000000000001602,Wed Feb 18 15:08:22 +0000 2026,offload___784,RT @SixNationsChat: Ticket Ticket prices for the England vs France fixture at Stade de France released today. #England #rugby #RugbyFamily,50,128,en,England;rugby;RugbyFamily,,,5338,Swansea,True,Neutral
900000000000001603,Sun Mar 01 07:56:21 +0000 2026,wingwizard_fr_358,"Coach Bianchi has turned this England team around completely, brilliant tactics against France 🙌 #England #France #SixNations https://rugbynews.example.org/recap",358,501,en,England;France;SixNations,RuckReportUK,https://rugbynews.example.org/recap,11697,Edinburgh,False,Negative
900000000000001604,Sun Feb 22 21:34:12 +0000 2026,ovalball_uk_218,RT @TryLineTalk: Reminder: Italy take on France this weekend in round five of the championship. absolute unit #Italy #MatchDay @RuckReportUK,300,328,en,Italy;MatchDay,RuckReportUK,,7285,Limerick,True,Neutral
900000000000001605,Tue Mar 03 04:32:26 +0000 2026,ovalball_fr_295,Half time score: Wales 21 - 16 France. Tight game so far. #Wales #France #SixNations #rugby #ENGvWAL,156,118,en,Wales;France;SixNations;rugby;ENGvWAL,,,2713,Swansea,False,Neutral
900000000000001606,Mon Mar 02 23:04:59 +0000 2026,rucknroll__446,RT @TryLineTalk: Referee for France vs Wales confirmed as part of the officiating panel this round. #France,196,57,en,France,,,8259,Dublin,True,Neutral
900000000000001607,Thu Mar 12 14:13:34 +0000 2026,rucknroll740_866,"RT @RugbyRoundupHQ: Huge win for Ireland at Stade de France, the crowd was absolutely electric 🏉 @MaulZoneFC https://example.org/match-highlights",117,675,en,,MaulZoneFC,https://example.org/match-highlights,2292,Bristol,True,Positive
900000000000001608,Sat Mar 14 08:42:19 +0000 2026,the_terrace_fr_636,Genuine question: is Coach Delaney the right person to lead Scotland into the final? #Scotland #Rugby #FinalWhistle @TryLineTalk,131,138,en,Scotland;Rugby;FinalWhistle,TryLineTalk,,1307,Swansea,False,Neutral
900000000000001609,Wed Feb 11 18:20:58 +0000 2026,penaltykickerofficial_526,"Ireland defence today: come on in, the door's open lol 👏",112,310,en,Italy;Rugby,,,6854,Dublin,False,Positive
900000000000001610,Sat Mar 07 14:45:31 +0000 2026,lineoutlegend_uk_535,Kickoff between Ireland and Scotland at Aviva Stadium in 30 minutes. #Ireland #Scotland #rugby #Championship #IREvENG,48,315,en,Ireland;Scotland;rugby;Championship;IREvENG,,,1760,Paris,False,Negative
900000000000001611,Fri Mar 13 10:18:06 +0000 2026,rugbyfan_ie_798,"Absolutely gutted for Scotland, that defence completely fell apart against France today 😩 class #France",171,658,en,France,,,18677,Limerick,False,Negative
900000000000001612,Sat Feb 28 11:19:04 +0000 2026,the_terrace_ie_512,Is it just me or has England attack been really flat this championship? #England #SixNations,188,41,en,England;SixNations,,,8132,Cork,False,Neutral
900000000000001613,Sat Feb 21 01:02:59 +0000 2026,penaltykicker2000_199,Kickoff between England and France at Stade de France in 30 minutes. #England #MatchDay #SCOvIRE,23,227,en,England;MatchDay;SCOvIRE,,,32,Rome,False,Negative
900000000000001614,Fri Feb 27 21:34:05 +0000 2026,conversion_official_674,"ENGLAND LOST THE PLOT IN THE SECOND HALF, IRELAND PUNISHED EVERY SINGLE ERROR 😡 #Ireland #MatchDay #IREvENG @MaulZoneFC",167,168,en,Ireland;MatchDay;IREvENG,MaulZoneFC,,5777,Newcastle,False,Negative
900000000000001615,Wed Feb 25 15:49:36 +0000 2026,touchline_talkofficial_746,RT @TryLineTalk: Half time score: France 22 - 35 Ireland. Tight game so far. #France #Ireland #rugby https://example.com/stats/tries,52,170,en,France;Ireland;rugby,,https://example.com/stats/tries,10840,Newcastle,True,Neutral
900000000000001616,Sat Mar 07 06:21:45 +0000 2026,fullback_fan_fr_586,MY PREDICTION: IRELAND 14 - 39 SCOTLAND. SHOULD BE A CRACKING MATCH #Scotland #SixNations #Championship,104,4,en,Scotland;SixNations;Championship,,,5809,London,False,Neutral
900000000000001617,Sat Mar 07 14:27:04 +0000 2026,penaltykicker__983,Whitmore with a MASSIVE try in the corner!! France fans are buzzing right now 🔥 #France #Ireland #SixNations,180,425,en,France;Ireland;SixNations,,,5277,Cardiff,False,Positive
900000000000001618,Wed Mar 11 00:48:14 +0000 2026,wingwizardofficial_231,Weather looks dry for the England vs Ireland match at Aviva Stadium today. #Ireland #SixNations #RugbyFamily,5,129,en,Ireland;SixNations;RugbyFamily,,,16102,Leeds,False,Negative
900000000000001619,Fri Feb 27 06:01:59 +0000 2026,rucknroll_fr_487,"So proud of this Italy team, that final try in the last minute was everything 🎉 #SixNations #SCOvIRE",147,560,en,SixNations;SCOvIRE,OvalBallDaily,,6553,Milan,False,Positive
900000000000001620,Sat Mar 07 00:58:40 +0000 2026,match_watcher__640,England announce squad for upcoming Ireland fixture at Principality Stadium. #England #SixNations,112,332,en,England;SixNations,,,4487,Cardiff,False,Neutral
900000000000001621,Wed Feb 18 20:06:04 +0000 2026,fullback_fan_uk_19,"CAN'T BELIEVE IRELAND LET THAT LEAD SLIP AGAINST WALES, SO MUCH FOR THE CHAMPIONSHIP DREAM 😤 #Ireland #Wales #rugby",79,325,en,Ireland;Wales;rugby,,,5947,Manchester,False,Negative
900000000000001622,Sat Feb 07 23:51:17 +0000 2026,sidestep872_515,"Absolutely gutted for Wales, that defence completely fell apart against Scotland today 😩 #Wales #Scotland #rugby",163,190,en,Wales;Scotland;rugby,,,12687,Belfast,False,Negative
900000000000001623,Sat Feb 28 23:26:05 +0000 2026,sidestep__78,RT @PitchsideNews: Half time score: Italy 14 - 35 Ireland. Tight game so far. not gonna lie #Rugby #rugby #IREvFRA,194,2,en,Rugby;rugby;IREvFRA,,,5291,Newcastle,True,Neutral
900000000000001624,Wed Mar 04 07:52:49 +0000 2026,scrumtime1992_590,"Devastating result for Ireland fans, that final try from France in the last minute hurt 🙄 #France #SixNations https://example.net/highlights-reel",220,70,en,France;SixNations,,https://example.net/highlights-reel,5390,Rome,False,Negative
900000000000001625,Mon Feb 23 12:54:38 +0000 2026,penaltykicker__191,"The England defence has been immense this championship, barely conceding a try 🏉 #England #Italy #ENGvWAL @MaulZoneFC",138,276,en,England;Italy;ENGvWAL,MaulZoneFC,,1227,Bristol,False,Positive
900000000000001626,Mon Feb 09 07:58:30 +0000 2026,grandslamgal716_363,Pundits are split on whether Scotland or Wales will control possession today. #SixNations,19,20,en,SixNations,,,6520,Milan,False,Neutral
900000000000001627,Wed Mar 11 21:04:44 +0000 2026,the_terrace_71,"RT @PitchsideNews: Absolute unit of a performance from the Ireland pack today, dominating the breakdown 💪 #Ireland #England #SixNations",285,498,en,Ireland;England;SixNations,TryLineTalk,,4078,Toulouse,True,Positive
900000000000001628,Mon Mar 02 14:35:41 +0000 2026,scrumtimeofficial_247,Half time score: England 38 - 16 Ireland. Tight game so far. so gutted #England,37,137,en,England,,,111159,Glasgow,False,Neutral
900000000000001629,Thu Mar 12 12:28:34 +0000 2026,penaltykicker2004_27,"RT @SixNationsChat: Watching France vs Scotland with my nan, she knows more about rugby than the pundits 🎉 @RuckReportUK",102,69,en,,RuckReportUK,,371,Cork,True,Positive
900000000000001630,Thu Mar 12 01:16:21 +0000 2026,conversion_1984_507,Kickoff between Ireland and Wales at Stadio Olimpico in 30 minutes. buzzing #Ireland #Wales #rugby #SixNations,70,153,en,Ireland;Wales;rugby;SixNations,,,66,Edinburgh,False,Neutral
900000000000001631,Fri Mar 06 02:02:29 +0000 2026,match_watcher_172,Pundits are split on whether England or Wales will control possession today. so gutted #England #SixNations #rugby,65,266,en,England;SixNations;rugby,,,6750,Toulouse,False,Neutral
900000000000001632,Mon Mar 02 14:11:00 +0000 2026,kickoffking_229,Reilly with a MASSIVE try in the corner!! Ireland fans are buzzing right now 🏆 #Ireland #France #ENGvFRA,72,68,en,Ireland;France;ENGvFRA,,,10294,London,False,Positive
900000000000001633,Fri Feb 20 03:54:45 +0000 2026,ovalball_fr_685,"Absolutely gutted for Scotland, that defence completely fell apart against Ireland today 😩",69,376,en,Scotland;rugby,,,7282,,False,Negative
900000000000001634,Mon Feb 23 14:38:41 +0000 2026,trylinehero_uk_287,"RT @TryLineTalk: Ireland attack has gone missing this championship, no ideas at all against England 🙄 https://example.com/stats/tries",87,210,en,,,https://example.com/stats/tries,4207,Glasgow,True,Negative
900000000000001635,Sat Mar 07 02:07:25 +0000 2026,match_watcherofficial_486,"Scotland fans after that missed kick: it's fine, everything's fine 🙌",248,279,fr,ITAvWAL,,,241,Belfast,False,Positive
900000000000001636,Mon Mar 09 13:54:33 +0000 2026,penaltykicker_uk_812,Scotland confirm ticket sales for France clash open this Friday.,187,211,en,Scotland;rugby,,,715,Rome,False,Neutral
900000000000001637,Mon Feb 09 15:01:30 +0000 2026,offload__fr_184,"So proud of this England team, that final try in the last minute was everything 😍 #England #SixNations",320,600,fr,England;SixNations,,,4651,Glasgow,False,Positive
900000000000001638,Sat Mar 07 16:51:41 +0000 2026,flyhalf__fr_349,RT @TryLineTalk: Ticket prices for the France vs England fixture at Stadio Olimpico released today. #RugbyUnion #SixNations https://example.org/match-highlights,63,386,en,RugbyUnion;SixNations,,https://example.org/match-highlights,1332,Swansea,True,Neutral
900000000000001639,Sat Feb 28 15:26:44 +0000 2026,mauling_it15_790,Reminder: England take on Ireland this weekend in round five of the championship. #rugby,49,228,en,rugby,,,5330,Dublin,False,Neutral
900000000000001640,Fri Feb 13 12:29:19 +0000 2026,touchline_talk__795,Reminder: Ireland take on Wales this weekend in round five of the championship. #rugby #RugbyUnion,157,198,en,rugby;RugbyUnion,,,766,,False,Neutral
900000000000001641,Sun Mar 01 12:31:01 +0000 2026,ovalball_uk_833,Half time score: France 10 - 42 England. Tight game so far. #France #RugbyUnion #SixNations,42,363,en,France;RugbyUnion;SixNations,ScrumCastPod,,3047,Edinburgh,False,Neutral
900000000000001642,Fri Feb 06 21:17:37 +0000 2026,ovalball_uk_130,RT @RugbyRoundupHQ: Kickoff between France and England at Twickenham in 30 minutes. #France #Rugby #ENGvFRA,73,345,en,France;Rugby;ENGvFRA,,,2729,Newcastle,True,Neutral
900000000000001643,Tue Mar 03 15:02:25 +0000 2026,offload__610,RT @RugbyRoundupHQ: Ferreira starts at fly-half for Italy this weekend against Ireland. class act #SixNations #IREvENG,105,32,en,SixNations;IREvENG,,,3939,Manchester,True,Positive
900000000000001644,Sat Feb 21 18:47:31 +0000 2026,flyhalf__235,"What a game!! Wales absolutely dominated Italy tonight, that attack was unreal 🔥 unreal",186,382,en,FRAvITA,,,3885,Limerick,False,Negative
900000000000001645,Wed Mar 11 15:19:44 +0000 2026,match_watcher__642,Scotland confirm ticket sales for Wales clash open this Friday. #Scotland @OvalBallDaily,136,240,en,Scotland,OvalBallDaily,,11277,Swansea,False,Neutral
900000000000001646,Sat Mar 07 00:56:42 +0000 2026,wingwizard__171,"RT @SixNationsChat: Congratulations to Ireland on a brilliant win over Scotland, the defence was rock solid all match 🙌 #Ireland #Scotland",406,275,en,Ireland;Scotland,,,7295,Dublin,True,Positive
900000000000001647,Sun Feb 15 04:40:17 +0000 2026,kickoffking_fr_113,"Scotland attack has gone missing this championship, no ideas at all against Ireland 😡 unreal #Scotland #Ireland #SixNations https://example.net/highlights-reel",61,36,en,Scotland;Ireland;SixNations,,https://example.net/highlights-reel,5425,,False,Negative
900000000000001648,Wed Feb 18 07:30:13 +0000 2026,mauling_itofficial_835,Report: Coach Sutherland set to extend contract with England after strong championship run. #Wales #SixNations,119,499,en,Wales;SixNations,,,13446,Dublin,False,Neutral
900000000000001649,Sat Mar 07 12:32:36 +0000 2026,the_terrace317_605,Reminder: France take on Wales this weekend in round five of the championship. so gutted #France,206,465,en,France,,,4887,Toulouse,False,Neutral
900000000000001650,Sun Mar 08 16:48:34 +0000 2026,mauling_it_995,RT @PitchsideNews: Reminder: France take on Wales this weekend in round five of the championship. big mood #France #SixNations #Rugby @PitchsideNews,5,17,en,France;SixNations;Rugby,PitchsideNews,,4121,Milan,True,Neutral
900000000000001651,Mon Feb 09 17:16:20 +0000 2026,conversion__482,"RT @PitchsideNews: If England sort out their lineout, they beat Italy comfortably this weekend class act",40,74,en,England;Rugby;WALvSCO,,,360,Paris,True,Neutral
900000000000001652,Sun Feb 15 14:49:11 +0000 2026,conversion__86,Pundits are split on whether Italy or Wales will control possession today. #Wales #SixNations #Rugby,121,364,en,Wales;SixNations;Rugby,,,977,Cork,False,Neutral
900000000000001653,Fri Mar 06 12:39:30 +0000 2026,ovalball225_322,"Full time: England 32 - 36 Scotland. What a match, England deserved every point 👏 #England",195,691,en,England,,,2667,Manchester,False,Positive
900000000000001654,Mon Feb 23 15:14:38 +0000 2026,scrumtime_360,What's the team news for Ireland vs France this weekend? Anyone seen the lineup? not gonna lie #SixNations #TryTime,69,122,en,SixNations;TryTime,,,9706,Paris,False,Neutral
900000000000001655,Wed Feb 11 01:06:02 +0000 2026,wingwizard1986_130,"I reckon England edge this by a converted try over France, defence will be key #France #ITAvWAL @RugbyRoundupHQ",81,399,en,France;ITAvWAL,RugbyRoundupHQ,,6202,,False,Negative
900000000000001656,Wed Feb 11 15:49:54 +0000 2026,ovalball_43,"RT @SixNationsChat: Huge win for France at Twickenham, the crowd was absolutely electric 😍 #France #FRAvITA https://example.net/highlights-reel",315,705,en,France;FRAvITA,OvalBallDaily,https://example.net/highlights-reel,2022,London,True,Positive
900000000000001657,Sun Feb 22 03:23:30 +0000 2026,touchline_talk2005_568,Me pretending I understand the offside rule while watching England vs Ireland 🏆 #SixNations #ENGvFRA,296,395,en,SixNations;ENGvFRA,,,4410,Limerick,False,Positive
900000000000001658,Fri Feb 13 20:27:45 +0000 2026,rugbyfan_648,Full time stats: England had 14 points from set pieces against France. #England @SixNationsChat,72,53,en,England,SixNationsChat,,1350,Edinburgh,False,Neutral
900000000000001659,Sun Feb 22 22:17:18 +0000 2026,mauling_it_ie_620,BREAKING: Gallagher ruled out for Ireland with injury ahead of England match.,44,346,en,Ireland;SixNations,,,2577,,False,Negative
900000000000001660,Sat Feb 21 04:44:29 +0000 2026,rucknroll_uk_529,WHY DOES IRELAND KEEP GIVING AWAY PENALTIES IN THEIR OWN HALF AGAINST ENGLAND?? https://rugbynews.example.org/recap,29,334,en,England;RoundFive,,https://rugbynews.example.org/recap,476,Milan,False,Neutral
900000000000001661,Thu Feb 12 14:04:16 +0000 2026,flyhalf__ie_59,"Not the France performance we needed, way too many mistakes in attack 😤 buzzing #rugby #IREvENG",163,208,en,rugby;IREvENG,,,16336,London,False,Negative
900000000000001662,Mon Feb 16 18:39:08 +0000 2026,flyhalf__fr_279,"Devastating result for Ireland fans, that final try from England in the last minute hurt 🙄 #Ireland #England #Rugby @OvalBallDaily",59,390,en,Ireland;England;Rugby,OvalBallDaily,,11397,Manchester,False,Negative
900000000000001663,Mon Feb 23 06:18:02 +0000 2026,sidestep_558,Half time score: England 35 - 8 Ireland. Tight game so far. #England #Ireland #rugby,58,32,en,England;Ireland;rugby,,,2415,Newcastle,False,Neutral
900000000000001664,Thu Feb 12 00:52:19 +0000 2026,match_watcherofficial_326,"Full time: Ireland 19 - 14 Italy. Rough night for Ireland, defence was shocking 🙄 #Ireland #rugby #WALvSCO",133,312,en,Ireland;rugby;WALvSCO,,,264,Cardiff,False,Negative
900000000000001665,Sat Feb 14 01:59:44 +0000 2026,kickoffking1991_793,"England 1 - 0 doubters. What a win against Italy, championship dream still alive 😍 #England #Italy #Rugby",217,309,en,England;Italy;Rugby,,,1486,Belfast,False,Positive
900000000000001666,Sun Mar 01 10:56:58 +0000 2026,trylinehero_75,"Best Wales performance in years, that co-ordinated attack ripped England apart 🙌 absolute unit",208,885,en,,,,174,Paris,False,Positive
900000000000001667,Fri Feb 27 06:21:41 +0000 2026,rugbyfan2013_327,"Wales attack has gone missing this championship, no ideas at all against France 😡",178,269,en,Wales;rugby;SixNations,PitchsideNews,,10593,Toulouse,False,Negative
900000000000001668,Sun Feb 22 03:51:05 +0000 2026,scrumtime_864,"Watching Scotland vs France with my nan, she knows more about rugby than the pundits 🏉 #Scotland #WALvSCO",452,355,en,Scotland;WALvSCO,,,6111,,False,Positive
900000000000001669,Fri Feb 27 04:52:33 +0000 2026,sidestep_893,RT @SixNationsChat: Moretti starts at fly-half for Wales this weekend against Scotland. #Wales #rugby #SCOvIRE @TryLineTalk,73,26,en,Wales;rugby;SCOvIRE,TryLineTalk,,6924,Edinburgh,True,Neutral
900000000000001670,Tue Feb 10 22:31:05 +0000 2026,mauling_it__149,"What a game!! Italy absolutely dominated Ireland tonight, that attack was unreal 😍",60,377,en,Italy;Championship,,,2955,Glasgow,False,Positive
900000000000001671,Fri Mar 13 11:28:58 +0000 2026,kickoffking_fr_994,Is it just me or has Wales attack been really flat this championship? class #SixNations #IREvENG #RugbyFamily,14,140,en,SixNations;IREvENG;RugbyFamily,,,2469,,False,Neutral
900000000000001672,Fri Mar 06 12:18:34 +0000 2026,conversion___950,Lecomte starts at fly-half for Italy this weekend against Ireland. not gonna lie #Italy #rugby,159,149,en,Italy;rugby,,,9581,Paris,False,Neutral
900000000000001673,Thu Mar 12 12:51:59 +0000 2026,flyhalf__ie_635,Fitzgerald with a MASSIVE try in the corner!! France fans are buzzing right now 💪 #France #Wales #SixNations,403,307,en,France;Wales;SixNations,,,331,London,False,Positive
900000000000001674,Fri Feb 20 17:16:20 +0000 2026,grandslamgal1991_635,"The Wales defence has been immense this championship, barely conceding conceding a try 😍 #Wales #RugbyUnion #ENGvFRA",345,483,en,Wales;RugbyUnion;ENGvFRA,,,5393,Cardiff,False,Positive
900000000000001675,Sun Feb 15 16:00:24 +0000 2026,trylinehero_ie_502,RT @TryLineTalk: O'Connor with a MASSIVE try in the corner!! Italy fans are buzzing right now 🙌 absolute unit #SixNations #RugbyUnion,260,183,en,SixNations;RugbyUnion,,,4113,Edinburgh,True,Positive
900000000000001676,Sun Feb 15 13:10:32 +0000 2026,scrumtime_uk_56,RT @TryLineTalk: Pundits are split on whether Wales or England will control possession today. #Rugby @SixNationsChat,114,150,en,Rugby,SixNationsChat,,1750,Edinburgh,True,Neutral
900000000000001677,Wed Feb 25 16:51:19 +0000 2026,fullback_fanofficial_393,"Fitzgerald missed another kick, England really struggling for points tonight 😡 #Wales #SixNations @RuckReportUK",28,253,en,Wales;SixNations,RuckReportUK,,13857,Nice,False,Negative
900000000000001678,Tue Feb 24 09:44:57 +0000 2026,offload__307,RT @PitchsideNews: Novak with with a MASSIVE try in the corner!! Ireland fans are buzzing right now 👏 #Ireland #SixNations #WALvSCO,379,392,en,Ireland;SixNations;WALvSCO,,,3859,Manchester,True,Positive
900000000000001679,Thu Mar 12 03:56:29 +0000 2026,kickoffking__232,"RT @PitchsideNews: Coach Delaney has turned this Ireland team around completely, brilliant tactics against England 🙌 buzzing #ITAvWAL",137,240,en,ITAvWAL,,,2900,Glasgow,True,Positive
900000000000001680,Sat Feb 14 04:37:21 +0000 2026,mauling_itofficial_488,BREAKING: Duffy ruled out for Ireland with injury ahead of England match. #England #RugbyUnion @SixNationsChat,194,117,en,England;RugbyUnion,SixNationsChat,,1031,Limerick,False,Neutral
900000000000001681,Sat Feb 14 06:24:48 +0000 2026,lineoutlegend_fr_831,Ticket prices for the Wales vs England fixture at Stadio Olimpico released today. #Wales #England #rugby #MatchDay,31,66,fr,Wales;England;rugby;MatchDay,,,1640,Rome,False,Neutral
900000000000001682,Thu Feb 26 15:36:40 +0000 2026,trylinehero_483,Weather looks dry for the Wales vs England England match at Murrayfield today. #SixNations,52,1,en,SixNations,,,3393,,False,Neutral
900000000000001683,Sat Feb 14 08:24:06 +0000 2026,lineoutlegend2019_234,Referee for Ireland vs England confirmed as part of the officiating panel this round. #England #WALvSCO,76,280,en,England;WALvSCO,PitchsideNews,,4214,Manchester,False,Neutral
900000000000001684,Tue Feb 17 06:30:39 +0000 2026,offload__ie_409,Is it just me or has Italy attack been really flat this championship? #Italy #SixNations,183,283,en,Italy;SixNations,,,6173,Limerick,False,Neutral
900000000000001685,Sat Feb 14 13:41:33 +0000 2026,the_terrace900_525,Kowalski with a MASSIVE try in the corner!! Wales fans are buzzing right now 🎉 #Wales #Ireland #SixNations #ENGvFRA,93,494,en,Wales;Ireland;SixNations;ENGvFRA,,,2119,Belfast,False,Positive
900000000000001686,Sat Feb 14 22:26:41 +0000 2026,propforce_fr_328,BREAKING: DEVINE RULED OUT FOR WALES WITH INJURY AHEAD OF ENGLAND MATCH.,126,237,en,Wales;rugby;WALvSCO,,,2272,Glasgow,False,Neutral
900000000000001687,Sat Mar 14 03:00:48 +0000 2026,fullback_fan_326,RT @SixNationsChat: Weather looks dry for the France vs Wales match at Principality Stadium today. #France #Championship,14,167,en,France;Championship,,,4316,Dublin,True,Neutral
900000000000001688,Tue Feb 17 23:55:25 +0000 2026,trylinehero1988_587,"Devastating result for Scotland fans, that final try from England in the last minute hurt 💔 #England #SixNations",14,231,en,England;SixNations,,,4226,Limerick,False,Negative
900000000000001689,Mon Feb 16 10:20:25 +0000 2026,wingwizard1983_689,"Absolute unit of a performance from the Ireland pack today, dominating the breakdown 🙌 #England",189,510,en,England,,,8127,Newcastle,False,Positive
900000000000001690,Thu Feb 26 05:12:07 +0000 2026,mauling_it_uk_824,Anyone know why Duffy isn't starting for France today?? #France #RoundFive,3,231,en,France;RoundFive,,,11022,Edinburgh,False,Neutral
900000000000001691,Tue Feb 10 22:48:47 +0000 2026,fullback_fan_ie_844,"Congratulations to Scotland on a brilliant win over Ireland, the defence was rock solid all match 💪 #RugbyUnion @PitchsideNews",238,412,en,RugbyUnion,PitchsideNews,,4596,Dublin,False,Positive
900000000000001692,Sat Feb 14 01:16:38 +0000 2026,fullback_fan2017_416,What's the team news for Italy vs Wales this weekend? Anyone seen the lineup? #Wales #SixNations #ENGvFRA #FinalWhistle @RugbyRoundupHQ,120,39,en,Wales;SixNations;ENGvFRA;FinalWhistle,RugbyRoundupHQ,,9001,Leeds,False,Neutral
900000000000001693,Fri Feb 20 02:51:14 +0000 2026,grandslamgal_uk_301,Kowalski with a MASSIVE try in the corner!! France fans are buzzing right now 🏉 #France,357,646,en,France,,,6128,Rome,False,Positive
900000000000001694,Thu Mar 12 00:45:38 +0000 2026,fullback_fan_uk_131,Full time stats: Wales had 7 points from set pieces against France. #France #rugby @ScrumCastPod,123,82,en,France;rugby,ScrumCastPod,,13567,Glasgow,False,Neutral
900000000000001695,Fri Feb 13 17:33:53 +0000 2026,the_terrace_fr_652,My prediction: England 27 - 42 Scotland. Should be a cracking match #SixNations,126,37,en,SixNations,,,925,Belfast,False,Neutral
900000000000001696,Fri Feb 27 05:30:34 +0000 2026,scrumtime_uk_840,RT @TryLineTalk: Ticket prices for the England vs Italy fixture at Murrayfield released today. #England #SixNations,168,18,en,England;SixNations,,,7478,Edinburgh,True,Neutral
900000000000001697,Tue Mar 10 16:52:21 +0000 2026,trylineheroofficial_891,"So proud of this Scotland team, that final try in the last minute was everything 🏉 #Scotland",342,500,en,Scotland,MaulZoneFC,,1341,Toulouse,False,Positive
900000000000001698,Tue Feb 24 14:33:03 +0000 2026,penaltykicker__750,Referee for Ireland vs England confirmed as part of the officiating panel this round. #Ireland #England #rugby https://example.net/highlights-reel,34,308,en,Ireland;England;rugby,,https://example.net/highlights-reel,1656,Toulouse,False,Neutral
900000000000001699,Tue Feb 24 16:42:29 +0000 2026,scrumtimeofficial_862,Me pretending I understand the offside rule while watching Wales vs France 🔥,545,432,en,Wales;FRAvITA,TryLineTalk,,5195,Belfast,False,Positive
900000000000001700,Sun Feb 08 08:20:46 +0000 2026,fullback_fan_895,"RT @TryLineTalk: Ireland defence today: come on in, the door's open lol 🙌 #Ireland @MaulZoneFC",239,700,en,Ireland,MaulZoneFC,,6290,Leeds,True,Positive
900000000000001701,Thu Mar 05 19:14:30 +0000 2026,penaltykicker_fr_531,"Coach Sutherland needs to explain this Ireland performance, nowhere near good enough vs Wales 😤 #Ireland #Wales #SixNations #RoundFive https://rugbynews.example.org/recap",68,384,en,Ireland;Wales;SixNations;RoundFive,,https://rugbynews.example.org/recap,5857,Leeds,False,Negative
900000000000001702,Thu Mar 12 08:14:10 +0000 2026,sidestep335_308,"So disappointed watching Wales today, Ireland deserved that win comfortably 😩 #Wales #SixNations",62,343,en,Wales;SixNations,,,13245,,False,Negative
900000000000001703,Fri Feb 20 21:12:01 +0000 2026,scrumtime_492,"Ireland fans after that missed kick: it's fine, everything's fine 🔥 #Ireland #MatchDay",272,575,en,Ireland;MatchDay,,,960,Bristol,False,Positive
900000000000001704,Wed Feb 18 12:11:56 +0000 2026,touchline_talk_uk_302,Whitmore with a MASSIVE try in the corner!! Ireland fans are buzzing right now 🙌,157,248,en,,,,3525,Paris,False,Positive
900000000000001705,Sat Feb 28 03:51:09 +0000 2026,scrumtime_uk_947,"Absolute unit of a performance from the France pack today, dominating the the breakdown 🎉",259,227,en,,,,4950,Edinburgh,False,Positive
900000000000001706,Fri Feb 13 05:40:20 +0000 2026,rucknroll_fr_746,"Best England performance in years, that co-ordinated attack ripped Ireland apart 🏉 @OvalBallDaily",366,522,en,England;Ireland;Championship;rugby;FRAvITA,OvalBallDaily,,7357,Paris,False,Negative
900000000000001707,Mon Feb 09 20:09:47 +0000 2026,wingwizard_22,"RT @RugbyRoundupHQ: Congratulations to France on a brilliant win over Italy, the defence was rock solid all match 🙌 #Italy #Rugby #rugby",274,665,en,Italy;Rugby;rugby,MaulZoneFC,,1067,Cork,True,Positive
900000000000001708,Tue Mar 03 13:12:48 +0000 2026,kickoffking_uk_72,RT @TryLineTalk: Weather looks dry for the Scotland vs France match at Stade de France today.,22,87,en,Scotland,,,5600,Swansea,True,Neutral
900000000000001709,Mon Mar 02 14:28:14 +0000 2026,touchline_talkofficial_122,"Marsh missed another kick, Wales really struggling for points tonight 💔 so gutted @RugbyRoundupHQ",10,84,en,Wales;CrunchTime,RugbyRoundupHQ,,3964,Belfast,False,Negative
900000000000001710,Mon Feb 09 03:13:31 +0000 2026,offload_1982_286,What's the team news for France vs Wales this weekend? Anyone seen the lineup? #Wales #rugby https://rugbynews.example.org/recap,84,155,en,Wales;rugby,,https://rugbynews.example.org/recap,1053,Nice,False,Neutral
900000000000001711,Sat Feb 14 03:54:36 +0000 2026,kickoffking_491,"If England sort out their lineout, they beat Wales comfortably this weekend #England #Wales #rugby #IREvENG @TryLineTalk",111,40,en,England;Wales;rugby;IREvENG,TryLineTalk,,2579,Newcastle,False,Neutral
900000000000001712,Sun Mar 01 19:07:59 +0000 2026,penaltykicker_162,"HUGE WIN FOR FRANCE AT PRINCIPALITY STADIUM, THE CROWD WAS ABSOLUTELY ELECTRIC 🔥 #France #SixNations #rugby",284,186,en,France;SixNations;rugby,,,6008,Rome,False,Positive
900000000000001713,Sat Feb 28 23:05:49 +0000 2026,grandslamgal944_888,My prediction: Ireland Ireland 32 - 7 Scotland. Should be a cracking match #RugbyUnion @RugbyRoundupHQ,128,89,en,RugbyUnion,RugbyRoundupHQ,,6022,Newcastle,False,Neutral
900000000000001714,Thu Feb 19 09:08:09 +0000 2026,propforce_fr_578,"So proud of this France team, that final try in the last minute was everything 🎉 not gonna lie",90,581,en,France;Ireland;SixNations,,,7306,Dublin,False,Positive
900000000000001715,Fri Feb 06 13:55:23 +0000 2026,penaltykicker896_261,RT @RugbyRoundupHQ: Ticket prices for the England vs Ireland fixture at Twickenham released today. #TeamOfUs #rugby,27,149,en,TeamOfUs;rugby,,,16644,Cork,True,Neutral
900000000000001716,Mon Feb 23 18:08:41 +0000 2026,match_watcher427_659,"So disappointed watching England today, Wales deserved that win comfortably 💔 https://example.org/match-highlights",97,293,en,,,https://example.org/match-highlights,3205,,False,Negative
900000000000001717,Tue Feb 24 12:21:38 +0000 2026,mauling_it__94,Reminder: England take on Ireland this weekend in round five of the championship. #England #TeamOfUs #rugby #ITAvWAL @OvalBallDaily https://example.org/match-highlights,77,126,en,England;TeamOfUs;rugby;ITAvWAL,OvalBallDaily,https://example.org/match-highlights,22,Manchester,False,Neutral
900000000000001718,Thu Feb 26 21:09:12 +0000 2026,ovalball1984_309,Me pretending I understand the offside rule while watching England vs Scotland 🏆 #Scotland #rugby,42,476,en,Scotland;rugby,,,6032,Edinburgh,False,Positive
900000000000001719,Fri Feb 27 11:32:22 +0000 2026,kickoffking_548,"Full time: Wales 28 - 8 Scotland. What a match, Wales deserved every point 🙌 #Wales #Scotland",206,512,en,Wales;Scotland,,,4938,Nice,False,Positive
900000000000001720,Sat Feb 21 12:18:22 +0000 2026,flyhalf__uk_957,"WATCHING WALES VS IRELAND WITH MY NAN, SHE KNOWS MORE ABOUT RUGBY THAN THE PUNDITS 🏆 #Wales #RoundFive",358,478,en,Wales;RoundFive,,,969,Limerick,False,Neutral
900000000000001721,Sat Feb 21 19:10:35 +0000 2026,match_watcher1994_523,"Full time: Wales 18 - 26 Scotland. Rough night for Wales, defence was shocking 😤 #SixNations #ENGvFRA",185,252,en,SixNations;ENGvFRA,,,9479,Bristol,False,Negative
900000000000001722,Mon Feb 09 15:28:12 +0000 2026,touchline_talk523_754,What's the team news for Scotland vs England this weekend? Anyone seen the lineup? #Scotland #RugbyUnion #Rugby,58,45,en,Scotland;RugbyUnion;Rugby,,,7823,Manchester,False,Neutral
900000000000001723,Wed Feb 25 23:12:47 +0000 2026,flyhalf__954,RT @RugbyRoundupHQ: England announce squad for upcoming Wales fixture at Principality Stadium. #England #ITAvWAL #RoundFive @TryLineTalk,2,364,en,England;ITAvWAL;RoundFive,TryLineTalk,,1088,Milan,True,Neutral
900000000000001724,Fri Mar 06 06:52:26 +0000 2026,flyhalf_197_436,"Absolutely gutted for Ireland, that defence completely fell apart against Wales today 😩 #Ireland #Wales #rugby #SCOvIRE",65,116,en,Ireland;Wales;rugby;SCOvIRE,,,11307,,False,Positive
900000000000001725,Tue Mar 03 18:04:34 +0000 2026,conversion__uk_13,RT @SixNationsChat: Team news: Coach Kavanagh makes three changes for England ahead of the Wales match. #Wales #Rugby,89,250,en,Wales;Rugby,,,8656,,True,Neutral
900000000000001726,Wed Mar 04 22:54:51 +0000 2026,mauling_it_ie_184,RT @TryLineTalk: COSTA STARTS AT FLY-HALF FOR FRANCE THIS WEEKEND AGAINST ENGLAND. #England #SixNations #rugby,115,11,en,England;SixNations;rugby,,,3094,Rome,True,Neutral
900000000000001727,Thu Mar 12 01:01:33 +0000 2026,flyhalf_official_382,"Coach Kavanagh has turned this Wales team around completely, brilliant tactics against England 🏆 #Wales #England",329,416,en,Wales;England,MaulZoneFC,,1207,Paris,False,Positive
900000000000001728,Sun Mar 08 13:12:59 +0000 2026,rucknroll_uk_60,Genuine question: is Coach Harrington the right person to lead Wales into the final? class act #Wales #England #Rugby https://example.com/rugby-report,57,257,en,Wales;England;Rugby,,https://example.com/rugby-report,8748,Swansea,False,Negative
900000000000001729,Wed Feb 18 03:12:36 +0000 2026,trylinehero_fr_443,Marsh running faster from the ref than from Ireland's defence 🏆,201,474,en,Ireland;SixNations;IREvFRA,,,3001,Rome,False,Positive
900000000000001730,Sat Feb 14 02:15:18 +0000 2026,the_terrace_ie_288,RT @TryLineTalk: ME PRETENDING I UNDERSTAND THE OFFSIDE RULE WHILE WATCHING ITALY VS ENGLAND 🎉 #Italy #England #SixNations,363,331,en,Italy;England;SixNations,,,2880,Cardiff,True,Positive
900000000000001731,Tue Feb 17 12:04:07 +0000 2026,grandslamgal1991_38,"Wales lost the plot in the second half, France punished every single error 💔 #Wales #France #SixNations #ITAvWAL",113,4,en,Wales;France;SixNations;ITAvWAL,,,7036,,False,Negative
900000000000001732,Fri Feb 06 15:58:19 +0000 2026,match_watcher_ie_369,Official: kickoff time confirmed for Scotland vs Wales at Stadio Olimpico. #Wales #MatchDay,10,160,en,Wales;MatchDay,,,5822,Limerick,False,Neutral
900000000000001733,Tue Mar 10 18:10:07 +0000 2026,match_watcher_124,"Predicting a tight one between Ireland and Italy, could go either way tbh #Ireland",184,251,en,Ireland,,,4461,Rome,False,Neutral
900000000000001734,Thu Feb 12 14:19:34 +0000 2026,penaltykicker_ie_566,"Hard to see past Italy winning this one, Ireland defence has been shaky #Ireland #SixNations https://rugbynews.example.org/recap",95,191,en,Ireland;SixNations,ScrumCastPod,https://rugbynews.example.org/recap,6894,Leeds,False,Neutral
900000000000001735,Sat Mar 07 15:08:03 +0000 2026,kickoffking__378,Full time stats: Ireland had 21 points from set pieces against England. #Ireland #MatchDay @ScrumCastPod,141,161,en,Ireland;MatchDay,ScrumCastPod,,92,Milan,False,Neutral
900000000000001736,Mon Feb 16 10:15:09 +0000 2026,the_terrace_uk_928,"RT @SixNationsChat: Terrible decision from the referee there, cost France the match against Italy honestly 😡 #France #IREvFRA",23,337,en,France;IREvFRA,,,6679,Milan,True,Negative
900000000000001737,Sun Feb 08 00:17:18 +0000 2026,ovalball_58,RT @PitchsideNews: Full time stats: Scotland had 5 points from set pieces against England. #Scotland #Championship https://sixnations.example.net/live,106,282,en,Scotland;Championship,,https://sixnations.example.net/live,8429,Bristol,True,Neutral
900000000000001738,Thu Feb 19 23:37:19 +0000 2026,scrumtime_uk_775,"Italy fans after that missed kick: it's fine, fine, everything's fine 🎉 so gutted #Italy #Scotland #Championship",78,571,en,Italy;Scotland;Championship,,,4990,Dublin,False,Positive
900000000000001739,Wed Mar 11 11:57:09 +0000 2026,scrumtime_uk_514,"RT @RugbyRoundupHQ: The Ireland defence has been immense this championship, barely conceding a try 😍 #Ireland #Wales #RugbyUnion #rugby https://example.com/stats/tries",44,388,en,Ireland;Wales;RugbyUnion;rugby,SixNationsChat,https://example.com/stats/tries,16011,,True,Positive
900000000000001740,Mon Feb 16 07:41:49 +0000 2026,scrumtime2020_778,RT @PitchsideNews: Marsh starts at fly-half for Scotland this weekend against Ireland. #Ireland #SixNations #rugby #ITAvWAL,33,140,en,Ireland;SixNations;rugby;ITAvWAL,,,1180,Belfast,True,Neutral
900000000000001741,Tue Feb 24 21:02:30 +0000 2026,trylinehero__848,Weather looks dry for the Wales vs England match at Murrayfield today. #Wales #England #Rugby #TryTime https://example.com/rugby-report,12,98,en,Wales;England;Rugby;TryTime,,https://example.com/rugby-report,916,Cardiff,False,Neutral
900000000000001742,Mon Feb 09 04:53:44 +0000 2026,offload__fr_409,"RT @PitchsideNews: Terrible decision from the referee there, cost Ireland the match against France honestly 😤 #France #Rugby #rugby https://rugbynews.example.org/recap",188,462,en,France;Rugby;rugby,,https://rugbynews.example.org/recap,8530,Toulouse,True,Negative
900000000000001743,Wed Feb 18 11:30:03 +0000 2026,ovalball__641,"Full time: Ireland 19 - 29 Scotland. What a match, Ireland deserved every point 🔥 big mood #Ireland #Scotland #SixNations",42,502,en,Ireland;Scotland;SixNations,,,2628,,False,Positive
900000000000001744,Fri Feb 06 13:50:20 +0000 2026,fullback_fan1982_108,"I reckon Ireland edge this by a converted try over Scotland, defence will be key #Ireland #MatchDay",134,193,en,Ireland;MatchDay,,,2250,Edinburgh,False,Neutral
900000000000001745,Sat Mar 14 02:17:08 +0000 2026,propforce1992_361,Weather looks dry for the France vs Scotland match at Twickenham today. class act #SixNations #rugby,267,387,en,SixNations;rugby,,,3969,Milan,False,Neutral
900000000000001746,Sun Feb 22 00:14:11 +0000 2026,penaltykicker551_886,Weather looks dry for the Wales vs Scotland match at Stade de France today. #MatchDay #RugbyFamily,39,7,en,MatchDay;RugbyFamily,,,8367,Cork,False,Neutral
900000000000001747,Thu Mar 12 01:24:00 +0000 2026,sidestep_614,"Absolutely gutted for England, that defence completely fell apart against Italy today 😩 #England #TeamOfUs @RuckReportUK https://example.com/rugby-report",158,349,en,England;TeamOfUs,RuckReportUK,https://example.com/rugby-report,1867,Dublin,False,Negative
900000000000001748,Wed Feb 18 07:23:33 +0000 2026,propforce2011_649,"Best England performance in years, that co-ordinated attack ripped France apart 🏆 #France #SixNations",126,334,en,France;SixNations,,,3663,Belfast,False,Positive
900000000000001749,Fri Mar 06 20:50:52 +0000 2026,scrumtime_uk_942,"RT @PitchsideNews: Predicting a tight one between Scotland and England, could go either way tbh #Scotland #SixNations",64,136,en,Scotland;SixNations,,,2466,Nice,True,Neutral
900000000000001750,Sun Mar 08 06:15:14 +0000 2026,conversion__uk_618,Ticket prices for the England vs Scotland fixture at Principality Stadium released today. #England #TeamOfUs #SixNations,83,85,en,England;TeamOfUs;SixNations,,,8552,Limerick,False,Neutral
900000000000001751,Mon Mar 02 10:05:10 +0000 2026,sidestep2000_690,"Huge win for Wales at Stade de France, the crowd was absolutely electric 👏 #Ireland #rugby",398,580,en,Ireland;rugby,,,2861,Belfast,False,Positive
900000000000001752,Fri Feb 13 04:27:35 +0000 2026,kickoffking_uk_337,"Coach Sutherland has turned this Ireland team around completely, brilliant tactics against England 💪 #Ireland #RugbyUnion #ENGvFRA @MaulZoneFC https://example.com/rugby-report",373,426,en,Ireland;RugbyUnion;ENGvFRA,MaulZoneFC,https://example.com/rugby-report,412,Paris,False,Positive
900000000000001753,Thu Mar 05 23:38:49 +0000 2026,lineoutlegendofficial_157,"The England defence has been immense this championship, barely conceding a try 💪 #Scotland #SixNations #TeamOfUs #RugbyFamily @RugbyRoundupHQ",289,344,en,Scotland;SixNations;TeamOfUs;RugbyFamily,RugbyRoundupHQ,,1862,Newcastle,False,Positive
900000000000001754,Mon Mar 09 22:51:52 +0000 2026,propforce_uk_632,"Absolutely gutted for Wales, that defence completely fell fell apart against Scotland today 😩 unreal #Scotland #rugby @OvalBallDaily",158,253,en,Scotland;rugby,OvalBallDaily,,1870,Dublin,False,Negative
900000000000001755,Tue Mar 03 23:14:19 +0000 2026,grandslamgal1997_711,Kickoff between England and France at Stadio Olimpico in 30 minutes. https://example.org/match-highlights,70,35,en,,,https://example.org/match-highlights,9047,Glasgow,False,Neutral
900000000000001756,Sun Mar 08 23:08:32 +0000 2026,conversion_84_429,Weather looks dry for the France vs Wales match at Twickenham today.,91,34,en,France,,,3288,Cork,False,Neutral
900000000000001757,Fri Feb 06 12:26:17 +0000 2026,grandslamgal_ie_874,"Best Scotland performance in years, that co-ordinated attack ripped England apart 🎉 #Scotland #SixNations #FRAvITA",53,371,en,Scotland;SixNations;FRAvITA,,,3794,Dublin,False,Positive
900000000000001758,Tue Mar 03 01:00:58 +0000 2026,offload___973,"That performance from Scotland was class from start to finish, 5 points and never looked back 👏",224,524,en,Scotland;England;SixNations;rugby,,,5361,,False,Positive
900000000000001759,Fri Mar 13 06:14:06 +0000 2026,the_terrace1996_90,My prediction: Wales 6 - 41 England. Should be a cracking match,91,178,en,,,,2465,Milan,False,Neutral
900000000000001760,Wed Mar 11 17:27:26 +0000 2026,propforce2018_25,"Coach Lemoine has turned this Italy team around completely, brilliant tactics against Wales 👏 #Wales #SixNations #rugby",441,473,en,Wales;SixNations;rugby,,,1088,Swansea,False,Positive
900000000000001761,Thu Mar 12 14:41:31 +0000 2026,rugbyfan1990_163,England confirm ticket sales for Italy clash open this Friday. #England #Championship,118,175,en,England;Championship,,,6853,Glasgow,False,Neutral
900000000000001762,Sat Mar 14 05:55:30 +0000 2026,kickoffking826_137,Ticket prices for the Scotland vs England fixture fixture at Aviva Stadium released today. buzzing @RugbyRoundupHQ,32,97,en,Scotland;England;rugby;MatchDay;SixNations2026,RugbyRoundupHQ,,38,Nice,False,Neutral
900000000000001763,Tue Mar 10 21:57:04 +0000 2026,mauling_it_6,"Absolutely gutted for Italy, that defence completely fell apart against Scotland today 😩 not gonna lie #Italy #TeamOfUs #rugby #SCOvIRE",79,343,en,Italy;TeamOfUs;rugby;SCOvIRE,,,2605,Milan,False,Negative
900000000000001764,Tue Feb 10 09:14:23 +0000 2026,fullback_fan1995_689,"The Wales defence has been immense this championship, barely conceding a try 🙌 shocking tbh #Wales #Ireland #rugby",269,589,en,Wales;Ireland;rugby,,,18059,Toulouse,False,Positive
900000000000001765,Fri Mar 06 13:09:54 +0000 2026,fullback_fan2000_215,My prediction: Ireland 28 - 9 France. Should be a cracking match #Ireland #France,37,172,en,Ireland;France,,,7638,Cardiff,False,Neutral
900000000000001766,Sat Feb 21 11:30:36 +0000 2026,propforceofficial_194,"I reckon Scotland edge this by a converted try over England, defence will be key https://example.com/stats/tries",2,358,en,Scotland;rugby;PitchsideView,,https://example.com/stats/tries,3487,,False,Neutral
900000000000001767,Wed Feb 11 08:42:35 +0000 2026,match_watcher_187,"Wales defence today: come on in, the door's open lol 👏 so gutted #SixNations",399,50,en,SixNations,,,11446,Glasgow,False,Positive
900000000000001768,Wed Feb 25 08:25:14 +0000 2026,lineoutlegend2015_20,"Ireland 1 - 0 doubters. What a win against England, championship dream still alive 🎉",199,255,en,Ireland;SixNations,,,10289,Bristol,False,Positive
900000000000001769,Sat Mar 14 09:04:52 +0000 2026,sidestep_fr_472,Genuine question: is Coach Lemoine the right person to lead England into the final? #England #rugby #SixNations,42,35,en,England;rugby;SixNations,,,7251,Toulouse,False,Neutral
900000000000001770,Tue Feb 24 03:40:35 +0000 2026,wingwizard__188,Team news: Coach Sutherland makes three changes for Scotland ahead of the France match. #France #ITAvWAL,92,72,en,France;ITAvWAL,,,1260,Cardiff,False,Neutral
900000000000001771,Sat Feb 28 10:23:20 +0000 2026,fullback_fan1992_524,"Full time: France 21 - 13 Ireland. Rough night for France, defence was shocking 💔 #France https://sixnations.example.net/live",164,229,en,France,,https://sixnations.example.net/live,1911,Edinburgh,False,Negative
900000000000001772,Thu Feb 12 02:09:26 +0000 2026,mauling_it1988_282,Ticket prices for the England vs Ireland fixture at Twickenham released today. #Ireland #SixNations @MaulZoneFC,140,84,it,Ireland;SixNations,MaulZoneFC,,4132,,False,Neutral
900000000000001773,Sun Mar 01 05:20:23 +0000 2026,scrumtime_ie_462,"Coach Sutherland needs to explain this England performance, nowhere near good enough vs Italy 😢 #England https://example.net/highlights-reel",89,70,en,England,PitchsideNews,https://example.net/highlights-reel,1933,London,False,Negative
900000000000001774,Fri Feb 20 18:30:38 +0000 2026,rugbyfan_ie_650,RT @PitchsideNews: Fitzgerald starts at fly-half for England this weekend against Ireland. buzzing #Ireland #rugby #SCOvIRE,283,225,en,Ireland;rugby;SCOvIRE,,,278,Edinburgh,True,Neutral
900000000000001775,Wed Feb 25 07:07:02 +0000 2026,mauling_it_fr_823,Official: kickoff time confirmed for Ireland vs France at Twickenham. #Ireland #RugbyUnion,18,119,en,Ireland;RugbyUnion,,,5128,London,False,Neutral
900000000000001776,Sun Mar 08 23:58:14 +0000 2026,propforce__177,RT @SixNationsChat: Reminder: Ireland take on England this weekend in round five of the championship. #Ireland #SixNations #rugby @TryLineTalk,116,416,en,Ireland;SixNations;rugby,TryLineTalk,,7544,Limerick,True,Neutral
900000000000001777,Mon Mar 09 23:09:00 +0000 2026,lineoutlegend_fr_608,Genuine question: is Coach Sutherland the right person to lead Ireland into the final? #Ireland #Wales #rugby https://example.org/match-highlights,91,40,en,Ireland;Wales;rugby,,https://example.org/match-highlights,4808,Milan,False,Neutral
900000000000001778,Tue Feb 10 18:53:03 +0000 2026,grandslamgal_97,O'Connor starts at fly-half for England this weekend against Italy.,146,136,en,England;SixNations;WALvSCO,MaulZoneFC,,7175,Rome,False,Neutral
900000000000001779,Sun Feb 08 09:01:12 +0000 2026,lineoutlegend349_543,My prediction: Wales 36 - 9 France. Should be a cracking match #Rugby,76,41,en,Rugby,ScrumCastPod,,5196,Swansea,False,Neutral
900000000000001780,Wed Feb 11 11:29:46 +0000 2026,lineoutlegend__588,"That performance from Italy was class class from start to finish, 14 points and never looked back 😍 #Italy #SixNations #IREvENG #PitchsideView",320,211,en,Italy;SixNations;IREvENG;PitchsideView,,,458,Edinburgh,False,Positive
900000000000001781,Wed Mar 11 18:39:51 +0000 2026,grandslamgal2014_438,"I RECKON ENGLAND EDGE THIS BY A CONVERTED TRY OVER WALES, DEFENCE WILL BE KEY class #England #ENGvFRA",72,10,fr,England;ENGvFRA,,,1259,Paris,False,Neutral
900000000000001782,Thu Feb 26 16:53:29 +0000 2026,offload_915_100,"So proud of this Italy team, that final try in the last minute was everything 🎉 #Wales #rugby",199,450,en,Wales;rugby,,,6754,Limerick,False,Positive
900000000000001783,Mon Mar 09 14:31:33 +0000 2026,conversion___744,"Can't believe England let that lead slip against France, so much for the championship dream 🙄 #Championship #IREvENG",33,21,en,Championship;IREvENG,,,1199,Cork,False,Negative
900000000000001784,Sat Mar 07 06:39:59 +0000 2026,touchline_talk_fr_724,"That performance from Ireland was class from start to finish, 3 points and never looked back 🏆",111,546,en,Ireland;MatchDay,,,2068,Rome,False,Positive
900000000000001785,Sun Mar 01 15:55:21 +0000 2026,kickoffking_ie_154,"So disappointed watching Wales today, Ireland deserved that win comfortably 🙄",69,371,en,ITAvWAL,,,1002,Milan,False,Positive
900000000000001786,Mon Feb 09 12:26:35 +0000 2026,rucknroll82_615,Me pretending pretending I understand the offside rule while watching Italy vs Wales 🎉 #Italy #Wales #MatchDay #SCOvIRE,247,205,en,Italy;Wales;MatchDay;SCOvIRE,,,2939,Manchester,False,Positive
900000000000001787,Thu Feb 26 13:42:21 +0000 2026,kickoffking1995_738,"Congratulations to Ireland on a brilliant win over France, the defence was rock solid all match 🎉 #Ireland #France https://example.org/match-highlights",491,173,en,Ireland;France,,https://example.org/match-highlights,7911,Milan,False,Positive
900000000000001788,Wed Feb 18 04:21:22 +0000 2026,offload_1984_304,Me pretending I understand the offside rule while watching Ireland vs Scotland 😍 #Ireland #Rugby #SixNations,315,378,en,Ireland;Rugby;SixNations,,,5360,Limerick,False,Positive
900000000000001789,Sun Feb 15 22:12:11 +0000 2026,rugbyfanofficial_804,RT @TryLineTalk: What's the team news for Wales vs England this weekend? Anyone seen the lineup? #Wales #TeamOfUs #SixNations,114,64,en,Wales;TeamOfUs;SixNations,,,1074,London,True,Neutral
900000000000001790,Mon Mar 09 13:02:40 +0000 2026,propforce_uk_947,Reminder: England take on Wales this weekend in round five of the championship. #England #Rugby #IREvFRA @TryLineTalk,58,162,en,England;Rugby;IREvFRA,TryLineTalk,,7909,Newcastle,False,Neutral
900000000000001791,Tue Mar 03 18:24:52 +0000 2026,match_watcher_892,"I RECKON IRELAND EDGE THIS BY A CONVERTED TRY OVER ENGLAND, DEFENCE WILL BE KEY absolute unit #Championship #TeamOfUs https://sixnations.example.net/live",203,185,en,Championship;TeamOfUs,,https://sixnations.example.net/live,2776,Paris,False,Positive
900000000000001792,Mon Feb 23 06:35:34 +0000 2026,conversion__26,Marsh running faster from the ref than from Italy's defence 🔥 #Rugby @RuckReportUK,137,372,en,Rugby,RuckReportUK,,7804,Rome,False,Positive
900000000000001793,Fri Feb 13 20:32:59 +0000 2026,sidestep_613,Marsh with a MASSIVE try in the corner!! Scotland fans are buzzing right now 🏉 #Scotland #SixNations @RugbyRoundupHQ,76,498,en,Scotland;SixNations,RugbyRoundupHQ,,2502,Glasgow,False,Positive
900000000000001794,Sat Feb 14 08:56:38 +0000 2026,match_watcherofficial_262,RT @SixNationsChat: Team news: Coach Delaney makes three changes for Italy ahead of the Wales match. #Italy #Wales #MatchDay #WALvSCO,126,305,en,Italy;Wales;MatchDay;WALvSCO,,,4399,Manchester,True,Neutral
900000000000001795,Wed Mar 04 13:23:00 +0000 2026,kickoffking_341,RT @RugbyRoundupHQ: Half time score: France 29 - 25 Wales. Tight game so far. #France #Rugby,153,254,en,France;Rugby,,,1227,Newcastle,True,Neutral
900000000000001796,Fri Feb 13 23:55:07 +0000 2026,trylinehero577_695,Official: kickoff time confirmed for Wales vs Scotland at Twickenham.,0,105,en,,,,3377,Bristol,False,Positive
900000000000001797,Wed Mar 11 11:57:34 +0000 2026,sidestep_fr_369,"RT @TryLineTalk: Predicting a tight one between France and Ireland, could go either way tbh so gutted",192,131,en,Ireland,,,4387,Limerick,True,Neutral
900000000000001798,Sun Mar 08 15:24:19 +0000 2026,scrumtime527_11,My prediction: Ireland 31 - 12 England. Should be a cracking match #Ireland #MatchDay #Championship,17,61,en,Ireland;MatchDay;Championship,RuckReportUK,,3054,Bristol,False,Neutral
900000000000001799,Fri Feb 27 23:48:14 +0000 2026,wingwizard_664,England announce squad for upcoming Wales fixture at Stade de France. #England #Wales #SixNations2026 @MaulZoneFC,22,30,en,England;Wales;SixNations2026,MaulZoneFC,,3089,,False,Neutral
900000000000001800,Wed Mar 11 07:28:08 +0000 2026,match_watcher973_32,"Absolute unit of a performance from the Wales pack today, dominating the breakdown 🔥 #RugbyUnion https://sixnations.example.net/live",464,929,und,RugbyUnion,,https://sixnations.example.net/live,5315,Milan,False,Positive
900000000000001801,Sat Feb 14 00:10:35 +0000 2026,scrumtimeofficial_20,"RT @SixNationsChat: Absolute unit of a performance from the France pack today, dominating the breakdown 🎉 shocking tbh #France #Scotland #MatchDay",235,742,en,France;Scotland;MatchDay,,,3413,Toulouse,True,Positive
900000000000001802,Fri Feb 27 00:01:41 +0000 2026,kickoffking_ie_688,Pundits are split on whether Wales or France will control possession today. #ENGvFRA,28,105,en,ENGvFRA,,,2244,Dublin,False,Neutral
900000000000001803,Sat Feb 21 12:45:49 +0000 2026,grandslamgal_421,"RT @TryLineTalk: Wales fans after that missed kick: it's it's fine, everything's fine 💪 #Wales #IREvENG",98,608,en,Wales;IREvENG,,,5389,Newcastle,True,Positive
900000000000001804,Sat Feb 07 00:56:01 +0000 2026,propforce_fr_899,"What a game!! Ireland absolutely dominated England tonight, that attack was unreal 🎉 #England #SixNations https://example.org/match-highlights",223,183,en,England;SixNations,,https://example.org/match-highlights,6075,,False,Positive
900000000000001805,Mon Feb 16 02:45:50 +0000 2026,fullback_fan_417,"I reckon Ireland edge this by a converted try over Wales, defence will be key #TeamOfUs https://rugbynews.example.org/recap",74,72,en,TeamOfUs,,https://rugbynews.example.org/recap,2361,,False,Neutral
900000000000001806,Wed Feb 18 00:15:05 +0000 2026,flyhalf__fr_204,Referee for England vs Italy confirmed as part of the officiating panel this round. buzzing #Italy #rugby #IREvENG,89,20,en,Italy;rugby;IREvENG,RugbyRoundupHQ,,62,Milan,False,Neutral
900000000000001807,Sun Feb 08 21:32:50 +0000 2026,ovalball_3,Genuine question: is Coach Kavanagh the right person to lead Ireland into the final?,192,357,en,,,,803,Belfast,False,Positive
900000000000001808,Sun Feb 22 02:17:38 +0000 2026,conversion__658,Me pretending I understand the offside rule while watching France vs Ireland 😍 @ScrumCastPod,405,528,en,Ireland;MatchDay;IREvFRA,ScrumCastPod,,1519,Limerick,False,Positive
900000000000001809,Wed Mar 11 11:57:47 +0000 2026,penaltykicker__200,Kickoff between Ireland and England at Stadio Olimpico in 30 minutes. #Ireland #rugby #MatchDay #FinalWhistle,79,251,en,Ireland;rugby;MatchDay;FinalWhistle,,,3439,Dublin,False,Neutral
900000000000001810,Wed Mar 04 09:41:48 +0000 2026,grandslamgal__175,Official: kickoff time confirmed for England vs Wales at Stadio Olimpico.,34,161,en,SixNations;rugby,,,4955,Cardiff,False,Neutral
900000000000001811,Fri Mar 06 06:25:35 +0000 2026,propforce_uk_660,"IRELAND LOST THE PLOT IN THE SECOND HALF, ENGLAND PUNISHED EVERY SINGLE ERROR 💔 unreal #SixNations",82,62,en,SixNations,,,693,Milan,False,Negative
900000000000001812,Thu Mar 12 16:57:47 +0000 2026,mauling_it_799,"RT @PitchsideNews: Not the Wales performance we needed, way too many mistakes in attack 🙄 buzzing #Wales #Ireland",16,114,en,Wales;Ireland,SixNationsChat,,3829,London,True,Negative
900000000000001813,Wed Feb 18 09:12:44 +0000 2026,conversion__171,"RT @PitchsideNews: Hard to see past Ireland winning this one, France defence has been shaky #France #Ireland",67,356,en,France;Ireland,,,16521,Newcastle,True,Neutral
900000000000001814,Sat Feb 14 10:17:43 +0000 2026,match_watcher2003_881,"Watching Ireland vs England with my nan, she knows more more about rugby than the pundits 👏 @PitchsideNews",444,756,en,Ireland;England;rugby,PitchsideNews,,6146,Rome,False,Positive
900000000000001815,Wed Mar 11 12:20:10 +0000 2026,offload_official_648,RT @SixNationsChat: Weather looks dry for the Wales vs Italy match at Murrayfield today. #Wales #Italy @RuckReportUK,246,398,en,Wales;Italy,RuckReportUK,,5362,Swansea,True,Neutral
900000000000001816,Sat Feb 21 18:29:41 +0000 2026,offload__45,"RT @SixNationsChat: Congratulations to Italy on a brilliant win over France, the defence was rock solid all match 😍 #France #CrunchTime @ScrumCastPod",319,169,en,France;CrunchTime,ScrumCastPod,,3664,,True,Positive
900000000000001817,Wed Feb 18 19:10:02 +0000 2026,the_terrace_ie_207,"England 1 - 0 doubters. What a win against Scotland, championship dream still alive 🔥 #rugby @SixNationsChat https://example.com/stats/tries",166,336,en,rugby,SixNationsChat,https://example.com/stats/tries,2007,,False,Positive
900000000000001818,Tue Feb 10 02:39:43 +0000 2026,penaltykicker_fr_961,"The Italy defence has been immense this championship, barely conceding a try 👏 #Italy #SixNations #rugby #ENGvFRA",249,656,en,Italy;SixNations;rugby;ENGvFRA,,,6040,Milan,False,Positive
900000000000001819,Sat Feb 21 14:52:08 +0000 2026,wingwizardofficial_428,"Coach Lemoine has turned turned this Scotland team around completely, brilliant tactics against Ireland 😍 #Scotland #Ireland #rugby #RugbyFamily",323,637,en,Scotland;Ireland;rugby;RugbyFamily,,,856,Edinburgh,False,Positive
900000000000001820,Mon Mar 02 16:05:29 +0000 2026,rucknroll1990_41,Official: kickoff time confirmed for France vs Wales Wales at Aviva Stadium. #France #Wales #SixNations,63,139,en,France;Wales;SixNations,,,5755,Newcastle,False,Neutral
900000000000001821,Wed Feb 18 00:15:23 +0000 2026,penaltykicker_ie_546,"Devastating result for Ireland fans, that final try from Wales in the last minute hurt 😡 #Ireland #MatchDay #SixNations #WALvSCO https://sixnations.example.net/live",42,412,und,Ireland;MatchDay;SixNations;WALvSCO,,https://sixnations.example.net/live,1258,Swansea,False,Negative
900000000000001822,Mon Feb 09 14:17:37 +0000 2026,conversion_377_862,"Huge win for Italy at Twickenham, Twickenham, the crowd was absolutely electric 🙌 #France #rugby #SixNations",289,184,en,France;rugby;SixNations,,,2657,Edinburgh,False,Positive
900000000000001823,Sun Feb 08 08:40:03 +0000 2026,the_terrace_57,Report: Coach Kavanagh set to extend contract with France after strong championship run. #France #SixNations #ITAvWAL,7,225,en,France;SixNations;ITAvWAL,,,12690,Paris,False,Negative
900000000000001824,Fri Feb 20 23:30:08 +0000 2026,kickoffking_166,"RT @TryLineTalk: What a game!! Scotland absolutely dominated Ireland tonight, that attack was unreal 🏉 https://example.com/stats/tries",355,430,en,RugbyUnion,,https://example.com/stats/tries,6120,Nice,True,Positive
900000000000001825,Thu Mar 12 01:38:24 +0000 2026,touchline_talk__865,What's the team news for Wales vs Ireland Ireland this weekend? Anyone seen the lineup? so gutted #Wales #rugby,166,68,en,Wales;rugby,,,705,Bristol,False,Neutral
900000000000001826,Thu Mar 05 06:44:45 +0000 2026,offload_1995_771,"RT @SixNationsChat: What a game!! France absolutely dominated Ireland tonight, that attack was unreal 👏 #Ireland #SixNations",130,225,en,Ireland;SixNations,TryLineTalk,,11875,Cork,True,Positive
900000000000001827,Sun Feb 22 23:00:47 +0000 2026,fullback_fan_350,Weather looks dry for the England vs Wales match at Aviva Stadium today. #SixNations,262,2,en,SixNations,,,9991,Cardiff,False,Neutral
900000000000001828,Tue Mar 10 08:48:13 +0000 2026,penaltykicker__943,"France attack has gone missing this championship, no ideas at all against Ireland 😢 buzzing #SixNations #SCOvIRE",105,203,en,SixNations;SCOvIRE,,,17186,Bristol,False,Negative
900000000000001829,Wed Mar 11 10:50:39 +0000 2026,trylinehero2010_76,"Huge win for Wales at Twickenham, the crowd was absolutely electric 🔥 https://example.com/rugby-report",281,432,fr,Wales;Rugby,,https://example.com/rugby-report,12467,Swansea,False,Positive
900000000000001830,Fri Mar 13 00:07:22 +0000 2026,grandslamgal_fr_667,"RT @TryLineTalk: Predicting a tight one between Wales and France, could go either way tbh #ENGvFRA",97,153,en,ENGvFRA,,,2789,Cardiff,True,Neutral
900000000000001831,Fri Feb 20 14:40:54 +0000 2026,offload___105,"Full time: Ireland 30 - 36 Wales. Rough night for Ireland, defence was shocking 🙄 #Ireland #rugby #Championship",32,409,it,Ireland;rugby;Championship,,,6727,Toulouse,False,Negative
900000000000001832,Fri Mar 06 10:24:25 +0000 2026,grandslamgal624_40,"Coach Delaney needs to explain this Ireland performance, nowhere near good enough vs Wales 😩",204,323,en,Wales;SixNations,,,4355,Dublin,False,Negative
900000000000001833,Sun Mar 01 01:43:36 +0000 2026,grandslamgal_347,Ferreira with a MASSIVE try in the corner!! Ireland fans are buzzing right now 👏 #Ireland #SixNations https://example.org/match-highlights,121,356,en,Ireland;SixNations,,https://example.org/match-highlights,3388,,False,Positive
900000000000001834,Tue Feb 10 02:01:56 +0000 2026,propforce_uk_691,Kowalski with a MASSIVE try in the corner!! England fans are buzzing right now 💪 #England #Ireland #ENGvFRA @SixNationsChat,266,618,en,England;Ireland;ENGvFRA,SixNationsChat,,10048,Swansea,False,Positive
900000000000001835,Thu Mar 12 10:59:40 +0000 2026,offload_official_234,Gallagher with a MASSIVE try in the corner!! France fans are buzzing right now 👏 #France #SixNations #GrandSlamWatch,247,602,en,France;SixNations;GrandSlamWatch,,,6096,Cardiff,False,Negative
900000000000001836,Mon Mar 02 13:43:36 +0000 2026,the_terrace_ie_624,RT @SixNationsChat: Ticket prices for the France vs Wales fixture at Principality Stadium released today. #France #FinalWhistle,39,195,en,France;FinalWhistle,,,8052,London,True,Neutral
900000000000001837,Sat Feb 07 11:55:58 +0000 2026,wingwizard_uk_782,Full time stats: France had 21 points from set pieces against Ireland. (live),25,330,it,SCOvIRE,,,9164,Edinburgh,False,Neutral
900000000000001838,Sat Mar 07 20:27:53 +0000 2026,grandslamgal_134,Dubois with a MASSIVE MASSIVE try in the corner!! Scotland fans are buzzing right now 🏉 #Scotland #Rugby #rugby @SixNationsChat https://rugbynews.example.org/recap,164,180,en,Scotland;Rugby;rugby,SixNationsChat,https://rugbynews.example.org/recap,13627,Paris,False,Positive
900000000000001839,Thu Feb 26 05:13:21 +0000 2026,the_terrace__412,"That performance from England was class from start to finish, 12 points and never looked back 🏉 absolute unit #Scotland #Rugby",487,386,en,Scotland;Rugby,,,8581,Paris,False,Positive
900000000000001840,Fri Feb 27 14:28:16 +0000 2026,rucknroll_173,Ticket prices for the England vs France fixture at Murrayfield released today. buzzing #ITAvWAL @TryLineTalk,131,149,en,ITAvWAL,TryLineTalk,,13239,,False,Neutral
900000000000001841,Wed Mar 04 18:11:52 +0000 2026,trylinehero_ie_216,RT @TryLineTalk: WHITMORE STARTS AT FLY-HALF FOR ENGLAND THIS WEEKEND AGAINST WALES. #England #rugby #MatchDay @RuckReportUK,86,413,en,England;rugby;MatchDay,RuckReportUK,,2703,Milan,True,Neutral
900000000000001842,Fri Feb 13 11:24:28 +0000 2026,kickoffking2006_906,"What a game!! Scotland absolutely dominated France tonight, that attack was unreal 🙌 #SixNations #rugby",278,641,en,SixNations;rugby,TryLineTalk,,1525,Nice,False,Positive
900000000000001843,Sat Mar 14 05:38:52 +0000 2026,penaltykicker_330,Is it just me or has Italy attack been really flat this championship? #Italy #France #rugby #FRAvITA,104,267,en,Italy;France;rugby;FRAvITA,,,5423,Bristol,False,Neutral
900000000000001844,Sun Mar 01 11:52:51 +0000 2026,ovalball__480,Italy announce squad for upcoming France fixture at Stadio Olimpico.,228,206,en,France;SixNations,,,646,Toulouse,False,Neutral
900000000000001845,Sun Feb 15 06:12:50 +0000 2026,mauling_it_507,"Coach Bianchi needs to explain this Wales performance, nowhere near good enough vs Scotland 😡 #Wales #Scotland #SixNations #WALvSCO @RugbyRoundupHQ https://sixnations.example.net/live",34,405,en,Wales;Scotland;SixNations;WALvSCO,RugbyRoundupHQ,https://sixnations.example.net/live,2230,Paris,False,Negative
900000000000001846,Sun Feb 22 15:52:20 +0000 2026,rucknroll_500,"Absolute unit of a performance from the Wales pack today, dominating the breakdown 🎉 #rugby",318,494,fr,rugby,,,4375,Dublin,False,Positive
900000000000001847,Sun Feb 08 05:59:17 +0000 2026,mauling_it_357,Why does Wales keep giving away penalties in their own half against Scotland?? shocking tbh #Wales,212,267,en,Wales,,,1170,Paris,False,Neutral
900000000000001848,Fri Feb 06 18:18:10 +0000 2026,rugbyfanofficial_115,"RT @PitchsideNews: That performance from England was class from start to finish, 5 points and never looked back 💪 #England #RugbyUnion #ITAvWAL",271,101,en,England;RugbyUnion;ITAvWAL,,,737,,True,Positive
900000000000001849,Mon Feb 16 01:43:18 +0000 2026,scrumtimeofficial_719,"Hard to see past France winning this one, England defence has been shaky #England #France #rugby https://example.net/highlights-reel",156,546,en,England;France;rugby,,https://example.net/highlights-reel,3438,Nice,False,Neutral
900000000000001850,Tue Mar 10 01:28:42 +0000 2026,rucknroll1984_843,"Coach Bianchi has turned this Ireland team around completely, brilliant tactics against England 🏆",167,306,en,rugby;IREvENG,RuckReportUK,,5574,Newcastle,False,Positive
900000000000001851,Mon Feb 09 00:31:27 +0000 2026,match_watcher_731,Reminder: France take on Ireland this weekend in round five of the championship.,63,132,en,France,,,11825,Glasgow,False,Neutral
900000000000001852,Tue Feb 10 20:43:27 +0000 2026,scrumtime_706,Whitmore with a MASSIVE try in the the corner!! England fans are buzzing right now 💪 #Wales #SixNations #WALvSCO #SixNations2026,250,715,it,Wales;SixNations;WALvSCO;SixNations2026,,,11538,Paris,False,Positive
900000000000001853,Mon Feb 16 13:08:09 +0000 2026,flyhalf__ie_876,"Predicting a tight one between France and Ireland, could go either way tbh @RuckReportUK",24,67,en,France;SixNations,RuckReportUK,,2388,,False,Neutral
900000000000001854,Sat Feb 14 08:10:17 +0000 2026,scrumtime__199,Novak with a MASSIVE try in the corner!! Wales fans are buzzing right now 👏 #Wales #SixNations #FRAvITA https://rugbynews.example.org/recap,231,493,en,Wales;SixNations;FRAvITA,,https://rugbynews.example.org/recap,1680,,False,Positive
900000000000001855,Sat Mar 07 06:19:46 +0000 2026,rugbyfan_ie_779,Weather looks dry for the Ireland vs Scotland match at Stade de France today. #Scotland #WALvSCO,278,47,en,Scotland;WALvSCO,,,132,Swansea,False,Neutral
900000000000001856,Fri Feb 27 22:52:48 +0000 2026,kickoffking_ie_698,"England 1 - 0 doubters. What a win against France, championship dream still alive 🙌 #England #SixNations #ENGvFRA",177,561,en,England;SixNations;ENGvFRA,,,9451,Rome,False,Negative
900000000000001857,Tue Mar 10 12:15:37 +0000 2026,lineoutlegend_283,Wales announce squad for upcoming Ireland fixture at at Principality Stadium. so gutted #Wales #Rugby,13,157,en,Wales;Rugby,,,15840,Edinburgh,False,Neutral
900000000000001858,Tue Mar 10 18:50:56 +0000 2026,touchline_talk__828,"CONGRATULATIONS TO ITALY ON A BRILLIANT WIN OVER IRELAND, THE DEFENCE WAS ROCK SOLID ALL MATCH 😍 #Italy #Ireland #SixNations #Championship @ScrumCastPod",391,403,en,Italy;Ireland;SixNations;Championship,ScrumCastPod,,8038,Edinburgh,False,Negative
900000000000001859,Wed Feb 18 20:23:33 +0000 2026,rucknroll_fr_570,"Full time: Ireland 6 - 14 Wales. What a match, Ireland deserved every point 😍 class act",539,422,en,Ireland;Wales;MatchDay,,,52,Swansea,False,Positive
900000000000001860,Mon Mar 02 04:50:22 +0000 2026,kickoffking_fr_55,"That performance from England was class from start to finish, 14 points and never looked back 😍 #rugby #SixNations",219,322,it,rugby;SixNations,,,2963,Edinburgh,False,Positive
900000000000001861,Tue Mar 03 00:23:18 +0000 2026,wingwizard_uk_198,Why does France keep giving away penalties in their own half against Wales?? #MatchDay #FRAvITA,123,32,en,MatchDay;FRAvITA,,,4893,Manchester,False,Neutral
900000000000001862,Mon Feb 09 11:50:43 +0000 2026,scrumtime1993_522,"Absolute unit of a performance from the Ireland pack today, dominating the breakdown 💪 #Ireland #England #SixNations",99,828,en,Ireland;England;SixNations,,,11548,,False,Positive
900000000000001863,Tue Mar 10 14:11:45 +0000 2026,match_watcher2014_938,RT @SixNationsChat: Team news: Coach Delaney makes three changes for Wales Wales ahead of the Ireland match. #Wales #Rugby #ENGvWAL @OvalBallDaily @ScrumCastPod,80,233,en,Wales;Rugby;ENGvWAL,OvalBallDaily;ScrumCastPod,,8955,,True,Neutral
900000000000001864,Mon Feb 09 23:14:31 +0000 2026,the_terrace1992_714,"Full time: Ireland 30 - 6 England. Rough night for Ireland, defence was shocking 😩 #SixNations #FinalWhistle",25,45,en,SixNations;FinalWhistle,,,7874,,False,Negative
900000000000001865,Thu Feb 12 16:34:01 +0000 2026,fullback_fan_uk_750,Gallagher running faster from the ref than from England's defence 🏉 #France #England #Rugby #SixNations,502,202,en,France;England;Rugby;SixNations,,,5502,Rome,False,Positive
900000000000001866,Sat Feb 14 19:31:29 +0000 2026,rucknroll_uk_717,"RT @SixNationsChat: Coach Harrington has turned this England team around completely, brilliant tactics against Scotland 🎉 https://example.com/stats/tries",191,409,en,,OvalBallDaily,https://example.com/stats/tries,59258,Edinburgh,True,Positive
900000000000001867,Sat Feb 14 21:13:33 +0000 2026,flyhalf_1998_262,"Coach Bianchi needs to explain this Scotland performance, nowhere near good enough vs Ireland 😩 class #rugby",162,586,en,rugby,,,3282,Dublin,False,Negative
900000000000001868,Tue Mar 03 16:30:14 +0000 2026,touchline_talk_92,"Huge win for Ireland at Murrayfield, the crowd was absolutely electric 🎉 #Ireland #Wales #SixNations",188,571,en,Ireland;Wales;SixNations,,,2820,Cork,False,Positive
900000000000001869,Sat Mar 07 14:55:35 +0000 2026,match_watcher_ie_35,"Full time: Wales 11 - 35 Italy. Rough night for Wales, defence was shocking 😢",42,22,en,,,,11409,Manchester,False,Negative
900000000000001870,Sat Feb 28 01:41:55 +0000 2026,flyhalf_220_57,"So disappointed watching France today, Ireland deserved that win comfortably 😢 #France #SixNations",10,367,en,France;SixNations,,,12260,,False,Negative
900000000000001871,Mon Mar 09 19:57:21 +0000 2026,lineoutlegend_125,My prediction: Italy 23 - 12 England. Should be a cracking match #Italy #rugby @RuckReportUK,149,124,en,Italy;rugby,RuckReportUK,,4933,,False,Neutral
900000000000001872,Thu Feb 26 13:58:07 +0000 2026,fullback_fan_ie_656,BREAKING: Novak ruled out for Scotland with injury ahead of Wales match. #Scotland,70,82,en,Scotland,,,1033,Limerick,False,Neutral
900000000000001873,Mon Mar 09 09:48:48 +0000 2026,the_terrace_582,"If Ireland sort out their lineout, they beat England comfortably this weekend #Ireland #FRAvITA",178,52,en,Ireland;FRAvITA,,,4459,Swansea,False,Neutral
900000000000001874,Fri Feb 13 11:50:36 +0000 2026,ovalball__572,"Full time: Italy 32 - 9 Scotland. Rough night for Italy, defence was shocking 😢 #Italy #Scotland #SixNations #ENGvFRA",21,347,en,Italy;Scotland;SixNations;ENGvFRA,,,3695,Rome,False,Negative
900000000000001875,Fri Mar 06 07:49:11 +0000 2026,conversion_1986_722,"Best France performance in years, that co-ordinated attack ripped Ireland apart 👏 #France #RugbyUnion #SCOvIRE",383,287,en,France;RugbyUnion;SCOvIRE,,,9487,Toulouse,False,Positive
900000000000001876,Tue Feb 24 08:29:36 +0000 2026,lineoutlegend_uk_42,"The Italy defence has been immense this championship, barely conceding a try 🙌 #Ireland #Rugby @OvalBallDaily",44,490,en,Ireland;Rugby,OvalBallDaily,,1457,Glasgow,False,Positive
900000000000001877,Fri Feb 20 15:57:41 +0000 2026,ovalball_uk_266,Dubois with a MASSIVE try in the corner!! Wales fans are buzzing right now 🏆 #Wales #England #SixNations #Rugby,189,236,en,Wales;England;SixNations;Rugby,,,8956,Rome,False,Positive
900000000000001878,Mon Feb 16 22:49:54 +0000 2026,penaltykicker2006_773,Genuine question: is Coach Harrington the right person to lead France into the final? shocking tbh,177,74,en,France;SixNations,,,3435,Nice,False,Neutral
900000000000001879,Mon Feb 23 19:55:38 +0000 2026,penaltykicker1995_213,"RT @SixNationsChat: Ireland lost the plot in the second half, Scotland punished every single error 😩 #Ireland #Rugby",178,60,en,Ireland;Rugby,,,3141,,True,Neutral
900000000000001880,Sat Feb 14 08:22:49 +0000 2026,touchline_talk_16,Byrne running faster from the ref than from Ireland's defence 💪 https://example.net/highlights-reel,298,339,en,,,https://example.net/highlights-reel,9477,Cork,False,Positive
900000000000001881,Tue Mar 03 16:17:23 +0000 2026,penaltykicker__539,"Predicting a tight one between England and Scotland, could go either way tbh unreal @PitchsideNews",71,106,en,England,PitchsideNews,,1202,London,False,Neutral
900000000000001882,Thu Mar 12 13:22:42 +0000 2026,lineoutlegend_uk_801,"RT @SixNationsChat: If England sort out their lineout, they beat Wales comfortably this weekend #England #Wales #SixNations #FinalWhistle",99,47,en,England;Wales;SixNations;FinalWhistle,,,6060,Edinburgh,True,Neutral
900000000000001883,Mon Feb 16 07:09:29 +0000 2026,sidestep_ie_114,BREAKING: Duffy ruled out for Wales with injury ahead of France match.,132,14,en,Wales;SixNations;IREvENG,,,3249,Manchester,False,Neutral
900000000000001884,Sat Mar 14 11:28:49 +0000 2026,wingwizard116_40,"Coach Sutherland needs to explain this Wales performance, nowhere near good enough vs England 😤 #Wales #Championship #IREvFRA #RugbyFamily https://example.org/match-highlights",324,295,en,Wales;Championship;IREvFRA;RugbyFamily,,https://example.org/match-highlights,6756,Rome,False,Negative
900000000000001885,Fri Mar 13 13:43:19 +0000 2026,sidestep_320,"Full time: Ireland 23 - 29 Scotland. What a match, Ireland deserved every point 💪 #Scotland #SixNations #WALvSCO",234,578,en,Scotland;SixNations;WALvSCO,,,4529,Milan,False,Positive
900000000000001886,Sat Feb 28 13:33:12 +0000 2026,offload_official_752,"What a game!! Scotland absolutely dominated Wales tonight, that attack was unreal 💪 #Scotland #SixNations",191,331,en,Scotland;SixNations,,,26,Edinburgh,False,Positive
900000000000001887,Wed Feb 18 10:28:16 +0000 2026,touchline_talk_154,RT @TryLineTalk: Half time score: Wales 7 - 19 England. Tight game so far. #Wales #SixNations #rugby,56,169,en,Wales;SixNations;rugby,,,5315,Manchester,True,Neutral
900000000000001888,Thu Mar 05 11:04:29 +0000 2026,propforce_995,Ticket prices for the Ireland vs France fixture at Aviva Stadium released today. #Ireland #rugby #SixNations,54,127,en,Ireland;rugby;SixNations,,,2350,London,False,Neutral
900000000000001889,Sun Feb 15 09:41:15 +0000 2026,offload_official_962,"RT @RugbyRoundupHQ: England attack has gone missing this championship, no ideas at all against Ireland 🙄 #England #Ireland #rugby #Championship #RugbyFamily",57,247,en,England;Ireland;rugby;Championship;RugbyFamily,,,2062,Swansea,True,Negative
900000000000001890,Thu Feb 26 20:23:11 +0000 2026,touchline_talk_uk_174,"So disappointed watching England today, Italy deserved that win comfortably 😤 #England #IREvFRA @RugbyRoundupHQ",143,35,en,England;IREvFRA,RugbyRoundupHQ,,708,Glasgow,False,Negative
900000000000001891,Tue Feb 24 01:00:33 +0000 2026,wingwizard__107,"Huge win for England at Aviva Stadium, the crowd was absolutely electric 🔥 @TryLineTalk",240,98,en,England;MatchDay,TryLineTalk,,2,Cork,False,Positive
900000000000001892,Fri Mar 06 03:12:03 +0000 2026,rucknrollofficial_406,"RT @PitchsideNews: Not the Italy performance we needed, way too many mistakes in attack 😢 #Italy #ENGvFRA",62,246,en,Italy;ENGvFRA,,,5135,Edinburgh,True,Negative
900000000000001893,Sun Feb 15 22:55:43 +0000 2026,kickoffking_137,Ferreira starts at fly-half for Italy this weekend against England. #rugby https://sixnations.example.net/live,62,25,en,rugby,,https://sixnations.example.net/live,3476,Cardiff,False,Neutral
900000000000001894,Thu Feb 26 05:48:48 +0000 2026,fullback_fan_354,"So disappointed watching England today, Ireland deserved that win comfortably 😡 #ITAvWAL",157,34,en,ITAvWAL,,,8290,Belfast,False,Negative
900000000000001895,Fri Feb 13 20:17:04 +0000 2026,match_watcher__943,Ticket prices for the France vs Scotland fixture at Stade de France released today. #Rugby,58,25,en,Rugby,,,917,Dublin,False,Neutral
900000000000001896,Sat Feb 14 07:28:48 +0000 2026,scrumtime__385,"Best England performance in years, that co-ordinated attack ripped Italy apart 🔥 absolute unit",433,124,en,England;MatchDay,,,3778,Rome,False,Positive
900000000000001897,Sat Feb 21 13:36:49 +0000 2026,fullback_fan_168,Weather looks dry for the Italy vs France match at Principality Stadium today. #Rugby @RuckReportUK,109,184,en,Rugby,RuckReportUK,,10332,Belfast,False,Neutral
900000000000001898,Fri Feb 13 07:02:39 +0000 2026,grandslamgal__224,Full time stats: Ireland had 5 points from set pieces against France. #Ireland #MatchDay,56,20,en,Ireland;MatchDay,,,10840,Newcastle,False,Neutral
900000000000001899,Mon Mar 02 10:03:07 +0000 2026,scrumtime_ie_977,RT @SixNationsChat: Report: Coach Sutherland set to extend contract with with England after strong championship run. https://example.org/match-highlights,16,238,en,England;France;rugby,,https://example.org/match-highlights,6702,Milan,True,Neutral
900000000000001900,Sat Feb 14 21:08:22 +0000 2026,fullback_fanofficial_1,"Devastating result for Ireland fans, that final try from England in the last minute hurt 🙄 #England #SixNations #ENGvFRA #CrunchTime",207,293,en,England;SixNations;ENGvFRA;CrunchTime,,,6099,Glasgow,False,Negative
900000000000001901,Sat Feb 14 10:19:57 +0000 2026,wingwizard_ie_796,"Can't believe Ireland let that lead slip against Wales, so much for the championship dream 😩 #Wales",159,177,it,Wales,,,3373,Toulouse,False,Negative
900000000000001902,Mon Mar 02 00:58:46 +0000 2026,ovalball_uk_468,Me pretending I understand the offside rule while watching Ireland vs Wales 🎉 #Ireland @OvalBallDaily,324,257,en,Ireland,OvalBallDaily,,3888,,False,Positive
900000000000001903,Sat Feb 21 13:07:08 +0000 2026,trylinehero2015_639,Official: kickoff time confirmed for Ireland vs England at Principality Stadium. shocking tbh #Ireland #Rugby @TryLineTalk,7,154,en,Ireland;Rugby,TryLineTalk,,822,Bristol,False,Neutral
900000000000001904,Sat Feb 14 15:11:45 +0000 2026,rugbyfan__976,"RT @TryLineTalk: The Ireland defence has been immense this championship, barely conceding a try 🎉 buzzing #rugby @RuckReportUK",301,564,en,rugby,RuckReportUK,,5965,Rome,True,Positive
900000000000001905,Tue Feb 17 05:46:14 +0000 2026,rugbyfan_882,Is it just me or has Wales attack been really flat this championship? #Wales #rugby,39,22,en,Wales;rugby,,,902,,False,Neutral
900000000000001906,Sun Mar 08 00:02:20 +0000 2026,conversion__49,Ireland announce squad for upcoming France fixture at at Murrayfield. #rugby #Championship #ENGvFRA,16,44,en,rugby;Championship;ENGvFRA,,,81683,Nice,False,Neutral
900000000000001907,Fri Feb 20 06:54:06 +0000 2026,offload__fr_336,"Not the Ireland performance we needed, way too many mistakes in attack 😡 #Ireland #Wales #Championship #rugby #ENGvFRA",155,6,en,Ireland;Wales;Championship;rugby;ENGvFRA,,,6206,Nice,False,Negative
900000000000001908,Sun Feb 22 03:35:34 +0000 2026,penaltykicker__449,RT @PitchsideNews: Why does England keep giving away penalties in their own half against Wales?? #England #rugby #TeamOfUs #ITAvWAL,85,67,en,England;rugby;TeamOfUs;ITAvWAL,,,44872,Bristol,True,Positive
900000000000001909,Tue Feb 24 23:17:22 +0000 2026,match_watcher_fr_814,Ticket prices for the Italy vs Ireland fixture at Stade de France released today. #Italy,21,303,en,Italy,,,3638,Milan,False,Neutral
900000000000001910,Sun Mar 01 22:31:17 +0000 2026,mauling_it_ie_960,"That performance from France was class from start to finish, 12 points and never never looked back 🔥 #MatchDay",269,420,en,MatchDay,,,1088,Dublin,False,Positive
900000000000001911,Mon Feb 09 02:56:09 +0000 2026,the_terrace2004_599,"RT @SixNationsChat: That performance from Ireland was class from start to finish, 5 points and never looked back 🙌 #Ireland #Italy #TeamOfUs",450,200,en,Ireland;Italy;TeamOfUs,,,1808,Milan,True,Positive
900000000000001912,Fri Feb 27 12:33:05 +0000 2026,flyhalf_674_765,"England 1 - 0 doubters. What a win against Ireland, championship dream still alive 😍 big mood #Ireland #Championship #RugbyUnion",269,655,en,Ireland;Championship;RugbyUnion,,,1733,Leeds,False,Positive
900000000000001913,Wed Feb 11 17:35:44 +0000 2026,penaltykicker629_353,My prediction: France 29 - 29 Ireland. Should be a cracking match #France #Ireland #rugby,100,44,en,France;Ireland;rugby,,,6881,Swansea,False,Neutral
900000000000001914,Tue Mar 10 23:09:13 +0000 2026,trylinehero_fr_143,"RT @PitchsideNews: Coach Bianchi has turned this France team around completely, brilliant tactics against Ireland 💪 #Ireland #TeamOfUs #SCOvIRE https://example.com/stats/tries",277,374,fr,Ireland;TeamOfUs;SCOvIRE,,https://example.com/stats/tries,1224,Toulouse,True,Positive
900000000000001915,Sat Mar 14 10:33:49 +0000 2026,penaltykicker2017_362,"Ireland 1 - 0 doubters. What a win against France, championship dream still alive 🔥 #Ireland #SixNations",268,42,en,Ireland;SixNations,,,4336,Cork,False,Positive
900000000000001916,Wed Mar 04 03:59:39 +0000 2026,trylinehero_67,"RT @TryLineTalk: So proud of this Ireland team, that final try in the last minute was everything 🎉 #Ireland #Wales #Rugby",293,494,en,Ireland;Wales;Rugby,,,2677,Dublin,True,Positive
900000000000001917,Mon Mar 02 03:55:45 +0000 2026,flyhalf__uk_73,Weather looks dry for the Wales vs England match at Twickenham today.,95,118,en,MatchDay,,,196,Limerick,False,Neutral
900000000000001918,Sat Feb 14 10:29:18 +0000 2026,mauling_it_941,"RT @PitchsideNews: France fans after that missed kick: it's fine, everything's fine 💪",129,350,en,,,,453,London,True,Positive
900000000000001919,Wed Feb 18 06:17:59 +0000 2026,fullback_fan943_906,"Absolute unit of a performance from the Ireland pack today, dominating the breakdown 🎉 #Ireland #England #rugby #RugbyUnion #ITAvWAL",80,281,en,Ireland;England;rugby;RugbyUnion;ITAvWAL,,,1619,Manchester,False,Positive
900000000000001920,Sun Feb 15 01:34:45 +0000 2026,sidestep248_770,"Full time: Wales 22 - 17 England. Rough night for Wales, defence was shocking 🙄",30,75,en,Wales;England;Rugby;rugby,,,9759,Cardiff,False,Negative
900000000000001921,Tue Mar 03 08:24:23 +0000 2026,the_terrace__749,"Full time: Scotland 17 - 35 France. What a match, Scotland deserved every point 🔥 #Scotland #SixNations",119,278,en,Scotland;SixNations,,,7072,Swansea,False,Positive
900000000000001922,Mon Mar 02 12:12:46 +0000 2026,trylinehero1988_644,RT @RugbyRoundupHQ: Pundits are split on whether Wales or Scotland will control possession today. #Wales #SixNations,125,314,en,Wales;SixNations,,,4790,Belfast,True,Neutral
900000000000001923,Wed Mar 04 20:37:17 +0000 2026,match_watcher_ie_921,Ticket prices for the England vs Wales fixture at Principality Stadium released today. #England #RugbyUnion,82,217,fr,England;RugbyUnion,,,5493,Rome,False,Neutral
900000000000001924,Wed Feb 25 23:28:32 +0000 2026,sidestep_785,"HARD TO SEE PAST IRELAND WINNING THIS ONE, ENGLAND DEFENCE HAS BEEN SHAKY #Ireland #MatchDay #WALvSCO @MaulZoneFC",208,39,en,Ireland;MatchDay;WALvSCO,MaulZoneFC,,13276,Leeds,False,Neutral
900000000000001925,Tue Feb 17 11:45:03 +0000 2026,kickoffking_243,RT @PitchsideNews: Full time stats: France had 12 points from set pieces against Scotland. #MatchDay #SCOvIRE,168,24,en,MatchDay;SCOvIRE,,,12774,Rome,True,Neutral
900000000000001926,Sat Feb 07 11:43:54 +0000 2026,propforce422_876,Team news: Coach Sutherland makes three changes for England ahead of the France match. proper mess #England #rugby #FRAvITA @SixNationsChat,65,24,en,England;rugby;FRAvITA,SixNationsChat,,3189,Belfast,False,Neutral
900000000000001927,Tue Feb 24 21:54:34 +0000 2026,conversion__805,Wales confirm ticket sales for France clash open this Friday. #Wales #France,200,114,en,Wales;France,,,1056,Toulouse,False,Neutral
900000000000001928,Wed Mar 11 18:36:01 +0000 2026,scrumtime_881,IRELAND ANNOUNCE SQUAD FOR UPCOMING ENGLAND FIXTURE AT PRINCIPALITY STADIUM. #Ireland #SixNations #ENGvFRA,163,113,en,Ireland;SixNations;ENGvFRA,,,5493,,False,Neutral
900000000000001929,Sat Feb 07 07:56:23 +0000 2026,penaltykickerofficial_64,"RT @SixNationsChat: Full time: Italy 22 - 6 England. What a match, Italy deserved every point 😍 #England #SixNations",259,443,en,England;SixNations,,,5880,Leeds,True,Positive
900000000000001930,Wed Feb 25 03:46:03 +0000 2026,kickoffkingofficial_567,"The Ireland defence has been immense this championship, barely conceding a try 🏉 absolute unit #Ireland #SixNations",335,609,en,Ireland;SixNations,,,4852,Bristol,False,Positive
900000000000001931,Sun Feb 15 08:14:31 +0000 2026,conversion_official_36,Pundits are split on whether Wales or France France will control possession today.,351,363,en,Wales;SixNations;IREvFRA,,,781,Milan,False,Neutral
900000000000001932,Sat Feb 21 11:59:53 +0000 2026,fullback_fan_uk_122,Is it just me or has France attack been really flat this championship? #France #ENGvFRA,11,110,en,France;ENGvFRA,,,2774,,False,Neutral
900000000000001933,Wed Feb 11 01:51:53 +0000 2026,conversion__ie_110,"RT @SixNationsChat: England defence today: come on in, the door's open lol 🎉 #England #SixNations #ITAvWAL",154,554,en,England;SixNations;ITAvWAL,,,76218,Limerick,True,Positive
900000000000001934,Fri Mar 06 02:58:30 +0000 2026,the_terrace296_763,Pundits are split on whether Ireland or England will control possession today. #Ireland #England #WALvSCO https://sixnations.example.net/live,96,166,en,Ireland;England;WALvSCO,,https://sixnations.example.net/live,1162,,False,Neutral
900000000000001935,Tue Mar 03 06:52:17 +0000 2026,sidestep2018_660,Full time stats: stats: Ireland had 17 points from set pieces against England. so gutted #England #rugby #IREvENG #RugbyFamily,193,156,en,England;rugby;IREvENG;RugbyFamily,,,11,Edinburgh,False,Neutral
900000000000001936,Sat Mar 14 09:30:05 +0000 2026,ovalball_703,"I reckon France edge this by a converted try over Ireland, defence will be key #rugby #RoundFive",60,274,en,rugby;RoundFive,,,4683,Glasgow,False,Neutral
900000000000001937,Sat Feb 07 11:26:46 +0000 2026,the_terrace2004_113,"Hard to see past Wales winning this one, France defence has been shaky https://rugbynews.example.org/recap",197,124,en,France;rugby,,https://rugbynews.example.org/recap,550,Cork,False,Neutral
900000000000001938,Fri Feb 27 12:25:49 +0000 2026,offload__535,Me pretending I understand the offside rule while watching Italy vs France 😍,249,335,en,,,,495,Nice,False,Positive
900000000000001939,Mon Feb 09 17:21:14 +0000 2026,touchline_talk_36,"Best Ireland performance in years, that co-ordinated attack ripped France apart 🙌 #MatchDay #SixNations",273,469,en,MatchDay;SixNations,,,2589,Toulouse,False,Positive
900000000000001940,Sat Feb 28 06:49:42 +0000 2026,scrumtime__7,"Hard to see past Ireland winning this one, Scotland defence has been shaky #Scotland",25,293,en,Scotland,,,10055,Nice,False,Neutral
900000000000001941,Sun Feb 15 06:44:59 +0000 2026,ovalball_uk_22,"Moretti missed another kick, Ireland really struggling for points tonight 💔 #Ireland #Rugby #rugby",120,102,und,Ireland;Rugby;rugby,,,4414,Glasgow,False,Negative
900000000000001942,Thu Mar 05 00:25:16 +0000 2026,touchline_talkofficial_358,"So disappointed watching England today, Ireland deserved that win win comfortably 🙄 #rugby",140,11,en,rugby,,,1191,Belfast,False,Negative
900000000000001943,Tue Mar 03 08:24:58 +0000 2026,mauling_it_uk_601,"Marsh missed another kick, England really struggling for points tonight 😤 #rugby",230,196,en,rugby,,,5102,London,False,Negative
900000000000001944,Mon Feb 23 04:34:00 +0000 2026,grandslamgal__413,RT @TryLineTalk: BREAKING: Ferreira ruled out for France with injury ahead of Wales match. https://rugbynews.example.org/recap,94,427,en,Wales;rugby;ITAvWAL,,https://rugbynews.example.org/recap,6167,Swansea,True,Neutral
900000000000001945,Fri Mar 13 14:00:20 +0000 2026,ovalball__954,"Predicting a tight one between England and France, could go either way tbh #France",132,284,en,France,,,3017,Manchester,False,Neutral
900000000000001946,Thu Feb 19 00:47:46 +0000 2026,grandslamgal1982_626,Official: kickoff time confirmed for Wales vs Scotland at Stade de France. #Wales #Scotland @OvalBallDaily,177,126,en,Wales;Scotland,OvalBallDaily,,13868,Rome,False,Neutral
900000000000001947,Fri Mar 13 22:49:40 +0000 2026,penaltykicker_uk_11,"Not the Scotland performance we needed, way too many mistakes in attack 😤",9,229,en,,,,5822,Paris,False,Negative
900000000000001948,Fri Mar 13 17:52:07 +0000 2026,kickoffking205_574,Ticket prices for the England vs France fixture at Stadio Olimpico released today. proper mess #England #SixNations #ENGvWAL,80,36,en,England;SixNations;ENGvWAL,,,2444,,False,Neutral
900000000000001949,Wed Feb 25 00:23:32 +0000 2026,trylinehero_ie_67,"Dubois missed another kick, Wales really struggling for points tonight 😤 #rugby #TeamOfUs",178,216,en,rugby;TeamOfUs,,,6502,Rome,False,Negative
900000000000001950,Fri Mar 13 05:32:15 +0000 2026,penaltykicker585_542,RT @RugbyRoundupHQ: Team news: Coach Sutherland makes three changes for France ahead of the England match. #France #England #SixNations #MatchDay,219,22,en,France;England;SixNations;MatchDay,,,9871,,True,Neutral
900000000000001951,Mon Mar 09 14:48:25 +0000 2026,touchline_talk_356,"RT @SixNationsChat: Coach Delaney needs to explain this Wales performance, nowhere near good enough vs Ireland 💔 #Wales #rugby",147,124,en,Wales;rugby,,,4176,Belfast,True,Negative
900000000000001952,Tue Mar 10 06:38:00 +0000 2026,penaltykicker_156,England confirm ticket sales for Ireland clash open this Friday. #SixNations,138,478,en,SixNations,,,4273,Belfast,False,Neutral
900000000000001953,Tue Mar 03 19:58:20 +0000 2026,kickoffkingofficial_559,"Absolute unit of a performance from the England pack today, dominating the breakdown 💪 shocking tbh #England",205,518,en,England,,,15220,Milan,False,Positive
900000000000001954,Thu Mar 12 05:19:47 +0000 2026,mauling_it_uk_197,"RT @SixNationsChat: So proud of this France team, that final try in the last minute was everything 🏆 #France",317,493,en,France,,,1168,Edinburgh,True,Positive
900000000000001955,Mon Feb 09 17:12:59 +0000 2026,conversion___279,Is it just me or has Ireland attack been really flat this championship? #Ireland #SixNations,7,351,en,Ireland;SixNations,,,1677,Nice,False,Neutral
900000000000001956,Tue Feb 17 05:10:31 +0000 2026,wingwizard_fr_276,My prediction: Ireland 9 - 40 England. Should be a cracking match,6,106,en,rugby,,,90,Toulouse,False,Neutral
900000000000001957,Sat Feb 14 12:08:59 +0000 2026,offload_691_620,"Hard to see past Scotland winning this one, Ireland defence has been shaky #Ireland #Rugby",49,15,en,Ireland;Rugby,,,1177,Dublin,False,Neutral
900000000000001958,Mon Feb 09 17:48:16 +0000 2026,conversion___312,Half time score: Italy 39 - 16 Wales. Tight game so far. #SixNations,396,62,en,SixNations,,,3301,Toulouse,False,Neutral
900000000000001959,Tue Feb 10 02:42:15 +0000 2026,sidestep1989_669,"If Wales sort out their lineout, they beat Italy comfortably this weekend #Italy #rugby #Rugby",7,15,en,Italy;rugby;Rugby,,,3406,Toulouse,False,Neutral
900000000000001960,Sun Feb 08 06:10:59 +0000 2026,flyhalf__uk_394,"What a game!! Italy absolutely dominated Ireland tonight, that attack was unreal 🔥 #Italy #SixNations https://example.org/match-highlights",108,417,en,Italy;SixNations,,https://example.org/match-highlights,1843,Paris,False,Positive
900000000000001961,Sat Feb 14 22:32:49 +0000 2026,flyhalf__ie_241,Referee for Wales vs Ireland confirmed as part of the officiating panel this round. #Ireland #Rugby,120,144,en,Ireland;Rugby,,,3963,Belfast,False,Neutral
900000000000001962,Mon Mar 02 20:06:28 +0000 2026,offload_708_783,OFFICIAL: KICKOFF TIME CONFIRMED FOR WALES VS IRELAND AT PRINCIPALITY STADIUM. #Wales #SixNations https://rugbynews.example.org/recap,252,230,en,Wales;SixNations,,https://rugbynews.example.org/recap,894,Cardiff,False,Neutral
900000000000001963,Thu Mar 12 10:40:21 +0000 2026,match_watcher_ie_366,"Full time: France 12 - 8 Wales. What a match, France deserved every point 🏆 https://example.org/match-highlights",265,261,en,France;rugby,,https://example.org/match-highlights,4583,Belfast,False,Positive
900000000000001964,Fri Feb 27 08:12:39 +0000 2026,rugbyfan_54,"RT @TryLineTalk: Full time: Italy 23 - 13 Wales. Rough night for Italy, defence was shocking 😩",0,122,en,SixNations,,,935,Milan,True,Negative
900000000000001965,Thu Mar 05 18:34:51 +0000 2026,match_watcher__391,"If Ireland sort out their lineout, they beat Wales comfortably this weekend",45,221,en,Ireland;RugbyUnion;PitchsideView,,,1061,Milan,False,Negative
900000000000001966,Mon Mar 09 21:54:04 +0000 2026,propforce_ie_23,"Coach Kavanagh needs to explain this Ireland performance, nowhere near good enough vs Wales 😡 #Ireland #SixNations #rugby https://sixnations.example.net/live",32,93,en,Ireland;SixNations;rugby,,https://sixnations.example.net/live,1863,Glasgow,False,Negative
900000000000001967,Thu Mar 12 08:24:53 +0000 2026,touchline_talk__139,"Devastating result for Wales fans, that final try from France in the last minute hurt 😡 shocking tbh #SixNations",161,379,en,SixNations,MaulZoneFC,,3863,Newcastle,False,Negative
900000000000001968,Sun Mar 01 01:33:27 +0000 2026,lineoutlegend2010_703,"Congratulations to France on a brilliant win over Scotland, the defence was rock solid all match 🔥",348,480,en,,,,3595,London,False,Positive
900000000000001969,Fri Feb 06 15:46:24 +0000 2026,touchline_talk_ie_108,"Scotland defence today: come on in, the door's open lol 🏆 #Scotland #MatchDay #SixNations #IREvENG",210,384,en,Scotland;MatchDay;SixNations;IREvENG,,,5308,Limerick,False,Positive
900000000000001970,Sun Feb 15 11:20:30 +0000 2026,trylinehero__514,"Predicting a tight one between England and France, could go either way tbh",30,119,en,SixNations;rugby,,,1682,,False,Neutral
900000000000001971,Mon Feb 23 19:13:38 +0000 2026,sidestep_fr_203,"Novak missed another kick, England really struggling for points tonight 💔 #Italy #SixNations #MatchDay",42,347,en,Italy;SixNations;MatchDay,,,151,Belfast,False,Negative
900000000000001972,Sun Mar 01 19:56:00 +0000 2026,match_watcher_fr_60,"Huge win for France at Stade de France, the crowd was absolutely electric 🎉",233,289,en,France;Wales,SixNationsChat,,6467,Cork,False,Positive
900000000000001973,Tue Mar 10 17:51:38 +0000 2026,trylinehero_fr_275,My prediction: Wales 9 - 11 Scotland. Should be a cracking match so gutted,11,18,en,,,,4957,Swansea,False,Neutral
900000000000001974,Tue Feb 10 16:52:48 +0000 2026,flyhalf__ie_933,"Coach Sutherland has turned this Ireland team around completely, brilliant tactics against England 🔥",251,430,en,Ireland;SixNations,,,99775,Paris,False,Positive
900000000000001975,Mon Feb 16 04:40:02 +0000 2026,offload_751_289,"So proud of this Ireland team, that final try in the last minute was everything 👏 #England #RugbyUnion #Rugby @RugbyRoundupHQ",290,608,en,England;RugbyUnion;Rugby,RugbyRoundupHQ,,10454,Cork,False,Positive
900000000000001976,Sun Feb 22 22:11:04 +0000 2026,rucknroll2013_472,"RT @RugbyRoundupHQ: Absolute unit of a performance from the Wales pack today, dominating the breakdown 🎉 #SixNations #SCOvIRE",198,218,en,SixNations;SCOvIRE,,,3452,Edinburgh,True,Positive
900000000000001977,Fri Mar 13 12:34:04 +0000 2026,ovalball_fr_21,Half time score: Ireland 21 - 28 Scotland. Tight game so far. #Scotland,51,479,en,Scotland,,,351,Edinburgh,False,Neutral
900000000000001978,Tue Mar 10 15:06:34 +0000 2026,match_watcher76_5,"RT @PitchsideNews: Wales fans after that missed kick: it's fine, everything's fine 🙌 #MatchDay",225,807,en,MatchDay,,,4204,Belfast,True,Positive
900000000000001979,Wed Mar 04 11:42:53 +0000 2026,scrumtime_fr_513,Reminder: Scotland take on France this weekend in round five of the championship. #Scotland #rugby #SixNations #ENGvWAL #CrunchTime,94,85,en,Scotland;rugby;SixNations;ENGvWAL;CrunchTime,,,4054,Bristol,False,Neutral
900000000000001980,Mon Feb 23 10:56:15 +0000 2026,fullback_fan_250,RT @TryLineTalk: Weather looks dry for the France vs England match at Aviva Stadium today. #France #rugby #ENGvFRA,130,332,en,France;rugby;ENGvFRA,,,6431,,True,Neutral
900000000000001981,Mon Feb 16 03:54:04 +0000 2026,the_terrace_uk_221,Official: kickoff time confirmed for Wales vs France at Stadio Olimpico. #Rugby,99,8,en,Rugby,,,1462,London,False,Positive
900000000000001982,Fri Feb 27 04:46:36 +0000 2026,scrumtime967_931,"RT @PitchsideNews: Can't believe Wales let that lead slip against Ireland, so much for the championship dream 😢 #Wales #Ireland",64,174,en,Wales;Ireland,,,6192,Rome,True,Negative
900000000000001983,Mon Feb 09 07:15:07 +0000 2026,scrumtime_ie_575,"Hard to to see past Wales winning this one, France defence has been shaky #Rugby @RugbyRoundupHQ https://example.com/stats/tries",34,20,en,Rugby,RugbyRoundupHQ,https://example.com/stats/tries,1065,Milan,False,Neutral
900000000000001984,Thu Mar 05 22:34:32 +0000 2026,fullback_fan_301,"RT @PitchsideNews: Hard to see past Scotland winning this one, Ireland defence has been shaky #rugby #ENGvFRA @PitchsideNews",182,113,en,rugby;ENGvFRA,PitchsideNews,,6083,Rome,True,Neutral
900000000000001985,Wed Feb 25 23:08:10 +0000 2026,propforce2018_571,"Devastating result for Ireland fans, that final try from Scotland in the last minute hurt 💔 #rugby",19,23,en,rugby,,,68564,Cardiff,False,Negative
900000000000001986,Mon Mar 09 21:32:28 +0000 2026,sidestep_50,"Can't believe Italy Italy let that lead slip against England, so much for the championship dream 😡",277,67,en,,,,7984,Nice,False,Negative
900000000000001987,Thu Mar 05 01:59:55 +0000 2026,scrumtime_fr_992,Ticket prices for the England vs Ireland fixture at Twickenham released today. #Ireland #TeamOfUs #SCOvIRE,300,22,en,Ireland;TeamOfUs;SCOvIRE,,,1376,Toulouse,False,Neutral
900000000000001988,Sun Feb 08 21:34:15 +0000 2026,match_watcher_ie_828,"Rossi missed another kick, England really struggling for points tonight 😢 #England #Wales #rugby #RoundFive https://example.com/rugby-report",2,78,und,England;Wales;rugby;RoundFive,,https://example.com/rugby-report,5010,Nice,False,Negative
900000000000001989,Mon Feb 23 23:34:41 +0000 2026,lineoutlegend_ie_948,"England 1 - 0 doubters. What a win against Wales, championship dream still alive 🙌 #England #SixNations https://example.net/highlights-reel",331,605,en,England;SixNations,,https://example.net/highlights-reel,11619,Belfast,False,Positive
900000000000001990,Wed Mar 04 04:28:31 +0000 2026,match_watcher1996_238,"That performance from France was class from start to finish, 3 points and never looked back 😍 #France",119,560,en,France,,,1952,Edinburgh,False,Positive
900000000000001991,Fri Mar 13 14:31:34 +0000 2026,scrumtime1985_368,"RT @RugbyRoundupHQ: I reckon Wales edge this by a converted converted try over France, defence will be key https://example.com/stats/tries",62,207,en,Wales;SixNations;rugby,,https://example.com/stats/tries,4586,Swansea,True,Neutral
900000000000001992,Sun Mar 08 23:14:55 +0000 2026,penaltykicker__974,WHY DOES IRELAND KEEP GIVING AWAY PENALTIES IN THEIR OWN HALF AGAINST SCOTLAND?? #Ireland,27,108,en,Ireland,,,4675,Nice,False,Neutral
900000000000001993,Sun Feb 22 02:28:05 +0000 2026,penaltykicker340_729,"Terrible decision decision from the referee there, cost Italy the match against Ireland honestly 😩 #Italy #Ireland #SixNations",5,245,en,Italy;Ireland;SixNations,,,536,Limerick,False,Negative
900000000000001994,Thu Feb 12 10:00:02 +0000 2026,kickoffking_uk_819,"England lost the plot in the second half, Scotland punished every single error 🙄",60,481,en,England;Scotland;rugby;IREvENG,,,3340,Milan,False,Negative
900000000000001995,Sat Feb 21 22:09:46 +0000 2026,kickoffking_uk_934,"Congratulations to France on a brilliant win over England, the defence was rock solid all match 🎉",452,314,en,,,,2351,Newcastle,False,Positive
900000000000001996,Wed Feb 25 23:45:53 +0000 2026,propforce__321,"Can't believe Ireland let that lead slip against Scotland, so much for the championship dream 😤 absolute unit #Scotland #rugby",31,70,it,Scotland;rugby,,,1007,Belfast,False,Negative
900000000000001997,Tue Mar 03 17:12:41 +0000 2026,penaltykicker390_643,"Terrible decision from the referee there, cost France the match against Scotland honestly 🙄 #France #Scotland",201,332,it,France;Scotland,,,15705,,False,Negative
900000000000001998,Fri Mar 13 08:28:53 +0000 2026,kickoffking_619,"RT @PitchsideNews: Terrible decision from the referee there, cost Ireland the match against Wales honestly 🙄 #Wales #SixNations #RugbyUnion",88,289,en,Wales;SixNations;RugbyUnion,,,65,Cardiff,True,Neutral
900000000000001999,Sun Mar 01 10:06:37 +0000 2026,offload__551,"The England defence has been immense this championship, barely conceding a try 🙌",44,542,en,England;Scotland;Rugby;IREvFRA,,,5295,,False,Positive
